Date_1	PL_1	Date_2	PL_2
23.05.2019	0	23.05.2019	0
24.05.2019	-55.5	24.05.2019	-9
27.05.2019	14	27.05.2019	6.5
28.05.2019	88	28.05.2019	1.5
29.05.2019	-81.5	29.05.2019	-132
30.05.2019	-6.5	30.05.2019	7
31.05.2019	-122.5	31.05.2019	-81.5
03.06.2019	-29	03.06.2019	-172
04.06.2019	82.5	04.06.2019	127.5
05.06.2019	56	05.06.2019	11
06.06.2019	192.5	06.06.2019	122
07.06.2019	122	07.06.2019	168
10.06.2019	-78	10.06.2019	-10.5
11.06.2019	33.5	11.06.2019	97
12.06.2019	-71.5	12.06.2019	-148.5
13.06.2019	146.5	13.06.2019	145.5
14.06.2019	-12	14.06.2019	-69.5
17.06.2019	83	17.06.2019	49.5
18.06.2019	158.5	18.06.2019	103.5
19.06.2019	-113.5	19.06.2019	-9.5
20.06.2019	81	20.06.2019	154
21.06.2019	-81	21.06.2019	45
24.06.2019	-49	24.06.2019	-62
25.06.2019	34	25.06.2019	-49.5
26.06.2019	102.5	26.06.2019	-98.5
27.06.2019	-16.5	27.06.2019	25.5
28.06.2019	38.5	28.06.2019	3
01.07.2019	24.5	01.07.2019	22.5
02.07.2019	74	02.07.2019	67
03.07.2019	-31	03.07.2019	69.5
04.07.2019	52	04.07.2019	46
05.07.2019	11.5	05.07.2019	53
08.07.2019	8	08.07.2019	13.5
09.07.2019	26.5	09.07.2019	124
10.07.2019	224.5	10.07.2019	52
11.07.2019	-6	11.07.2019	-61.5
12.07.2019	74.5	12.07.2019	31
15.07.2019	57	15.07.2019	48
16.07.2019	-75	16.07.2019	-57.5
17.07.2019	-21	17.07.2019	-51
18.07.2019	148.5	18.07.2019	-47.5
19.07.2019	-33	19.07.2019	8
22.07.2019	135	22.07.2019	125
23.07.2019	18.5	23.07.2019	83
24.07.2019	92	24.07.2019	79.5
25.07.2019	-47.5	25.07.2019	-1
26.07.2019	95	26.07.2019	84
29.07.2019	27	29.07.2019	-4
30.07.2019	-6.5	30.07.2019	34
31.07.2019	-78	31.07.2019	-68.5
01.08.2019	118.5	01.08.2019	162
02.08.2019	-275	02.08.2019	-185.5
05.08.2019	-128	05.08.2019	-206.5
06.08.2019	446	06.08.2019	464
07.08.2019	209.5	07.08.2019	-54.5
08.08.2019	262.5	08.08.2019	148
09.08.2019	113.5	09.08.2019	79.5
12.08.2019	-88	12.08.2019	-201.5
13.08.2019	122.5	13.08.2019	337
14.08.2019	-186	14.08.2019	-141.5
15.08.2019	97.5	15.08.2019	73
16.08.2019	32.5	16.08.2019	59.5
19.08.2019	73.5	19.08.2019	66.5
20.08.2019	-77.5	20.08.2019	-120.5
21.08.2019	26	21.08.2019	133
22.08.2019	22.5	22.08.2019	61
23.08.2019	-145	23.08.2019	-110.5
26.08.2019	48	26.08.2019	249.5
27.08.2019	95	27.08.2019	65
28.08.2019	-93	28.08.2019	-16
29.08.2019	139.5	29.08.2019	88.5
30.08.2019	36	30.08.2019	36
02.09.2019	90.5	02.09.2019	31
03.09.2019	57	03.09.2019	12.5
04.09.2019	102	04.09.2019	56
05.09.2019	125	05.09.2019	51
06.09.2019	-8.5	06.09.2019	-19
09.09.2019	13.5	09.09.2019	-71
10.09.2019	73.5	10.09.2019	86.5
11.09.2019	44	11.09.2019	85.5
12.09.2019	29.5	12.09.2019	-30
13.09.2019	-99.5	13.09.2019	-100
16.09.2019	110	16.09.2019	91
17.09.2019	34	17.09.2019	50.5
18.09.2019	-77.5	18.09.2019	58
19.09.2019	-7	19.09.2019	-38.5
20.09.2019	9	20.09.2019	-104.5
23.09.2019	-15.5	23.09.2019	-52.5
24.09.2019	-58	24.09.2019	-89.5
25.09.2019	54	25.09.2019	156.5
26.09.2019	43.5	26.09.2019	-69
27.09.2019	54	27.09.2019	119.5
30.09.2019	53	30.09.2019	-19.5
01.10.2019	48.5	01.10.2019	10.5
02.10.2019	-0.5	02.10.2019	-47.5
03.10.2019	100.5	03.10.2019	-5.5
04.10.2019	130.5	04.10.2019	91
07.10.2019	-40.5	07.10.2019	93
08.10.2019	-5	08.10.2019	-98.5
09.10.2019	96.5	09.10.2019	82
10.10.2019	156	10.10.2019	110
11.10.2019	24.5	11.10.2019	2
14.10.2019	-57.5	14.10.2019	11.5
15.10.2019	8	15.10.2019	88
16.10.2019	-27	16.10.2019	-45
17.10.2019	-36.5	17.10.2019	41.5
18.10.2019	-34.5	18.10.2019	-5
21.10.2019	26	21.10.2019	47.5
22.10.2019	8	22.10.2019	-115
23.10.2019	51	23.10.2019	3
24.10.2019	39	24.10.2019	38.5
25.10.2019	48.5	25.10.2019	159.5
28.10.2019	52	28.10.2019	33.5
29.10.2019	-121.5	29.10.2019	-91.5
30.10.2019	56.5	30.10.2019	27.5
31.10.2019	-80.5	31.10.2019	-24
01.11.2019	90	01.11.2019	40.5
04.11.2019	78	04.11.2019	35
05.11.2019	2.5	05.11.2019	2
06.11.2019	-20.5	06.11.2019	20.5
07.11.2019	-56	07.11.2019	4
08.11.2019	-2.5	08.11.2019	11.5
11.11.2019	23.5	11.11.2019	4.5
12.11.2019	-34.5	12.11.2019	-3.5
13.11.2019	-21.5	13.11.2019	48
14.11.2019	-36.5	14.11.2019	-58
15.11.2019	33	15.11.2019	67.5
18.11.2019	123.5	18.11.2019	68.5
19.11.2019	49	19.11.2019	47.5
20.11.2019	-27.5	20.11.2019	4.5
21.11.2019	42	21.11.2019	86
22.11.2019	38.5	22.11.2019	38
25.11.2019	28	25.11.2019	95
26.11.2019	-13	26.11.2019	-57.5
27.11.2019	-1.5	27.11.2019	11.5
28.11.2019	29	28.11.2019	32.5
29.11.2019	-5	29.11.2019	-90.5
02.12.2019	52	02.12.2019	67.5
03.12.2019	-25.5	03.12.2019	24.5
04.12.2019	97.5	04.12.2019	81
05.12.2019	-7.5	05.12.2019	-78.5
06.12.2019	80	06.12.2019	17
09.12.2019	47.5	09.12.2019	-41.5
10.12.2019	7	10.12.2019	-16
11.12.2019	36.5	11.12.2019	46.5
12.12.2019	-2.5	12.12.2019	162
13.12.2019	-45.5	13.12.2019	15
16.12.2019	-20.5	16.12.2019	69.5
17.12.2019	-3.5	17.12.2019	17
18.12.2019	-10.5	18.12.2019	3.5
19.12.2019	13	19.12.2019	41
20.12.2019	3	20.12.2019	42.5
23.12.2019	-2.5	23.12.2019	5.5
24.12.2019	-2.5	24.12.2019	-7
26.12.2019	75.5	26.12.2019	86.5
27.12.2019	-8	27.12.2019	15.5
30.12.2019	37	30.12.2019	0.5
31.12.2019	48.5	31.12.2019	-19
02.01.2020	118.5	02.01.2020	80.5
03.01.2020	25.5	03.01.2020	-14
06.01.2020	125	06.01.2020	63.5
07.01.2020	-26.5	07.01.2020	-77.5
08.01.2020	240	08.01.2020	251.5
09.01.2020	51	09.01.2020	-22.5
10.01.2020	3	10.01.2020	68
13.01.2020	128	13.01.2020	77.5
14.01.2020	-69	14.01.2020	-130.5
15.01.2020	-63	15.01.2020	70.5
16.01.2020	19	16.01.2020	110.5
17.01.2020	-3.5	17.01.2020	11.5
20.01.2020	-26	20.01.2020	-12.5
21.01.2020	-31	21.01.2020	-54.5
22.01.2020	56.5	22.01.2020	40
23.01.2020	-17	23.01.2020	-62
24.01.2020	-36	24.01.2020	-76
27.01.2020	-75.5	27.01.2020	-188
28.01.2020	182.5	28.01.2020	103
29.01.2020	93	29.01.2020	65.5
30.01.2020	-103	30.01.2020	113.5
31.01.2020	-16.5	31.01.2020	-30
03.02.2020	179	03.02.2020	51.5
04.02.2020	85	04.02.2020	299.5
05.02.2020	88.5	05.02.2020	-61.5
06.02.2020	50.5	06.02.2020	90.5
07.02.2020	-51.5	07.02.2020	-9
10.02.2020	62.5	10.02.2020	11
11.02.2020	-78	11.02.2020	-135.5
12.02.2020	70	12.02.2020	14.5
13.02.2020	-39.5	13.02.2020	37
14.02.2020	-99	14.02.2020	-33.5
17.02.2020	28.5	18.02.2020	98
18.02.2020	94	19.02.2020	161
19.02.2020	13	20.02.2020	51
20.02.2020	83.5	21.02.2020	-94.5
21.02.2020	-161	24.02.2020	-314
24.02.2020	-310	25.02.2020	-93
25.02.2020	-155.5	26.02.2020	-94.5
26.02.2020	-7.5	27.02.2020	-423.5
27.02.2020	-667	28.02.2020	-706.5
28.02.2020	108.5	02.03.2020	484.5
02.03.2020	199.5	03.03.2020	-504.5
03.03.2020	-497.5	04.03.2020	309.5
04.03.2020	503	05.03.2020	-112
05.03.2020	-24.5	06.03.2020	-154
06.03.2020	-13.5	09.03.2020	-322
09.03.2020	-535	10.03.2020	987
10.03.2020	338.5	11.03.2020	-596
11.03.2020	-557.5	12.03.2020	-612.5
12.03.2020	-686.5	13.03.2020	1 048.50000
13.03.2020	-111.5	16.03.2020	460
16.03.2020	-153	17.03.2020	-14
17.03.2020	-185.5	18.03.2020	-466
18.03.2020	518	19.03.2020	-704
19.03.2020	-755.5	20.03.2020	-368.5
20.03.2020	398	23.03.2020	163
23.03.2020	714.5	24.03.2020	1 076.50000
24.03.2020	657.5	25.03.2020	-125.5
25.03.2020	25	26.03.2020	554
26.03.2020	-98	27.03.2020	-565
27.03.2020	-452	30.03.2020	568.5
30.03.2020	305	31.03.2020	214
31.03.2020	-126	01.04.2020	-292.5
01.04.2020	-383	02.04.2020	59.5
02.04.2020	40.5	03.04.2020	-93
03.04.2020	-20.5	06.04.2020	481.5
06.04.2020	205.5	07.04.2020	-31
07.04.2020	-27.5	08.04.2020	189.5
08.04.2020	31.5	09.04.2020	121.5
09.04.2020	72	13.04.2020	97
13.04.2020	249	14.04.2020	501.5
14.04.2020	310.5	15.04.2020	-227
15.04.2020	-236.5	16.04.2020	52.5
16.04.2020	-54.5	17.04.2020	-82
17.04.2020	-89.5	20.04.2020	-175.5
20.04.2020	-82	21.04.2020	-261
21.04.2020	-125	22.04.2020	46
22.04.2020	87.5	23.04.2020	-145.5
23.04.2020	-44.5	24.04.2020	217.5
24.04.2020	246.5	27.04.2020	-126.5
27.04.2020	16.5	28.04.2020	-156.5
28.04.2020	59	29.04.2020	262
29.04.2020	90.5	30.04.2020	-45.5
30.04.2020	-143.5	01.05.2020	72
01.05.2020	54.5	04.05.2020	155
04.05.2020	336.5	05.05.2020	196.5
05.05.2020	356	06.05.2020	-21
06.05.2020	-4.5	07.05.2020	103.5
07.05.2020	126	08.05.2020	183
08.05.2020	96	11.05.2020	158
11.05.2020	34	12.05.2020	-128
12.05.2020	1.5	13.05.2020	-54.5
13.05.2020	-99	14.05.2020	82
14.05.2020	203.5	15.05.2020	282
15.05.2020	413	18.05.2020	246
18.05.2020	91.5	19.05.2020	-169
19.05.2020	175.5	20.05.2020	263
20.05.2020	165.5	21.05.2020	-225
21.05.2020	-51.5	22.05.2020	91.5
22.05.2020	94.5	25.05.2020	149.5
25.05.2020	93	26.05.2020	-108
26.05.2020	-98.5	27.05.2020	279.5
27.05.2020	292.5	28.05.2020	138.5
28.05.2020	156.5	29.05.2020	301
29.05.2020	-158	01.06.2020	191.5
01.06.2020	209.5	02.06.2020	188.5
02.06.2020	296.5	03.06.2020	-101
03.06.2020	54	04.06.2020	-76
04.06.2020	-108.5	05.06.2020	174
05.06.2020	-18.5	08.06.2020	-5
08.06.2020	73	09.06.2020	76
09.06.2020	1.5	10.06.2020	-32
10.06.2020	114	11.06.2020	-406.5
11.06.2020	-368.5	12.06.2020	-78
12.06.2020	76.5	15.06.2020	436
15.06.2020	325.5	16.06.2020	236.5
16.06.2020	-66	17.06.2020	-129
17.06.2020	-77.5	18.06.2020	77.5
18.06.2020	-130.5	19.06.2020	114.5
19.06.2020	85	22.06.2020	170.5
22.06.2020	192.5	23.06.2020	269.5
23.06.2020	103	24.06.2020	-174
24.06.2020	-100	25.06.2020	-63
25.06.2020	-304.5	26.06.2020	-419.5
26.06.2020	-200.5	29.06.2020	86.5
29.06.2020	105	30.06.2020	3
30.06.2020	84	01.07.2020	109.5
01.07.2020	124	02.07.2020	-79.5
02.07.2020	123.5	03.07.2020	-101.5
03.07.2020	-18	06.07.2020	393
06.07.2020	210	07.07.2020	-152.5
07.07.2020	-3.5	08.07.2020	226.5
08.07.2020	141.5	09.07.2020	187.5
09.07.2020	170	10.07.2020	67
10.07.2020	139	13.07.2020	-24
13.07.2020	35.5	14.07.2020	-21.5
14.07.2020	52	15.07.2020	72.5
15.07.2020	-65.5	16.07.2020	-218.5
16.07.2020	-280	17.07.2020	247
17.07.2020	63.5	20.07.2020	398.5
20.07.2020	17.5	21.07.2020	149
21.07.2020	-31	22.07.2020	-108
22.07.2020	-56.5	23.07.2020	35.5
23.07.2020	-49.5	24.07.2020	30.5
24.07.2020	-148	27.07.2020	428.5
27.07.2020	378	28.07.2020	-194.5
28.07.2020	-166.5	29.07.2020	78.5
29.07.2020	74	30.07.2020	-165
30.07.2020	-207	31.07.2020	-7.5
31.07.2020	-28.5	03.08.2020	129.5
03.08.2020	210.5	04.08.2020	1
04.08.2020	25.5	05.08.2020	-61
05.08.2020	-165.5	06.08.2020	107
06.08.2020	273	07.08.2020	-114
07.08.2020	89	10.08.2020	98
10.08.2020	10	11.08.2020	-200.5
11.08.2020	-154	12.08.2020	242
12.08.2020	246	13.08.2020	41
13.08.2020	11.5	14.08.2020	-64.5
14.08.2020	-46	17.08.2020	63.5
17.08.2020	89	18.08.2020	52
18.08.2020	107.5	19.08.2020	-244
19.08.2020	-31	20.08.2020	277
20.08.2020	313.5	21.08.2020	130
21.08.2020	24.5	24.08.2020	99.5
24.08.2020	41.5	25.08.2020	132.5
25.08.2020	52	26.08.2020	184
26.08.2020	-121	27.08.2020	-324
27.08.2020	-104	28.08.2020	-35
28.08.2020	237.5	31.08.2020	306
31.08.2020	-109	01.09.2020	66
01.09.2020	133	02.09.2020	126
02.09.2020	159.5	03.09.2020	-149.5
03.09.2020	-294.5	04.09.2020	2
04.09.2020	671.5	07.09.2020	-160.5
07.09.2020	-19.5	08.09.2020	-533
08.09.2020	-472.5	09.09.2020	162
09.09.2020	423.5	10.09.2020	-227
10.09.2020	240.5	11.09.2020	-250.5
11.09.2020	-51	14.09.2020	268
14.09.2020	25	15.09.2020	-96
15.09.2020	142.5	16.09.2020	-135
16.09.2020	-232.5	17.09.2020	-91.5
17.09.2020	-55.5	18.09.2020	-85
18.09.2020	-70.5	21.09.2020	132.5
21.09.2020	-241	22.09.2020	107
22.09.2020	63.5	23.09.2020	-308
23.09.2020	-16	24.09.2020	439.5
24.09.2020	-91	25.09.2020	298.5
25.09.2020	-76.5	28.09.2020	23.5
28.09.2020	382.5	29.09.2020	-426.5
29.09.2020	-126.5	30.09.2020	223.5
30.09.2020	-211	01.10.2020	207
01.10.2020	-142.5	02.10.2020	-165.5
02.10.2020	-280.5	05.10.2020	199
05.10.2020	21.5	06.10.2020	-275
06.10.2020	-302	07.10.2020	371
07.10.2020	220.5	08.10.2020	-92.5
08.10.2020	13.5	09.10.2020	227
09.10.2020	190	12.10.2020	726
12.10.2020	78	13.10.2020	-32
13.10.2020	-63.5	14.10.2020	-223
14.10.2020	118.5	15.10.2020	188.5
15.10.2020	279.5	16.10.2020	-48
16.10.2020	-10.5	19.10.2020	-121.5
19.10.2020	-250.5	20.10.2020	-67.5
20.10.2020	-115.5	21.10.2020	75.5
21.10.2020	85	22.10.2020	-157
22.10.2020	103	23.10.2020	68
23.10.2020	39.5	26.10.2020	243.5
26.10.2020	291.5	27.10.2020	56
27.10.2020	83	28.10.2020	-397.5
28.10.2020	-257	29.10.2020	312.5
29.10.2020	255	30.10.2020	387
30.10.2020	-360	02.11.2020	31.5
02.11.2020	156	03.11.2020	66
03.11.2020	18.5	04.11.2020	273
04.11.2020	670.5	05.11.2020	199.5
05.11.2020	193.5	06.11.2020	393.5
06.11.2020	30	09.11.2020	-448
09.11.2020	-465.5	10.11.2020	21.5
10.11.2020	-175	11.11.2020	-6
11.11.2020	57.5	12.11.2020	-104
12.11.2020	75.5	13.11.2020	30
13.11.2020	169	16.11.2020	-132.5
16.11.2020	-294	17.11.2020	-66
17.11.2020	-151	18.11.2020	-78
18.11.2020	39	19.11.2020	106
19.11.2020	144.5	20.11.2020	20.5
20.11.2020	57.5	23.11.2020	146
23.11.2020	-42.5	24.11.2020	230.5
24.11.2020	70.5	25.11.2020	-79.5
25.11.2020	21	26.11.2020	-116
26.11.2020	-82	27.11.2020	222
27.11.2020	-34	30.11.2020	224
30.11.2020	257.5	01.12.2020	251
01.12.2020	71.5	02.12.2020	-88.5
02.12.2020	82.5	03.12.2020	-66.5
03.12.2020	58.5	04.12.2020	-57
04.12.2020	17.5	07.12.2020	155
07.12.2020	1.5	08.12.2020	161.5
08.12.2020	141.5	09.12.2020	-94.5
09.12.2020	-59	10.12.2020	-140.5
10.12.2020	-98	11.12.2020	61.5
11.12.2020	-75.5	14.12.2020	61.5
14.12.2020	122	15.12.2020	126
15.12.2020	134	16.12.2020	91
16.12.2020	119.5	17.12.2020	26.5
17.12.2020	40	18.12.2020	-108
18.12.2020	-17	21.12.2020	82.5
21.12.2020	196.5	22.12.2020	155
22.12.2020	-32	23.12.2020	56.5
23.12.2020	-22	24.12.2020	21.5
24.12.2020	16	28.12.2020	178.5
28.12.2020	118.5	29.12.2020	-17.5
29.12.2020	-187.5	30.12.2020	-70.5
30.12.2020	35.5	31.12.2020	-34.5
31.12.2020	-8.5	04.01.2021	67
04.01.2021	183.5	05.01.2021	145
05.01.2021	4	06.01.2021	-153.5
06.01.2021	-234	07.01.2021	333.5
07.01.2021	59	08.01.2021	-194
08.01.2021	-22.5	11.01.2021	-475.5
11.01.2021	-167.5	12.01.2021	-236
12.01.2021	-71.5	13.01.2021	132
13.01.2021	-24.5	14.01.2021	-19.5
14.01.2021	-75.5	15.01.2021	-42.5
15.01.2021	-111.5	18.01.2021	13
18.01.2021	6	19.01.2021	256
19.01.2021	100.5	20.01.2021	358.5
20.01.2021	113	21.01.2021	66
21.01.2021	163.5	22.01.2021	-144
22.01.2021	-155.5	25.01.2021	277
25.01.2021	167	26.01.2021	-0.5
26.01.2021	58	27.01.2021	-613
27.01.2021	-327	28.01.2021	497
28.01.2021	180	29.01.2021	-49
29.01.2021	-474	01.02.2021	565
01.02.2021	473	02.02.2021	162.5
02.02.2021	253.5	03.02.2021	178.5
03.02.2021	-19.5	04.02.2021	71
04.02.2021	49	05.02.2021	149.5
05.02.2021	215	08.02.2021	-38.5
08.02.2021	-152	09.02.2021	-81
09.02.2021	61.5	10.02.2021	192
10.02.2021	195	11.02.2021	112.5
11.02.2021	-71	12.02.2021	-111
12.02.2021	-42.5	15.02.2021	-32
15.02.2021	30.5	16.02.2021	-141.5
16.02.2021	-69	17.02.2021	-78
17.02.2021	-145	18.02.2021	4
18.02.2021	-153.5	19.02.2021	-53.5
19.02.2021	75.5	22.02.2021	-454.5
22.02.2021	-183.5	23.02.2021	141.5
23.02.2021	203	24.02.2021	174.5
24.02.2021	177.5	25.02.2021	-424.5
25.02.2021	-515	26.02.2021	-451
26.02.2021	-101.5	01.03.2021	253.5
01.03.2021	39.5	02.03.2021	-302
02.03.2021	-17.5	03.03.2021	-196.5
03.03.2021	-179	04.03.2021	455.5
04.03.2021	-441	05.03.2021	608
05.03.2021	842.5	08.03.2021	-891
08.03.2021	-451.5	09.03.2021	617.5
09.03.2021	365.5	10.03.2021	25
10.03.2021	120	11.03.2021	405
11.03.2021	86	12.03.2021	-97.5
12.03.2021	70	15.03.2021	-46
15.03.2021	121	16.03.2021	-202.5
16.03.2021	282	17.03.2021	149.5
17.03.2021	36	18.03.2021	-487.5
18.03.2021	-88.5	19.03.2021	-163
19.03.2021	6.5	22.03.2021	445
22.03.2021	189	23.03.2021	-165
23.03.2021	-184	24.03.2021	-321.5
24.03.2021	-276	25.03.2021	-213
25.03.2021	305.5	26.03.2021	132
26.03.2021	358	29.03.2021	110.5
29.03.2021	134	30.03.2021	-125
30.03.2021	-147	31.03.2021	216
31.03.2021	229	01.04.2021	167
01.04.2021	-28.5	02.04.2021	91
02.04.2021	99	05.04.2021	262
05.04.2021	-9.5	06.04.2021	-138.5
06.04.2021	-63.5	07.04.2021	84
07.04.2021	14	08.04.2021	142
08.04.2021	101	09.04.2021	170
09.04.2021	173.5	12.04.2021	-28.5
12.04.2021	19	13.04.2021	240
13.04.2021	295	14.04.2021	-235
14.04.2021	-12.5	15.04.2021	191
15.04.2021	35	16.04.2021	117
16.04.2021	45	19.04.2021	62.5
19.04.2021	-23.5	20.04.2021	-35.5
20.04.2021	-37.5	21.04.2021	139
21.04.2021	119.5	22.04.2021	-254
22.04.2021	-74.5	23.04.2021	100
23.04.2021	112.5	26.04.2021	-4.5
26.04.2021	68.5	27.04.2021	-117.5
27.04.2021	-106	28.04.2021	-169
28.04.2021	-143.5	29.04.2021	282.5
29.04.2021	160	30.04.2021	-341
30.04.2021	-112.5	03.05.2021	-29.5
03.05.2021	100.5	04.05.2021	113.5
04.05.2021	33	05.05.2021	-322.5
05.05.2021	-62	06.05.2021	412
06.05.2021	413	07.05.2021	134.5
07.05.2021	35.5	10.05.2021	-299
10.05.2021	-426	11.05.2021	328
11.05.2021	391.5	12.05.2021	-265.5
12.05.2021	-578.5	13.05.2021	-127
13.05.2021	55.5	14.05.2021	274.5
14.05.2021	124	17.05.2021	-66
17.05.2021	-327	18.05.2021	-147
18.05.2021	-68.5	19.05.2021	104
19.05.2021	-181.5	20.05.2021	479
20.05.2021	129.5	21.05.2021	-186
21.05.2021	-111.5	24.05.2021	279
24.05.2021	287.5	25.05.2021	-92.5
25.05.2021	-157.5	26.05.2021	74
26.05.2021	-139	27.05.2021	-181.5
27.05.2021	-105	28.05.2021	-47.5
28.05.2021	-13	31.05.2021	-151
31.05.2021	-68.5	01.06.2021	18.5
01.06.2021	35.5	02.06.2021	49
02.06.2021	58.5	03.06.2021	-131.5
03.06.2021	-228.5	04.06.2021	248
04.06.2021	18.5	07.06.2021	-20
07.06.2021	-71	08.06.2021	-74.5
08.06.2021	38.5	09.06.2021	-56.5
09.06.2021	-16.5	10.06.2021	177
10.06.2021	-80.5	11.06.2021	52
11.06.2021	77	14.06.2021	148
14.06.2021	191	15.06.2021	-210
15.06.2021	-142	16.06.2021	-151.5
16.06.2021	-101.5	17.06.2021	276
17.06.2021	281	18.06.2021	-236.5
18.06.2021	-203	21.06.2021	226.5
21.06.2021	149	22.06.2021	286.5
22.06.2021	68.5	23.06.2021	-2
23.06.2021	-93.5	24.06.2021	2
24.06.2021	41.5	25.06.2021	-41.5
25.06.2021	0	28.06.2021	207.5
28.06.2021	163.5	29.06.2021	90
29.06.2021	42	30.06.2021	-99.5
30.06.2021	-60	01.07.2021	-24
01.07.2021	141.5	02.07.2021	312.5
02.07.2021	245	05.07.2021	-48.5
05.07.2021	-50	06.07.2021	272.5
06.07.2021	204	07.07.2021	92.5
07.07.2021	131.5	08.07.2021	-133.5
08.07.2021	-104.5	09.07.2021	188.5
09.07.2021	54.5	12.07.2021	176
12.07.2021	60	13.07.2021	53
13.07.2021	-127	14.07.2021	48.5
14.07.2021	-135.5	15.07.2021	-332
15.07.2021	-0.5	16.07.2021	-121
16.07.2021	-71.5	19.07.2021	-217
19.07.2021	-216	20.07.2021	181
20.07.2021	-132	21.07.2021	101
21.07.2021	194	22.07.2021	104.5
22.07.2021	88.5	23.07.2021	93
23.07.2021	71	26.07.2021	15
26.07.2021	3	27.07.2021	196.5
27.07.2021	89.5	28.07.2021	150.5
28.07.2021	82	29.07.2021	50.5
29.07.2021	63.5	30.07.2021	180
30.07.2021	227.5	02.08.2021	-132
02.08.2021	-85.5	03.08.2021	11
03.08.2021	163	04.08.2021	38
04.08.2021	1.5	05.08.2021	51.5
05.08.2021	21	06.08.2021	-73
06.08.2021	-97	09.08.2021	121.5
09.08.2021	154.5	10.08.2021	-104
10.08.2021	-55	11.08.2021	112
11.08.2021	167.5	12.08.2021	103.5
12.08.2021	-58	13.08.2021	20.5
13.08.2021	-32	16.08.2021	115.5
16.08.2021	8	17.08.2021	-117.5
17.08.2021	7.5	18.08.2021	-116
18.08.2021	-15	19.08.2021	261.5
19.08.2021	-13	20.08.2021	167.5
20.08.2021	-27.5	23.08.2021	263.5
23.08.2021	91	24.08.2021	-39
24.08.2021	45.5	25.08.2021	2.5
25.08.2021	18.5	26.08.2021	-137
26.08.2021	-137.5	27.08.2021	98.5
27.08.2021	-55	30.08.2021	207
30.08.2021	264.5	31.08.2021	7
31.08.2021	-94	01.09.2021	59.5
01.09.2021	42.5	02.09.2021	-72
02.09.2021	52.5	03.09.2021	-30
03.09.2021	64	06.09.2021	41
06.09.2021	23	07.09.2021	-83
07.09.2021	16	08.09.2021	49.5
08.09.2021	53	09.09.2021	-91
09.09.2021	-100.5	10.09.2021	46.5
10.09.2021	-45.5	13.09.2021	-94
13.09.2021	145.5	14.09.2021	-71
14.09.2021	-108.5	15.09.2021	87.5
15.09.2021	120.5	16.09.2021	-37
16.09.2021	-44	17.09.2021	-76.5
17.09.2021	-140	20.09.2021	-195.5
20.09.2021	56	21.09.2021	-98.5
21.09.2021	3	22.09.2021	236
22.09.2021	137.5	23.09.2021	38.5
23.09.2021	116	24.09.2021	107
24.09.2021	12.5	27.09.2021	-8.5
27.09.2021	34.5	28.09.2021	-550.5
28.09.2021	-316.5	29.09.2021	-159
29.09.2021	141	30.09.2021	-32
30.09.2021	-283	01.10.2021	270
01.10.2021	303	04.10.2021	-114
04.10.2021	-35.5	05.10.2021	234
05.10.2021	160.5	06.10.2021	284
06.10.2021	82.5	07.10.2021	199.5
07.10.2021	175	08.10.2021	-113.5
08.10.2021	-124	11.10.2021	-300.5
11.10.2021	116.5	12.10.2021	14
12.10.2021	-73.5	13.10.2021	241.5
13.10.2021	167	14.10.2021	247.5
14.10.2021	159.5	15.10.2021	-86.5
15.10.2021	229	18.10.2021	209.5
18.10.2021	71	19.10.2021	188
19.10.2021	173	20.10.2021	-148
20.10.2021	-67.5	21.10.2021	264.5
21.10.2021	43	22.10.2021	-13.5
22.10.2021	40	25.10.2021	82.5
25.10.2021	74	26.10.2021	-13.5
26.10.2021	86	27.10.2021	-216.5
27.10.2021	-122.5	28.10.2021	100
28.10.2021	-15	29.10.2021	245.5
29.10.2021	289.5	01.11.2021	156.5
01.11.2021	12	02.11.2021	-60.5
02.11.2021	146.5	03.11.2021	201.5
03.11.2021	227	04.11.2021	160
04.11.2021	193	05.11.2021	-128
05.11.2021	40	08.11.2021	85.5
08.11.2021	47	09.11.2021	-115
09.11.2021	-160.5	10.11.2021	-338
10.11.2021	99.5	11.11.2021	-54
11.11.2021	89.5	12.11.2021	29.5
12.11.2021	120	15.11.2021	22.5
15.11.2021	42.5	16.11.2021	82.5
16.11.2021	155	17.11.2021	164.5
17.11.2021	154	18.11.2021	187
18.11.2021	25.5	19.11.2021	-78
19.11.2021	-109	22.11.2021	271.5
22.11.2021	223	23.11.2021	33.5
23.11.2021	-358	24.11.2021	-110.5
24.11.2021	-5.5	25.11.2021	69.5
25.11.2021	48	26.11.2021	-87
26.11.2021	-422.5	29.11.2021	603.5
29.11.2021	344.5	30.11.2021	190
30.11.2021	-15.5	01.12.2021	-42
01.12.2021	-15.5	02.12.2021	-662
02.12.2021	270	03.12.2021	-277
03.12.2021	-341.5	06.12.2021	292
06.12.2021	96	07.12.2021	472
07.12.2021	287.5	08.12.2021	40.5
08.12.2021	31.5	09.12.2021	-95.5
09.12.2021	-67.5	10.12.2021	164
10.12.2021	-127	13.12.2021	23
13.12.2021	99.5	14.12.2021	-42.5
14.12.2021	-74	15.12.2021	21
15.12.2021	-147	16.12.2021	-161
16.12.2021	-99.5	17.12.2021	-62
17.12.2021	-381.5	20.12.2021	-141
20.12.2021	-298	21.12.2021	504
21.12.2021	523	22.12.2021	203
22.12.2021	276	23.12.2021	175
23.12.2021	68.5	27.12.2021	175.5
27.12.2021	133.5	28.12.2021	-41.5
28.12.2021	3	29.12.2021	-16.5
29.12.2021	9	30.12.2021	71.5
30.12.2021	-147.5	31.12.2021	-98.5
31.12.2021	-129	03.01.2022	117.5
03.01.2022	27.5	04.01.2022	120
04.01.2022	-74	05.01.2022	-481
05.01.2022	-75	06.01.2022	-39.5
06.01.2022	-405.5	07.01.2022	-410.5
07.01.2022	-19.5	10.01.2022	80.5
10.01.2022	59.5	11.01.2022	163
11.01.2022	295.5	12.01.2022	189
12.01.2022	-41	13.01.2022	-385.5
13.01.2022	103.5	14.01.2022	190
14.01.2022	-355	17.01.2022	-42
17.01.2022	10	18.01.2022	-72
18.01.2022	-63	19.01.2022	126
19.01.2022	-178	20.01.2022	327.5
20.01.2022	49.5	21.01.2022	-897.5
21.01.2022	-572	24.01.2022	-251
24.01.2022	438.5	25.01.2022	-595.5
25.01.2022	-121.5	26.01.2022	768.5
26.01.2022	143	27.01.2022	-453.5
27.01.2022	206.5	28.01.2022	33
28.01.2022	160.5	31.01.2022	378.5
31.01.2022	-19	01.02.2022	23
01.02.2022	119	02.02.2022	-53
02.02.2022	296	03.02.2022	-10.5
03.02.2022	-88.5	04.02.2022	354.5
04.02.2022	207.5	07.02.2022	107.5
07.02.2022	322.5	08.02.2022	-274.5
08.02.2022	12.5	09.02.2022	371.5
09.02.2022	211	10.02.2022	-536
10.02.2022	151.5	11.02.2022	-18
11.02.2022	-23	14.02.2022	195.5
14.02.2022	-289	15.02.2022	-18.5
15.02.2022	149	16.02.2022	-381
16.02.2022	79	17.02.2022	-435.5
17.02.2022	-49	18.02.2022	32
18.02.2022	113	21.02.2022	-473.5
21.02.2022	183	22.02.2022	198
22.02.2022	821.5	23.02.2022	-421
23.02.2022	-224	24.02.2022	663.5
24.02.2022	221.5	25.02.2022	321.5
25.02.2022	447	28.02.2022	394
28.02.2022	137	01.03.2022	-195
01.03.2022	-57.5	02.03.2022	297.5
02.03.2022	520.5	03.03.2022	3.5
03.03.2022	-201.5	04.03.2022	-302
04.03.2022	-196.5	07.03.2022	402
07.03.2022	-52	08.03.2022	43.5
08.03.2022	-364.5	09.03.2022	811.5
09.03.2022	564.5	10.03.2022	-451
10.03.2022	-129	11.03.2022	277
11.03.2022	172.5	14.03.2022	-355.5
14.03.2022	-502	15.03.2022	391
15.03.2022	-27	16.03.2022	177
16.03.2022	53	17.03.2022	48.5
17.03.2022	262.5	18.03.2022	399
18.03.2022	356	21.03.2022	-322
21.03.2022	465	22.03.2022	380.5
22.03.2022	275.5	23.03.2022	-166.5
23.03.2022	-489	24.03.2022	248
24.03.2022	287.5	25.03.2022	140.5
25.03.2022	47	28.03.2022	130.5
28.03.2022	600.5	29.03.2022	336.5
29.03.2022	282	30.03.2022	-56
30.03.2022	-406.5	31.03.2022	-221
31.03.2022	-263	01.04.2022	-125.5
01.04.2022	110	04.04.2022	511
04.04.2022	527	05.04.2022	-201
05.04.2022	-318	06.04.2022	-361.5
06.04.2022	-554	07.04.2022	-133
07.04.2022	252	08.04.2022	-209.5
08.04.2022	-240	11.04.2022	-24
11.04.2022	-144	12.04.2022	-134
12.04.2022	304.5	13.04.2022	356
13.04.2022	257.5	14.04.2022	-339
14.04.2022	-233	18.04.2022	111.5
18.04.2022	298	19.04.2022	380
19.04.2022	170	20.04.2022	-291.5
20.04.2022	38.5	21.04.2022	-1
21.04.2022	243.5	22.04.2022	-619.5
22.04.2022	-230.5	25.04.2022	335.5
25.04.2022	1	26.04.2022	-292
26.04.2022	-415.5	27.04.2022	359.5
27.04.2022	279	28.04.2022	502
28.04.2022	19	29.04.2022	-26
29.04.2022	-398.5	02.05.2022	-629.5
02.05.2022	-373	03.05.2022	-82.5
03.05.2022	62.5	04.05.2022	258
04.05.2022	634	05.05.2022	-194
05.05.2022	-82	06.05.2022	-604.5
06.05.2022	-128.5	09.05.2022	-596.5
09.05.2022	-446	10.05.2022	284
10.05.2022	819	11.05.2022	-504.5
11.05.2022	-150.5	12.05.2022	-1 014.00000
12.05.2022	-322.5	13.05.2022	499.5
13.05.2022	724.5	16.05.2022	-156
16.05.2022	-284	17.05.2022	371
17.05.2022	478.5	18.05.2022	-224
18.05.2022	-445.5	19.05.2022	-226
19.05.2022	-235.5	20.05.2022	537.5
20.05.2022	280	23.05.2022	541
23.05.2022	-77.5	24.05.2022	-13.5
24.05.2022	-63.5	25.05.2022	153.5
25.05.2022	-148.5	26.05.2022	826.5
26.05.2022	529.5	27.05.2022	372.5
27.05.2022	576	30.05.2022	74.5
30.05.2022	204	31.05.2022	-527
31.05.2022	-52.5	01.06.2022	359.5
01.06.2022	-269	02.06.2022	357.5
02.06.2022	425	03.06.2022	-450
03.06.2022	-273.5	06.06.2022	-187
06.06.2022	105	07.06.2022	-4.5
07.06.2022	-41	08.06.2022	-204.5
08.06.2022	-257.5	09.06.2022	-257.5
09.06.2022	-165.5	10.06.2022	4.5
10.06.2022	107.5	13.06.2022	-512
13.06.2022	-425.5	14.06.2022	-111.5
14.06.2022	-241.5	15.06.2022	-285
15.06.2022	-16.5	16.06.2022	-301.5
16.06.2022	-361.5	17.06.2022	-227
17.06.2022	587	20.06.2022	-107
20.06.2022	-23	21.06.2022	104
21.06.2022	300.5	22.06.2022	-100
22.06.2022	-10.5	23.06.2022	111
23.06.2022	318.5	24.06.2022	420
24.06.2022	517.5	27.06.2022	-383
27.06.2022	-246.5	28.06.2022	-324
28.06.2022	-23.5	29.06.2022	-341.5
29.06.2022	-469	30.06.2022	-184
30.06.2022	-256.5	01.07.2022	-124
01.07.2022	176.5	04.07.2022	-29.5
04.07.2022	13.5	05.07.2022	366.5
05.07.2022	255	06.07.2022	4
06.07.2022	398.5	07.07.2022	322
07.07.2022	268	08.07.2022	-179.5
08.07.2022	25	11.07.2022	-293
11.07.2022	-277.5	12.07.2022	-168.5
12.07.2022	-130	13.07.2022	402
13.07.2022	-57.5	14.07.2022	80.5
14.07.2022	211	15.07.2022	158
15.07.2022	156.5	18.07.2022	-200.5
18.07.2022	-154	19.07.2022	324.5
19.07.2022	124.5	20.07.2022	-168.5
20.07.2022	-175	21.07.2022	49.5
21.07.2022	148	22.07.2022	-76.5
22.07.2022	34.5	25.07.2022	-179
25.07.2022	-57	26.07.2022	-323
26.07.2022	-112	27.07.2022	499.5
27.07.2022	130	28.07.2022	218
28.07.2022	358	29.07.2022	157
29.07.2022	183	01.08.2022	230.5
01.08.2022	-173	02.08.2022	98
02.08.2022	274.5	03.08.2022	582.5
03.08.2022	467	04.08.2022	169.5
04.08.2022	-67	05.08.2022	51.5
05.08.2022	85	08.08.2022	-345
08.08.2022	256.5	09.08.2022	-255
09.08.2022	31.5	10.08.2022	252
10.08.2022	27	11.08.2022	90.5
11.08.2022	-181	12.08.2022	247.5
12.08.2022	225	15.08.2022	152.5
15.08.2022	194	16.08.2022	-47.5
16.08.2022	171.5	17.08.2022	-17.5
17.08.2022	98	18.08.2022	109
18.08.2022	92	19.08.2022	-378.5
19.08.2022	-179	22.08.2022	-117.5
22.08.2022	-162	23.08.2022	-261
23.08.2022	-10.5	24.08.2022	136.5
24.08.2022	-94	25.08.2022	41
25.08.2022	378.5	26.08.2022	9.5
26.08.2022	-129	29.08.2022	110.5
29.08.2022	27	30.08.2022	19
30.08.2022	130.5	31.08.2022	-52.5
31.08.2022	-148	01.09.2022	204
01.09.2022	-0.5	02.09.2022	-443
02.09.2022	114	05.09.2022	-64
05.09.2022	-217	06.09.2022	-354.5
06.09.2022	31.5	07.09.2022	416.5
07.09.2022	356.5	08.09.2022	80
08.09.2022	138	09.09.2022	236.5
09.09.2022	228.5	12.09.2022	156.5
12.09.2022	249.5	13.09.2022	-180.5
13.09.2022	29.5	14.09.2022	-297.5
14.09.2022	77.5	15.09.2022	-471
15.09.2022	-8	16.09.2022	-186
16.09.2022	29.5	19.09.2022	115.5
19.09.2022	-9	20.09.2022	90
20.09.2022	-9.5	21.09.2022	185.5
21.09.2022	-777	22.09.2022	-316.5
22.09.2022	133	23.09.2022	-176
23.09.2022	-231	26.09.2022	-375.5
26.09.2022	430.5	27.09.2022	7.5
27.09.2022	226.5	28.09.2022	-124
28.09.2022	448	29.09.2022	-49
29.09.2022	-200	30.09.2022	-30
30.09.2022	-240	03.10.2022	392
03.10.2022	197	04.10.2022	407.5
04.10.2022	363.5	05.10.2022	206.5
05.10.2022	-39.5	06.10.2022	-167
06.10.2022	-30	07.10.2022	111
07.10.2022	-341.5	10.10.2022	248.5
10.10.2022	34.5	11.10.2022	-46.5
11.10.2022	-83.5	12.10.2022	-459.5
12.10.2022	-11.5	13.10.2022	770.5
13.10.2022	566.5	14.10.2022	206
14.10.2022	238.5	17.10.2022	334.5
17.10.2022	180.5	18.10.2022	574
18.10.2022	71	19.10.2022	-122
19.10.2022	-175	20.10.2022	139.5
20.10.2022	118.5	21.10.2022	483.5
21.10.2022	246.5	24.10.2022	78.5
24.10.2022	-79.5	25.10.2022	128
25.10.2022	329	26.10.2022	135
26.10.2022	-16.5	27.10.2022	-575
27.10.2022	-485	28.10.2022	549.5
28.10.2022	317	31.10.2022	-39
31.10.2022	-79.5	01.11.2022	14
01.11.2022	-86.5	02.11.2022	203.5
02.11.2022	-217	03.11.2022	-402.5
03.11.2022	-340	04.11.2022	-14
04.11.2022	230.5	07.11.2022	42
07.11.2022	252	08.11.2022	130
08.11.2022	278	09.11.2022	-184.5
09.11.2022	-435	10.11.2022	297
10.11.2022	-54	11.11.2022	116
11.11.2022	169.5	14.11.2022	-215.5
14.11.2022	176	15.11.2022	523.5
15.11.2022	147.5	16.11.2022	-19.5
16.11.2022	-151	17.11.2022	29
17.11.2022	326	18.11.2022	-368
18.11.2022	190	21.11.2022	-221
21.11.2022	-211.5	22.11.2022	241.5
22.11.2022	260.5	23.11.2022	53
23.11.2022	234	24.11.2022	27
24.11.2022	39	25.11.2022	-103.5
25.11.2022	-155.5	28.11.2022	-177.5
28.11.2022	113.5	29.11.2022	-295
29.11.2022	-203	30.11.2022	251.5
30.11.2022	322.5	01.12.2022	-297.5
01.12.2022	25	02.12.2022	185
02.12.2022	79.5	05.12.2022	-444.5
05.12.2022	-247	06.12.2022	-325.5
06.12.2022	-132	07.12.2022	-106.5
07.12.2022	-124	08.12.2022	184.5
08.12.2022	195.5	09.12.2022	9
09.12.2022	132	12.12.2022	124
12.12.2022	58.5	13.12.2022	63
13.12.2022	-131.5	14.12.2022	-320.5
14.12.2022	-79	15.12.2022	-211.5
15.12.2022	-7	16.12.2022	134.5
16.12.2022	124.5	19.12.2022	-59.5
19.12.2022	-121.5	20.12.2022	64.5
20.12.2022	-46	21.12.2022	-113
21.12.2022	163	22.12.2022	120
22.12.2022	-4	23.12.2022	72.5
23.12.2022	-27.5	27.12.2022	-270
27.12.2022	-18	28.12.2022	143.5
28.12.2022	-127.5	29.12.2022	242.5
29.12.2022	250	30.12.2022	-228.5
30.12.2022	-323.5	03.01.2023	-169
03.01.2023	303.5	04.01.2023	-116.5
04.01.2023	62.5	05.01.2023	-106.5
05.01.2023	-36.5	06.01.2023	258.5
06.01.2023	677	09.01.2023	138
09.01.2023	110	10.01.2023	301.5
10.01.2023	-1.5	11.01.2023	-22.5
11.01.2023	36	12.01.2023	-60.5
12.01.2023	80	13.01.2023	231.5
13.01.2023	-19.5	16.01.2023	141
16.01.2023	92.5	17.01.2023	29.5
17.01.2023	-91	18.01.2023	-92.5
18.01.2023	48.5	19.01.2023	-210
19.01.2023	40	20.01.2023	372.5
20.01.2023	336	23.01.2023	76
23.01.2023	-78.5	24.01.2023	-100.5
24.01.2023	-31.5	25.01.2023	162.5
25.01.2023	305	26.01.2023	149.5
26.01.2023	189	27.01.2023	186
27.01.2023	174	30.01.2023	-355
30.01.2023	-217	31.01.2023	335
31.01.2023	152.5	01.02.2023	114
01.02.2023	-28.5	02.02.2023	555
02.02.2023	359.5	03.02.2023	-300.5
03.02.2023	369	06.02.2023	-141
06.02.2023	-345	07.02.2023	545
07.02.2023	582	08.02.2023	-107
08.02.2023	-204	09.02.2023	32.5
09.02.2023	67.5	10.02.2023	53
10.02.2023	257	13.02.2023	222
13.02.2023	247	14.02.2023	-7
14.02.2023	-118.5	15.02.2023	31
15.02.2023	68.5	16.02.2023	6.5
16.02.2023	-59	17.02.2023	-244.5
17.02.2023	-110.5	20.02.2023	-40.5
20.02.2023	27.5	21.02.2023	-229
21.02.2023	-316	22.02.2023	-117.5
22.02.2023	-132.5	23.02.2023	-76.5
23.02.2023	248	24.02.2023	-72
24.02.2023	-35.5	27.02.2023	93.5
27.02.2023	32.5	28.02.2023	151
28.02.2023	83.5	01.03.2023	-192.5
01.03.2023	-68.5	02.03.2023	-37
02.03.2023	60	03.03.2023	266
03.03.2023	236.5	06.03.2023	23
06.03.2023	-89	07.03.2023	-81.5
07.03.2023	-15.5	08.03.2023	-112.5
08.03.2023	-24	09.03.2023	-210
09.03.2023	282.5	10.03.2023	-170
10.03.2023	-390	13.03.2023	108.5
13.03.2023	-21	14.03.2023	385
14.03.2023	304.5	15.03.2023	94
15.03.2023	93	16.03.2023	172
16.03.2023	267	20.03.2023	226.5
17.03.2023	-30	21.03.2023	422.5
20.03.2023	72.5	22.03.2023	-227.5
21.03.2023	290.5	23.03.2023	27.5
22.03.2023	-156.5	24.03.2023	180
23.03.2023	-6	27.03.2023	57
24.03.2023	49.5	28.03.2023	-107
27.03.2023	74	29.03.2023	219
28.03.2023	-4.5	30.03.2023	65
29.03.2023	249	31.03.2023	259
30.03.2023	48	03.04.2023	186.5
31.03.2023	200	04.04.2023	13.5
03.04.2023	28.5	05.04.2023	-17.5
04.04.2023	-156	06.04.2023	146
05.04.2023	-51	07.04.2023	-16.5
06.04.2023	80.5	10.04.2023	282.5
07.04.2023	8.5	11.04.2023	55.5
10.04.2023	95	12.04.2023	81.5
11.04.2023	-109.5	13.04.2023	315.5
12.04.2023	21.5	14.04.2023	193.5
13.04.2023	315	17.04.2023	56
14.04.2023	121.5	18.04.2023	1.5
17.04.2023	-68	19.04.2023	-10
18.04.2023	-179	20.04.2023	121
19.04.2023	-137	21.04.2023	38
20.04.2023	-15.5	24.04.2023	82.5
21.04.2023	-108.5	25.04.2023	-146
24.04.2023	129	26.04.2023	-34.5
25.04.2023	-188.5	27.04.2023	252
26.04.2023	-207.5	28.04.2023	272.5
27.04.2023	88	01.05.2023	-11
28.04.2023	-15.5	02.05.2023	-46
01.05.2023	-74	03.05.2023	59.5
02.05.2023	-173	04.05.2023	8
03.05.2023	212.5	05.05.2023	259.5
04.05.2023	-148	08.05.2023	-47.5
05.05.2023	249.5	09.05.2023	-56.5
08.05.2023	-4.5	10.05.2023	63.5
09.05.2023	-109.5	11.05.2023	-111
10.05.2023	13.5	12.05.2023	33.5
11.05.2023	-172	15.05.2023	96.5
12.05.2023	-119.5	16.05.2023	-52.5
15.05.2023	16	17.05.2023	259.5
16.05.2023	-205.5	18.05.2023	368.5
17.05.2023	31.5	19.05.2023	-103.5
18.05.2023	184	22.05.2023	50.5
19.05.2023	-131	23.05.2023	-272
22.05.2023	138.5	24.05.2023	122
23.05.2023	-51.5	25.05.2023	125.5
24.05.2023	41.5	26.05.2023	370.5
25.05.2023	188	29.05.2023	-118.5
26.05.2023	369	30.05.2023	-33.5
29.05.2023	-135	31.05.2023	17
30.05.2023	-108	01.06.2023	126
31.05.2023	-11	02.06.2023	87.5
01.06.2023	57	05.06.2023	4
02.06.2023	-173	06.06.2023	-150
05.06.2023	40.5	07.06.2023	-104
06.06.2023	-202	08.06.2023	188
07.06.2023	26	09.06.2023	213.5
08.06.2023	102	12.06.2023	207.5
09.06.2023	86.5	13.06.2023	-248
12.06.2023	226.5	14.06.2023	52.5
13.06.2023	-16.5	15.06.2023	347
14.06.2023	122	16.06.2023	113
15.06.2023	-21	19.06.2023	-20
16.06.2023	161	20.06.2023	-128
19.06.2023	-62	21.06.2023	-215
20.06.2023	-40.5	22.06.2023	187
21.06.2023	9	23.06.2023	-189.5
22.06.2023	15.5	26.06.2023	-265
23.06.2023	-3.5	27.06.2023	-24.5
26.06.2023	137.5	28.06.2023	39.5
27.06.2023	142	29.06.2023	13
28.06.2023	-345.5	30.06.2023	363
29.06.2023	-49.5	03.07.2023	93
30.06.2023	221	04.07.2023	-16
03.07.2023	131	05.07.2023	-106.5
04.07.2023	-12.5	06.07.2023	79.5
05.07.2023	-116.5	07.07.2023	28
06.07.2023	-8.5	10.07.2023	-15
07.07.2023	165.5	11.07.2023	96.5
10.07.2023	94	12.07.2023	359
11.07.2023	-8.5	13.07.2023	330.5
12.07.2023	2.5	14.07.2023	71.5
13.07.2023	178.5	17.07.2023	367
14.07.2023	183.5	18.07.2023	175.5
17.07.2023	165.5	19.07.2023	-162
18.07.2023	232	20.07.2023	-149.5
19.07.2023	-54.5	21.07.2023	-32.5
20.07.2023	-208.5	24.07.2023	-221.5
21.07.2023	73.5	25.07.2023	12
24.07.2023	-275	26.07.2023	-11
25.07.2023	180.5	27.07.2023	190
26.07.2023	-104	28.07.2023	170
27.07.2023	83.5	31.07.2023	-202
28.07.2023	111.5	01.08.2023	-130
31.07.2023	-264.5	02.08.2023	-79.5
01.08.2023	-36	03.08.2023	-187
02.08.2023	39	04.08.2023	-205
03.08.2023	-16	07.08.2023	-225
04.08.2023	-185.5	08.08.2023	-191
07.08.2023	-10.5	09.08.2023	63.5
08.08.2023	38.5	10.08.2023	-297.5
09.08.2023	34	11.08.2023	34.5
10.08.2023	80.5	14.08.2023	235
11.08.2023	-231.5	15.08.2023	-325
14.08.2023	181	16.08.2023	-545.5
15.08.2023	-160.5	17.08.2023	39.5
16.08.2023	-221	18.08.2023	-119.5
17.08.2023	252	21.08.2023	312
18.08.2023	-96.5	22.08.2023	-190.5
21.08.2023	378	23.08.2023	342
22.08.2023	-93	24.08.2023	-138
23.08.2023	268	25.08.2023	397.5
24.08.2023	-357	28.08.2023	-10.5
25.08.2023	396.5	29.08.2023	301
28.08.2023	172.5	30.08.2023	-37.5
29.08.2023	19	31.08.2023	-139
30.08.2023	125	01.09.2023	224
31.08.2023	61	04.09.2023	22.5
01.09.2023	98.5	05.09.2023	-23.5
04.09.2023	63.5	06.09.2023	-177
05.09.2023	14	07.09.2023	-17.5
06.09.2023	-5.5	08.09.2023	-128
07.09.2023	-214	11.09.2023	198.5
08.09.2023	-47.5	12.09.2023	-10.5
11.09.2023	181.5	13.09.2023	-8
12.09.2023	52.5	14.09.2023	101
13.09.2023	72	15.09.2023	-36.5
14.09.2023	-67.5	18.09.2023	-67.5
15.09.2023	-37.5	19.09.2023	63.5
18.09.2023	11.5	20.09.2023	21.5
19.09.2023	71	21.09.2023	-405
20.09.2023	-401.5	22.09.2023	133
21.09.2023	-143.5	25.09.2023	-89.5
22.09.2023	-44.5	26.09.2023	-223
25.09.2023	203.5	27.09.2023	99
26.09.2023	-246	28.09.2023	29
27.09.2023	164	29.09.2023	193
28.09.2023	-18.5	02.10.2023	448.5
29.09.2023	56.5	03.10.2023	47.5
02.10.2023	-59	04.10.2023	74
03.10.2023	-180.5	05.10.2023	74.5
04.10.2023	211.5	06.10.2023	486
05.10.2023	-42.5	09.10.2023	-5
06.10.2023	143	10.10.2023	-13
09.10.2023	228.5	11.10.2023	179
10.10.2023	-98.5	12.10.2023	-73
11.10.2023	-25	13.10.2023	-124.5
12.10.2023	-45	16.10.2023	72.5
13.10.2023	-123	17.10.2023	7.5
16.10.2023	-158	18.10.2023	-483
17.10.2023	-165.5	19.10.2023	-361
18.10.2023	-448.5	20.10.2023	-147.5
19.10.2023	-140	23.10.2023	23
20.10.2023	-267.5	24.10.2023	76
23.10.2023	-243	25.10.2023	-275
24.10.2023	105	26.10.2023	303.5
25.10.2023	-505	27.10.2023	146.5
26.10.2023	-126	30.10.2023	132.5
27.10.2023	107.5	31.10.2023	158.5
30.10.2023	-129	01.11.2023	79.5
31.10.2023	119	02.11.2023	193.5
01.11.2023	26.5	03.11.2023	327.5
02.11.2023	120.5	06.11.2023	18
03.11.2023	166	07.11.2023	207
06.11.2023	-83.5	08.11.2023	-23.5
07.11.2023	-4.5	09.11.2023	207.5
08.11.2023	-76.5	10.11.2023	389
09.11.2023	-80	13.11.2023	152
10.11.2023	233.5	14.11.2023	37
13.11.2023	-19.5	15.11.2023	-79.5
14.11.2023	-129.5	16.11.2023	-142
15.11.2023	-4.5	17.11.2023	0
16.11.2023	35	20.11.2023	284.5
17.11.2023	85.5	21.11.2023	-48
20.11.2023	293.5	22.11.2023	-15
21.11.2023	-97.5	23.11.2023	-7
22.11.2023	142	24.11.2023	-168.5
23.11.2023	-23	27.11.2023	-46.5
24.11.2023	-142.5	28.11.2023	155.5
27.11.2023	12	29.11.2023	221.5
28.11.2023	-78.5	30.11.2023	-80
29.11.2023	117.5	01.12.2023	21.5
30.11.2023	-57.5	04.12.2023	-24.5
01.12.2023	-41	05.12.2023	-51.5
04.12.2023	21	06.12.2023	-186
05.12.2023	65	07.12.2023	165
06.12.2023	55.5	08.12.2023	83.5
07.12.2023	31	11.12.2023	238.5
08.12.2023	195.5	12.12.2023	236.5
11.12.2023	223	13.12.2023	169
12.12.2023	206	14.12.2023	-72
13.12.2023	-55.5	15.12.2023	33
14.12.2023	-295.5	18.12.2023	668.5
15.12.2023	-29	19.12.2023	23
18.12.2023	168.5	20.12.2023	-31
19.12.2023	125.5	21.12.2023	115
20.12.2023	-53	22.12.2023	-147
21.12.2023	-67.5	26.12.2023	68.5
22.12.2023	-47	27.12.2023	-4
26.12.2023	23	28.12.2023	-101.5
27.12.2023	35.5	29.12.2023	123.5
28.12.2023	-53.5	02.01.2024	-181.5
29.12.2023	139	03.01.2024	-313.5
02.01.2024	100.5	04.01.2024	73.5
03.01.2024	-115.5	05.01.2024	-125
04.01.2024	-73.5	08.01.2024	533
05.01.2024	-159.5	09.01.2024	10
08.01.2024	119	10.01.2024	198.5
09.01.2024	-181	11.01.2024	108
10.01.2024	84	12.01.2024	-215
11.01.2024	260	15.01.2024	-20
12.01.2024	-72.5	16.01.2024	-366
15.01.2024	-8	17.01.2024	166
16.01.2024	-113.5	18.01.2024	452
17.01.2024	29	19.01.2024	197
18.01.2024	251	22.01.2024	-74.5
19.01.2024	45.5	23.01.2024	97
22.01.2024	-105.5	24.01.2024	-99
23.01.2024	-21.5	25.01.2024	-152.5
24.01.2024	255.5	26.01.2024	-159
25.01.2024	48.5	29.01.2024	53.5
26.01.2024	-121.5	30.01.2024	-343.5
29.01.2024	133.5	31.01.2024	-301
30.01.2024	-106.5	01.02.2024	-83.5
31.01.2024	60	02.02.2024	398
01.02.2024	-11	05.02.2024	34.5
02.02.2024	164	06.02.2024	55.5
05.02.2024	220.5	07.02.2024	128.5
06.02.2024	-57	08.02.2024	-97
07.02.2024	249.5	09.02.2024	346
08.02.2024	-125.5	12.02.2024	-7
09.02.2024	201	13.02.2024	-239
12.02.2024	-50	14.02.2024	-53
13.02.2024	14	15.02.2024	199
14.02.2024	40	16.02.2024	-42
15.02.2024	43.5	19.02.2024	3
16.02.2024	31.5	20.02.2024	-121
19.02.2024	-82	21.02.2024	-291
20.02.2024	-168	22.02.2024	383
21.02.2024	-186.5	23.02.2024	88.5
22.02.2024	351	26.02.2024	-156
23.02.2024	9	27.02.2024	-126.5
26.02.2024	-97	28.02.2024	-134
27.02.2024	-90	29.02.2024	374
28.02.2024	-161.5	01.03.2024	369.5
29.02.2024	387	04.03.2024	17
01.03.2024	9	05.03.2024	-111
04.03.2024	19.5	06.03.2024	-85
05.03.2024	-324.5	07.03.2024	484
06.03.2024	335.5	08.03.2024	-77
07.03.2024	-21.5	11.03.2024	-469.5
08.03.2024	30	12.03.2024	185.5
11.03.2024	-585.5	13.03.2024	-112.5
12.03.2024	-101.5	14.03.2024	-280
13.03.2024	-57	15.03.2024	74.5
14.03.2024	-29	18.03.2024	207
15.03.2024	61	19.03.2024	-67
18.03.2024	81.5	20.03.2024	193.5
19.03.2024	0.5	21.03.2024	96.5
20.03.2024	210.5	22.03.2024	-48.5
21.03.2024	-54	25.03.2024	-76
22.03.2024	66	26.03.2024	-145.5
25.03.2024	28	27.03.2024	263.5
26.03.2024	-19.5	28.03.2024	-123
27.03.2024	238.5	01.04.2024	166.5
28.03.2024	-137.5	02.04.2024	21
01.04.2024	197.5	03.04.2024	-137.5
02.04.2024	-85.5	04.04.2024	263
03.04.2024	-123	05.04.2024	68
04.04.2024	34.5	08.04.2024	-253.5
05.04.2024	55.5	09.04.2024	168
08.04.2024	51	10.04.2024	207
09.04.2024	219	11.04.2024	394.5
10.04.2024	-294	12.04.2024	-188.5
11.04.2024	391	15.04.2024	107
12.04.2024	-459.5	16.04.2024	5
15.04.2024	-106.5	17.04.2024	-128
16.04.2024	-261	18.04.2024	-281
17.04.2024	27.5	19.04.2024	31.5
18.04.2024	-201	22.04.2024	199
19.04.2024	122	23.04.2024	189.5
22.04.2024	298	24.04.2024	89.5
23.04.2024	296	25.04.2024	286.5
24.04.2024	13	26.04.2024	-82
25.04.2024	101.5	29.04.2024	-166
26.04.2024	-79.5	30.04.2024	-366
29.04.2024	221.5	01.05.2024	-356
30.04.2024	-323.5	02.05.2024	283.5
01.05.2024	24.5	03.05.2024	359.5
02.05.2024	174.5	06.05.2024	253
03.05.2024	305	07.05.2024	-221
06.05.2024	127.5	08.05.2024	30.5
07.05.2024	-141	09.05.2024	-14
08.05.2024	115.5	10.05.2024	101.5
09.05.2024	-4.5	13.05.2024	-100.5
10.05.2024	74	14.05.2024	230
13.05.2024	-74	15.05.2024	163.5
14.05.2024	52	16.05.2024	-220
15.05.2024	154.5	17.05.2024	174
16.05.2024	-118.5	20.05.2024	73.5
17.05.2024	21	21.05.2024	148
20.05.2024	96	22.05.2024	133.5
21.05.2024	56.5	23.05.2024	-112
22.05.2024	34.5	24.05.2024	114
23.05.2024	-63	27.05.2024	127
24.05.2024	-142.5	28.05.2024	-274
27.05.2024	91	29.05.2024	-208.5
28.05.2024	146.5	30.05.2024	-110
29.05.2024	-338	31.05.2024	665
30.05.2024	-121	03.06.2024	300
31.05.2024	353	04.06.2024	174.5
03.06.2024	397.5	05.06.2024	376
04.06.2024	227	06.06.2024	-280.5
05.06.2024	282	07.06.2024	78.5
06.06.2024	-223.5	10.06.2024	160.5
07.06.2024	133	11.06.2024	81.5
10.06.2024	-287.5	12.06.2024	122
11.06.2024	113	13.06.2024	-2
12.06.2024	-31.5	14.06.2024	268.5
13.06.2024	4.5	17.06.2024	268.5
14.06.2024	148	18.06.2024	512
17.06.2024	60	19.06.2024	0
18.06.2024	485.5	20.06.2024	42
19.06.2024	-9.5	21.06.2024	-155
20.06.2024	62.5	24.06.2024	-458.5
21.06.2024	-122.5	25.06.2024	159
24.06.2024	-186.5	26.06.2024	-158.5
25.06.2024	227	27.06.2024	-80.5
26.06.2024	186	28.06.2024	-14
27.06.2024	308.5	01.07.2024	-11.5
28.06.2024	120.5	02.07.2024	279.5
01.07.2024	242	03.07.2024	194
02.07.2024	362	04.07.2024	-98.5
03.07.2024	245	05.07.2024	248
04.07.2024	-77	08.07.2024	49.5
05.07.2024	-50	09.07.2024	20.5
08.07.2024	-7	10.07.2024	122.5
09.07.2024	38.5	11.07.2024	-264.5
10.07.2024	184.5	12.07.2024	199.5
11.07.2024	-83	15.07.2024	-240
12.07.2024	306.5	16.07.2024	-105
15.07.2024	-187.5	17.07.2024	-418
16.07.2024	-32.5	18.07.2024	-93.5
17.07.2024	-222.5	19.07.2024	-527.5
18.07.2024	-15	22.07.2024	132
19.07.2024	-78	23.07.2024	26.5
22.07.2024	13	24.07.2024	-349.5
23.07.2024	-309.5	25.07.2024	-367.5
24.07.2024	-384.5	26.07.2024	112.5
25.07.2024	-645.5	29.07.2024	-289.5
26.07.2024	245.5	30.07.2024	92.5
29.07.2024	170	31.07.2024	491
30.07.2024	219	01.08.2024	-33
31.07.2024	564	02.08.2024	-839
01.08.2024	7.5	05.08.2024	377.5
02.08.2024	-898	06.08.2024	-138
05.08.2024	175	07.08.2024	407.5
06.08.2024	-253	08.08.2024	1 108.50000
07.08.2024	84	09.08.2024	665
08.08.2024	618.5	12.08.2024	35
09.08.2024	263	13.08.2024	509
12.08.2024	-32.5	14.08.2024	75
13.08.2024	303.5	15.08.2024	537.5
14.08.2024	324	16.08.2024	-116
15.08.2024	406.5	19.08.2024	80
16.08.2024	162.5	20.08.2024	219.5
19.08.2024	77.5	21.08.2024	61
20.08.2024	54.5	22.08.2024	-413
21.08.2024	-98	23.08.2024	-76
22.08.2024	-284.5	26.08.2024	-105
23.08.2024	289	27.08.2024	88
26.08.2024	-252.5	28.08.2024	-154.5
27.08.2024	-104	29.08.2024	265
28.08.2024	-288	30.08.2024	262.5
29.08.2024	124	02.09.2024	-45.5
30.08.2024	84.5	03.09.2024	-285.5
02.09.2024	42	04.09.2024	38.5
03.09.2024	-113.5	05.09.2024	-110.5
04.09.2024	-200.5	06.09.2024	74.5
05.09.2024	120	09.09.2024	591.5
06.09.2024	114	10.09.2024	216.5
09.09.2024	501	11.09.2024	489
10.09.2024	-69.5	12.09.2024	4.5
11.09.2024	588.5	13.09.2024	96.5
12.09.2024	-96	16.09.2024	94
13.09.2024	14	17.09.2024	-329
16.09.2024	-71	18.09.2024	320.5
17.09.2024	121	19.09.2024	433.5
18.09.2024	190	20.09.2024	376
19.09.2024	350.5	23.09.2024	1.5
20.09.2024	97.5	24.09.2024	184.5
23.09.2024	-69.5	25.09.2024	178
24.09.2024	52	26.09.2024	412
25.09.2024	97.5	27.09.2024	-75.5
26.09.2024	452	30.09.2024	2.5
27.09.2024	129	01.10.2024	-361.5
30.09.2024	-79.5	02.10.2024	-91
01.10.2024	120	03.10.2024	-300.5
02.10.2024	-468.5	04.10.2024	614.5
03.10.2024	-209	07.10.2024	-409
04.10.2024	685	08.10.2024	0.5
07.10.2024	-235	09.10.2024	-28
08.10.2024	411.5	10.10.2024	-52
09.10.2024	-99	11.10.2024	-43
10.10.2024	-277.5	14.10.2024	443.5
11.10.2024	-36	15.10.2024	-297
14.10.2024	161	16.10.2024	18
15.10.2024	-195.5	17.10.2024	86.5
16.10.2024	-63.5	18.10.2024	-39.5
17.10.2024	7	21.10.2024	203
18.10.2024	-183.5	22.10.2024	-52.5
21.10.2024	156	23.10.2024	2.5
22.10.2024	65	24.10.2024	124
23.10.2024	-205	25.10.2024	325.5
24.10.2024	223	28.10.2024	-276.5
25.10.2024	311	29.10.2024	229
28.10.2024	-118.5	30.10.2024	-240
29.10.2024	-37.5	31.10.2024	-334
30.10.2024	-18	01.11.2024	-84.5
31.10.2024	-258.5	04.11.2024	-100
01.11.2024	-111.5	05.11.2024	134.5
04.11.2024	-11	06.11.2024	530
05.11.2024	103	07.11.2024	676.5
06.11.2024	415.5	08.11.2024	88.5
07.11.2024	307.5	11.11.2024	-232.5
08.11.2024	38	12.11.2024	63.5
11.11.2024	175	13.11.2024	84.5
12.11.2024	-127.5	14.11.2024	-351
13.11.2024	123	15.11.2024	-321.5
14.11.2024	-289	18.11.2024	-95
15.11.2024	-55.5	19.11.2024	400.5
18.11.2024	-67.5	20.11.2024	-198.5
19.11.2024	89.5	21.11.2024	-108
20.11.2024	-67	22.11.2024	-118.5
21.11.2024	417	25.11.2024	-2.5
22.11.2024	-31	26.11.2024	-47.5
25.11.2024	-86	27.11.2024	217.5
26.11.2024	-124.5	28.11.2024	38.5
27.11.2024	24.5	29.11.2024	184.5
28.11.2024	38.5	02.12.2024	219.5
29.11.2024	-53	03.12.2024	-52.5
02.12.2024	-13	04.12.2024	129
03.12.2024	3	05.12.2024	-108.5
04.12.2024	263.5	06.12.2024	231.5
05.12.2024	-120	09.12.2024	-172
06.12.2024	-66	10.12.2024	-178
09.12.2024	-205	11.12.2024	426
10.12.2024	-17.5	12.12.2024	-260
11.12.2024	176	13.12.2024	152.5
12.12.2024	3	16.12.2024	430
13.12.2024	293	17.12.2024	-95.5
16.12.2024	388	18.12.2024	-121
17.12.2024	42	19.12.2024	-363
18.12.2024	40	20.12.2024	564.5
19.12.2024	3	23.12.2024	171.5
20.12.2024	98	24.12.2024	277.5
23.12.2024	-122.5	26.12.2024	-151.5
24.12.2024	108.5	27.12.2024	-225
26.12.2024	109.5	30.12.2024	84
27.12.2024	123.5	31.12.2024	-470
30.12.2024	-26.5	02.01.2025	-266.5
31.12.2024	113	03.01.2025	-6
02.01.2025	-94	06.01.2025	-174
03.01.2025	279.5	07.01.2025	-183.5
06.01.2025	374	08.01.2025	255.5
07.01.2025	-199	09.01.2025	-76
08.01.2025	-353.5	10.01.2025	49.5
09.01.2025	-11.5	13.01.2025	90.5
10.01.2025	211.5	14.01.2025	79
13.01.2025	-251	15.01.2025	143.5
14.01.2025	38	16.01.2025	-177
15.01.2025	360	17.01.2025	351.5
16.01.2025	-519.5	20.01.2025	-50.5
17.01.2025	187	21.01.2025	-162.5
20.01.2025	165.5	22.01.2025	84
21.01.2025	256.5	23.01.2025	-8.5
22.01.2025	315.5	24.01.2025	-229
23.01.2025	-120.5	27.01.2025	-163.5
24.01.2025	-59.5	28.01.2025	221
27.01.2025	225.5	29.01.2025	-93
28.01.2025	349	30.01.2025	210.5
29.01.2025	3.5	31.01.2025	-119
30.01.2025	119.5	03.02.2025	148.5
31.01.2025	253.5	04.02.2025	-133
03.02.2025	468	05.02.2025	24.5
04.02.2025	34	06.02.2025	-75
05.02.2025	-91.5	07.02.2025	-227
06.02.2025	-102.5	10.02.2025	453
07.02.2025	-172.5	11.02.2025	-119.5
10.02.2025	402	12.02.2025	368
11.02.2025	-27	13.02.2025	192.5
12.02.2025	10.5	14.02.2025	116.5
13.02.2025	146	17.02.2025	-31
14.02.2025	-101.5	18.02.2025	-60
17.02.2025	-7	19.02.2025	-32
18.02.2025	-91.5	20.02.2025	-193
19.02.2025	183	21.02.2025	-32.5
20.02.2025	37	24.02.2025	-263
21.02.2025	156.5	25.02.2025	-72.5
24.02.2025	218	26.02.2025	-388.5
25.02.2025	51.5	27.02.2025	-412.5
26.02.2025	-14	28.02.2025	93.5
27.02.2025	-176.5	03.03.2025	-515.5
28.02.2025	-96.5	04.03.2025	44
03.03.2025	-91.5	05.03.2025	215.5
04.03.2025	330.5	06.03.2025	-552
05.03.2025	-76.5	07.03.2025	109.5
06.03.2025	-762.5	10.03.2025	-614
07.03.2025	4	11.03.2025	-115.5
10.03.2025	-880.5	12.03.2025	693
11.03.2025	392.5	13.03.2025	-459.5
12.03.2025	210	14.03.2025	340
13.03.2025	375	17.03.2025	254
14.03.2025	446.5	18.03.2025	-638.5
17.03.2025	366.5	19.03.2025	483.5
18.03.2025	-99	20.03.2025	-12.5
19.03.2025	22	21.03.2025	223
20.03.2025	-1.5	24.03.2025	181.5
21.03.2025	217.5	25.03.2025	103.5
24.03.2025	4.5	26.03.2025	-416
25.03.2025	129	27.03.2025	-352
26.03.2025	-137.5	28.03.2025	-121
27.03.2025	-382	31.03.2025	483
28.03.2025	-549.5	01.04.2025	131.5
31.03.2025	-62	02.04.2025	204
01.04.2025	815	03.04.2025	-734.5
02.04.2025	350.5	04.04.2025	-2 007.50000
03.04.2025	-746.5	07.04.2025	-199
04.04.2025	-1 552.00000	08.04.2025	492
07.04.2025	1 081.00000	09.04.2025	3 749.50000
08.04.2025	-238	10.04.2025	-147
09.04.2025	3 108.00000	11.04.2025	957
10.04.2025	-846.5	14.04.2025	-65.5
11.04.2025	994.5	15.04.2025	146
14.04.2025	55	16.04.2025	-1 024.00000
15.04.2025	252	17.04.2025	-359.5
16.04.2025	186	21.04.2025	-133.5
17.04.2025	228	22.04.2025	689
21.04.2025	-379	23.04.2025	-354
22.04.2025	460	24.04.2025	541.5
23.04.2025	259	25.04.2025	444
24.04.2025	16.5	28.04.2025	207
25.04.2025	-80.5	29.04.2025	87.5
28.04.2025	241	30.04.2025	258
29.04.2025	304	01.05.2025	-389.5
30.04.2025	386	02.05.2025	449
01.05.2025	-350	05.05.2025	-307.5
02.05.2025	191	06.05.2025	-280.5
05.05.2025	-177	07.05.2025	-63
06.05.2025	-663.5	08.05.2025	355.5
07.05.2025	-465.5	09.05.2025	178
08.05.2025	319	12.05.2025	457.5
09.05.2025	173	13.05.2025	304.5
12.05.2025	720	14.05.2025	-109.5
13.05.2025	243	15.05.2025	264
14.05.2025	198	16.05.2025	146.5
15.05.2025	100	19.05.2025	-163.5
16.05.2025	143.5	20.05.2025	-53
19.05.2025	243.5	21.05.2025	221
20.05.2025	78	22.05.2025	-149.5
21.05.2025	-390.5	23.05.2025	202.5
22.05.2025	128.5	26.05.2025	-7.5
23.05.2025	95.5	27.05.2025	161.5
26.05.2025	176.5	28.05.2025	-235.5
27.05.2025	-163.5	29.05.2025	255.5
28.05.2025	-426	30.05.2025	-455
29.05.2025	149.5	02.06.2025	338.5
30.05.2025	79	03.06.2025	-14
02.06.2025	69.5	04.06.2025	-12
03.06.2025	27	05.06.2025	-167
04.06.2025	-139.5	06.06.2025	74.5
05.06.2025	-89.5	09.06.2025	-164
06.06.2025	11.5	10.06.2025	434.5
09.06.2025	-49.5	11.06.2025	-164
10.06.2025	-18	12.06.2025	7.5
11.06.2025	49	13.06.2025	-166
12.06.2025	-49	16.06.2025	195
13.06.2025	-323.5	17.06.2025	-323
16.06.2025	229.5	18.06.2025	-224.5
17.06.2025	-383	19.06.2025	-188.5
18.06.2025	-117.5	20.06.2025	692
19.06.2025	-83	23.06.2025	546.5
20.06.2025	332	24.06.2025	87
23.06.2025	231	25.06.2025	157
24.06.2025	250.5	26.06.2025	238
25.06.2025	40.5	27.06.2025	-16
26.06.2025	122.5	30.06.2025	27
27.06.2025	150	01.07.2025	-280
30.06.2025	21.5	02.07.2025	340
01.07.2025	-190.5	03.07.2025	83
02.07.2025	142.5	04.07.2025	-171
03.07.2025	38.5	07.07.2025	-310.5
04.07.2025	-274	08.07.2025	-16
07.07.2025	-382.5	09.07.2025	292.5
08.07.2025	-3	10.07.2025	42.5
09.07.2025	254	11.07.2025	168
10.07.2025	14	14.07.2025	103.5
11.07.2025	-74	15.07.2025	-188.5
14.07.2025	227.5	16.07.2025	55.5
15.07.2025	84.5	17.07.2025	99
16.07.2025	11	18.07.2025	-84
17.07.2025	-30.5	21.07.2025	196.5
18.07.2025	121	22.07.2025	22
21.07.2025	141	23.07.2025	138
22.07.2025	-35	24.07.2025	-269
23.07.2025	170.5	25.07.2025	-31.5
24.07.2025	-160	28.07.2025	-154
25.07.2025	-145	29.07.2025	-138
28.07.2025	-48.5	30.07.2025	-191.5
29.07.2025	-142.5	31.07.2025	-233
30.07.2025	-105.5	01.08.2025	-651.5
31.07.2025	-277	04.08.2025	620
01.08.2025	-411	05.08.2025	-299
04.08.2025	188	06.08.2025	363
05.08.2025	-64.5	07.08.2025	508
06.08.2025	313.5	08.08.2025	131
07.08.2025	254.5	11.08.2025	-210.5
08.08.2025	225	12.08.2025	323.5
11.08.2025	-114	13.08.2025	5.5
12.08.2025	266.5	14.08.2025	-8.5
13.08.2025	200.5	15.08.2025	-12.5
14.08.2025	-19	18.08.2025	22.5
15.08.2025	-14.5	19.08.2025	-441.5
18.08.2025	-40.5	20.08.2025	32
19.08.2025	-87	21.08.2025	-261.5
20.08.2025	258	22.08.2025	-88.5
21.08.2025	-201.5	26.08.2025	207.5
22.08.2025	137.5	27.08.2025	-76.5
26.08.2025	64.5	28.08.2025	226.5
27.08.2025	-141	29.08.2025	-314
28.08.2025	157	01.09.2025	-155
29.08.2025	-434.5	02.09.2025	139.5
01.09.2025	-24	03.09.2025	-154
02.09.2025	246	04.09.2025	186.5
03.09.2025	-150.5	05.09.2025	-193
04.09.2025	11.5	08.09.2025	129.5
05.09.2025	50	09.09.2025	-9.5
08.09.2025	48.5	10.09.2025	-75.5
09.09.2025	45.5	11.09.2025	137
10.09.2025	215.5	12.09.2025	144
11.09.2025	487.5	15.09.2025	350.5
12.09.2025	60	16.09.2025	-54.5
15.09.2025	143.5	17.09.2025	27.5
16.09.2025	-67	18.09.2025	177
17.09.2025	-273.5	19.09.2025	232
18.09.2025	52.5	22.09.2025	330
19.09.2025	97.5	23.09.2025	-140.5
22.09.2025	156	24.09.2025	37
23.09.2025	-144.5	25.09.2025	131.5
24.09.2025	12	26.09.2025	10.5
25.09.2025	-158.5	29.09.2025	-206.5
26.09.2025	178	30.09.2025	-191
29.09.2025	9.5	01.10.2025	297
30.09.2025	-136	02.10.2025	290.5
01.10.2025	197.5	03.10.2025	-65
02.10.2025	284	06.10.2025	168
03.10.2025	-122.5	07.10.2025	-128
06.10.2025	181.5	08.10.2025	342
07.10.2025	92	09.10.2025	52.5
08.10.2025	382.5	10.10.2025	-226
09.10.2025	-108.5		
10.10.2025	30		
