Date	PNL	MAE	MFE
24.05.2019	22.5	-15.0	30.5
27.05.2019	56.0	-19.0	69.5
28.05.2019	83.5	54.0	109.0
29.05.2019	59.0	32.5	86.0
30.05.2019	106.5	7.5	120.0
31.05.2019	56.0	56.0	120.5
03.06.2019	61.0	29.5	72.5
04.06.2019	33.5	33.5	71.5
05.06.2019	48.5	31.0	64.0
06.06.2019	121.0	27.0	126.0
07.06.2019	163.5	120.5	175.5
10.06.2019	137.0	133.0	171.5
11.06.2019	147.5	130.5	170.0
12.06.2019	102.0	102.0	171.5
13.06.2019	216.0	59.5	216.0
14.06.2019	225.5	186.0	246.5
17.06.2019	230.0	215.0	251.0
18.06.2019	232.0	230.0	251.0
19.06.2019	233.0	231.0	239.5
20.06.2019	250.5	226.5	250.5
21.06.2019	272.0	242.0	273.5
24.06.2019	272.5	257.0	303.0
25.06.2019	329.5	270.5	334.0
26.06.2019	351.0	325.0	370.5
27.06.2019	379.5	342.5	379.5
28.06.2019	421.5	372.0	427.0
02.07.2019	428.0	414.5	457.0
03.07.2019	424.0	408.5	428.0
04.07.2019	425.0	397.5	426.5
05.07.2019	399.5	399.5	431.5
08.07.2019	395.5	350.0	406.0
09.07.2019	357.0	357.0	404.0
10.07.2019	321.0	321.0	357.0
11.07.2019	355.5	316.0	366.0
12.07.2019	374.0	355.5	402.0
15.07.2019	407.5	365.5	410.0
16.07.2019	413.5	403.5	434.0
17.07.2019	430.0	409.5	435.0
18.07.2019	437.5	400.5	445.5
19.07.2019	468.0	422.0	470.5
22.07.2019	500.5	467.5	515.5
23.07.2019	486.0	473.5	505.0
24.07.2019	498.0	480.0	510.0
25.07.2019	495.0	472.5	503.5
26.07.2019	512.0	492.5	537.5
29.07.2019	506.0	475.0	512.5
30.07.2019	486.5	486.5	508.0
31.07.2019	453.0	453.0	503.0
01.08.2019	476.0	446.0	518.5
02.08.2019	398.5	398.5	499.5
05.08.2019	392.0	352.5	429.5
06.08.2019	761.0	374.5	765.0
07.08.2019	806.5	715.0	808.5
08.08.2019	901.5	806.5	906.5
09.08.2019	969.0	898.0	973.5
12.08.2019	1027.5	953.0	1038.0
13.08.2019	1008.5	1008.5	1060.5
14.08.2019	990.5	957.0	1025.5
15.08.2019	1136.5	990.5	1146.5
16.08.2019	1165.5	1118.5	1199.0
19.08.2019	1199.5	1145.0	1201.0
20.08.2019	1230.0	1184.5	1240.5
21.08.2019	1287.0	1225.5	1287.5
22.08.2019	1291.5	1248.5	1310.5
23.08.2019	1341.5	1277.5	1341.5
26.08.2019	1481.5	1307.5	1502.0
27.08.2019	1485.0	1474.0	1552.0
28.08.2019	1460.5	1460.5	1516.0
29.08.2019	1505.0	1453.5	1511.5
30.08.2019	1512.5	1493.5	1535.0
02.09.2019	1520.0	1512.5	1548.5
03.09.2019	1543.0	1508.0	1601.5
04.09.2019	1630.0	1526.5	1648.0
05.09.2019	1635.0	1621.0	1674.5
06.09.2019	1662.0	1626.0	1670.0
09.09.2019	1646.0	1646.0	1690.0
10.09.2019	1651.0	1640.0	1665.5
11.09.2019	1690.5	1632.5	1731.5
12.09.2019	1799.5	1690.5	1827.0
13.09.2019	1838.0	1799.5	1842.5
16.09.2019	1911.5	1822.5	1931.0
17.09.2019	1888.5	1888.5	1915.5
18.09.2019	1879.5	1879.5	1889.0
19.09.2019	1864.5	1864.5	1893.0
20.09.2019	1891.0	1860.5	1893.0
23.09.2019	1887.0	1866.0	1901.0
24.09.2019	1891.0	1870.0	1894.5
25.09.2019	1880.0	1880.0	1930.0
26.09.2019	1884.5	1825.0	1893.5
27.09.2019	1904.5	1855.0	1926.5
30.09.2019	1945.0	1891.0	1961.0
01.10.2019	1972.5	1922.5	1987.0
02.10.2019	1948.5	1948.5	2006.5
03.10.2019	1934.5	1887.0	1974.5
04.10.2019	1921.5	1910.0	1934.5
07.10.2019	1932.0	1893.5	1970.0
08.10.2019	1966.0	1925.5	2004.5
09.10.2019	1967.0	1962.0	2011.0
10.10.2019	2084.0	1934.0	2131.5
11.10.2019	2080.5	2016.0	2132.0
14.10.2019	2036.0	2036.0	2094.5
15.10.2019	2065.5	2027.0	2072.5
16.10.2019	2065.5	2026.5	2078.0
17.10.2019	2042.0	2042.0	2077.0
18.10.2019	1988.0	1988.0	2048.5
21.10.2019	1982.0	1982.0	2015.0
22.10.2019	2007.0	1976.5	2040.5
23.10.2019	1984.5	1947.5	2007.5
24.10.2019	2006.5	1973.0	2010.5
25.10.2019	2073.5	1986.5	2086.5
28.10.2019	2050.0	2050.0	2083.5
29.10.2019	2034.5	2034.5	2064.5
30.10.2019	2059.0	2018.0	2064.0
31.10.2019	2069.5	2041.0	2071.5
01.11.2019	2089.0	2067.0	2089.0
04.11.2019	2105.5	2086.5	2119.0
05.11.2019	2144.0	2105.5	2165.5
06.11.2019	2162.5	2135.5	2163.0
07.11.2019	2167.5	2152.5	2176.0
08.11.2019	2161.5	2132.5	2169.5
11.11.2019	2148.5	2148.5	2163.5
12.11.2019	2147.5	2133.0	2153.5
13.11.2019	2149.0	2126.5	2150.0
14.11.2019	2154.0	2148.5	2185.5
15.11.2019	2222.5	2147.5	2235.5
18.11.2019	2285.5	2212.0	2327.0
19.11.2019	2343.5	2284.0	2353.5
20.11.2019	2348.0	2313.5	2353.5
21.11.2019	2368.0	2348.0	2416.5
22.11.2019	2393.5	2367.5	2401.0
25.11.2019	2392.5	2391.0	2409.0
26.11.2019	2387.5	2387.5	2474.5
27.11.2019	2400.0	2376.0	2402.5
28.11.2019	2417.0	2387.0	2421.0
29.11.2019	2419.5	2390.5	2422.5
02.12.2019	2445.5	2407.0	2466.0
03.12.2019	2397.5	2397.5	2487.5
04.12.2019	2410.0	2386.0	2424.0
05.12.2019	2387.5	2374.5	2431.0
06.12.2019	2412.0	2380.5	2426.5
09.12.2019	2429.0	2406.5	2433.0
10.12.2019	2425.0	2402.5	2440.0
11.12.2019	2433.0	2420.0	2446.0
12.12.2019	2437.5	2427.5	2440.5
13.12.2019	2413.0	2413.0	2452.0
16.12.2019	2420.5	2406.5	2433.5
17.12.2019	2449.0	2414.5	2453.5
18.12.2019	2436.5	2436.5	2468.5
19.12.2019	2434.0	2425.0	2443.5
20.12.2019	2391.0	2391.0	2438.0
23.12.2019	2386.0	2386.0	2395.5
24.12.2019	2398.5	2378.0	2401.5
26.12.2019	2421.0	2398.0	2428.5
27.12.2019	2420.5	2416.5	2438.0
30.12.2019	2451.5	2420.5	2461.0
31.12.2019	2466.5	2444.0	2475.0
02.01.2020	2490.0	2445.0	2495.0
03.01.2020	2475.5	2475.5	2497.5
06.01.2020	2495.0	2457.0	2499.0
07.01.2020	2542.5	2485.5	2554.5
08.01.2020	2613.5	2510.0	2691.0
09.01.2020	2639.0	2574.0	2645.0
10.01.2020	2670.5	2635.0	2686.0
13.01.2020	2760.0	2670.5	2762.0
14.01.2020	2726.0	2726.0	2761.0
15.01.2020	2727.5	2697.5	2753.0
16.01.2020	2708.5	2708.5	2731.5
17.01.2020	2698.0	2676.5	2712.0
20.01.2020	2670.0	2670.0	2711.5
21.01.2020	2646.5	2646.5	2673.5
22.01.2020	2713.0	2645.5	2744.5
23.01.2020	2660.0	2660.0	2719.0
24.01.2020	2637.0	2637.0	2662.0
27.01.2020	2571.5	2571.5	2691.5
28.01.2020	2619.5	2552.5	2630.0
29.01.2020	2668.5	2619.5	2673.0
30.01.2020	2574.0	2574.0	2674.0
31.01.2020	2538.0	2538.0	2596.5
03.02.2020	2582.5	2519.0	2653.5
04.02.2020	2644.0	2581.0	2695.5
05.02.2020	2646.5	2582.5	2669.5
06.02.2020	2722.0	2635.5	2755.5
07.02.2020	2682.0	2682.0	2763.5
10.02.2020	2673.0	2642.0	2753.0
11.02.2020	2674.0	2663.0	2699.5
12.02.2020	2684.0	2641.0	2690.5
13.02.2020	2654.0	2654.0	2706.5
14.02.2020	2680.0	2645.5	2697.0
17.02.2020	2753.5	2680.0	2756.0
18.02.2020	2724.5	2724.5	2758.0
19.02.2020	2767.5	2702.5	2771.0
20.02.2020	2838.0	2767.5	2844.0
21.02.2020	2738.0	2738.0	2862.5
24.02.2020	2671.5	2671.5	2770.5
25.02.2020	2694.5	2642.0	2702.0
26.02.2020	2603.0	2603.0	2766.0
27.02.2020	2355.0	2252.5	2621.0
28.02.2020	2322.5	2146.0	2402.5
02.03.2020	2548.5	2192.0	2567.0
03.03.2020	2497.5	2346.5	2629.5
04.03.2020	2758.5	2497.5	2797.0
05.03.2020	2670.0	2624.0	2769.5
06.03.2020	2614.0	2614.0	2763.5
09.03.2020	2463.5	2463.5	2618.0
10.03.2020	2542.0	2313.0	2646.0
11.03.2020	2301.5	2126.5	2574.0
12.03.2020	2280.0	2280.0	2556.5
13.03.2020	2124.5	2009.0	2386.0
18.03.2020	2321.0	2061.0	2364.5
19.03.2020	2231.5	1975.0	2697.0
20.03.2020	2765.5	2143.5	2769.0
23.03.2020	2921.0	2651.5	3010.0
24.03.2020	3462.0	2900.0	3462.0
25.03.2020	3527.5	3081.0	3554.0
26.03.2020	3280.0	3280.0	3644.5
27.03.2020	3148.5	3008.5	3329.5
30.03.2020	3363.5	3096.0	3389.5
31.03.2020	3495.0	3334.0	3496.5
01.04.2020	3304.5	3304.5	3507.0
02.04.2020	3357.5	3216.0	3365.5
03.04.2020	3190.5	3190.5	3375.0
06.04.2020	3451.5	3159.5	3508.0
07.04.2020	3658.0	3451.5	3677.5
08.04.2020	3730.5	3515.5	3762.0
09.04.2020	3767.0	3629.5	3815.5
13.04.2020	3875.5	3694.5	3875.5
14.04.2020	4005.5	3865.5	4076.0
15.04.2020	3804.0	3804.0	4014.5
16.04.2020	3805.5	3743.5	3859.5
17.04.2020	3700.5	3700.5	3844.0
20.04.2020	3736.0	3688.0	3857.0
21.04.2020	3531.5	3531.5	3783.5
22.04.2020	3502.5	3396.5	3596.0
23.04.2020	3372.5	3316.5	3513.0
24.04.2020	3484.5	3258.5	3506.0
27.04.2020	3579.5	3438.5	3588.5
28.04.2020	3603.0	3548.5	3617.5
29.04.2020	3692.5	3594.5	3765.5
30.04.2020	3708.5	3622.5	3767.5
01.05.2020	3609.5	3609.5	3736.5
04.05.2020	3792.0	3588.0	3810.0
05.05.2020	3943.0	3775.0	3943.0
06.05.2020	4070.0	3922.0	4074.0
07.05.2020	4143.0	4022.5	4149.5
08.05.2020	4279.0	4140.0	4289.5
11.05.2020	4207.0	4207.0	4306.0
12.05.2020	4236.0	4193.0	4263.5
13.05.2020	4411.5	4180.0	4426.0
14.05.2020	4375.0	4224.5	4426.5
15.05.2020	4509.0	4362.5	4522.5
18.05.2020	4525.5	4456.5	4541.5
19.05.2020	4643.5	4519.0	4653.5
20.05.2020	4668.0	4593.5	4681.0
21.05.2020	4622.5	4622.5	4691.0
22.05.2020	4559.0	4559.0	4668.5
25.05.2020	4636.5	4497.5	4656.0
26.05.2020	4700.0	4636.5	4762.5
27.05.2020	4800.5	4697.5	4834.5
28.05.2020	4725.0	4725.0	4901.0
29.05.2020	4630.0	4630.0	4779.5
01.06.2020	4749.5	4630.0	4763.5
02.06.2020	4798.0	4711.0	4799.0
03.06.2020	4778.0	4778.0	4873.0
04.06.2020	4667.0	4667.0	4802.5
05.06.2020	4750.0	4637.0	4761.5
08.06.2020	4735.0	4735.0	4785.0
09.06.2020	4759.0	4699.0	4777.0
10.06.2020	4774.0	4755.0	4809.5
11.06.2020	4687.5	4687.5	4816.5
12.06.2020	4919.5	4677.5	4929.0
15.06.2020	4841.5	4841.5	4955.5
16.06.2020	4929.5	4790.5	5002.0
17.06.2020	5000.5	4843.0	5007.0
18.06.2020	5023.0	4912.0	5039.5
19.06.2020	5072.5	5009.5	5073.5
22.06.2020	5231.5	5060.0	5242.5
23.06.2020	5269.5	5166.0	5281.0
24.06.2020	5286.5	5224.0	5353.5
25.06.2020	5244.5	5244.5	5341.5
26.06.2020	5162.0	5162.0	5281.5
29.06.2020	5148.0	5118.5	5242.5
30.06.2020	5071.5	5071.5	5152.0
01.07.2020	4997.0	4997.0	5107.0
02.07.2020	5036.0	4960.5	5050.5
03.07.2020	5054.0	4971.0	5061.0
06.07.2020	5066.5	5044.5	5135.0
07.07.2020	4994.5	4994.5	5073.0
08.07.2020	4965.5	4921.5	5032.0
09.07.2020	4970.5	4937.5	4998.5
10.07.2020	4988.0	4892.0	5003.0
13.07.2020	4960.0	4907.5	4992.0
14.07.2020	4876.0	4876.0	5058.5
15.07.2020	4940.5	4812.5	4943.0
16.07.2020	4828.0	4828.0	4960.5
17.07.2020	4892.0	4778.5	4905.0
20.07.2020	4780.0	4780.0	4901.5
21.07.2020	4930.5	4742.0	4948.0
22.07.2020	4980.5	4904.0	4987.0
23.07.2020	5087.5	4872.5	5136.5
24.07.2020	5059.0	5059.0	5108.0
27.07.2020	5237.5	5026.0	5238.0
28.07.2020	5266.0	5237.5	5341.0
29.07.2020	5258.0	5156.5	5287.5
30.07.2020	5216.0	5216.0	5275.0
31.07.2020	5291.0	5189.0	5301.0
03.08.2020	5316.0	5288.5	5372.0
04.08.2020	5374.5	5293.5	5392.0
05.08.2020	5424.0	5339.5	5424.5
06.08.2020	5487.5	5421.5	5502.5
07.08.2020	5571.0	5487.5	5575.0
10.08.2020	5562.0	5532.5	5575.5
11.08.2020	5554.5	5545.0	5619.5
12.08.2020	5630.0	5469.5	5638.0
13.08.2020	5683.5	5590.0	5696.0
14.08.2020	5696.5	5631.5	5719.0
17.08.2020	5698.0	5690.5	5748.0
18.08.2020	5675.5	5675.5	5713.5
19.08.2020	5687.0	5671.5	5717.0
20.08.2020	5728.5	5607.5	5739.5
21.08.2020	5708.0	5708.0	5779.0
24.08.2020	5756.0	5686.0	5761.0
25.08.2020	5745.5	5741.0	5792.0
26.08.2020	5698.5	5698.5	5777.5
27.08.2020	5753.0	5612.5	5804.0
28.08.2020	5867.5	5732.0	5870.5
31.08.2020	5856.0	5856.0	5876.0
01.09.2020	5956.0	5807.0	5956.5
02.09.2020	5939.5	5939.5	5999.0
03.09.2020	5837.5	5837.5	5952.0
04.09.2020	6034.5	5746.5	6066.5
07.09.2020	5913.5	5913.5	6129.5
08.09.2020	5958.0	5831.0	5962.0
09.09.2020	6093.0	5930.5	6314.5
10.09.2020	6254.5	6073.5	6261.0
11.09.2020	6385.0	6238.0	6395.5
14.09.2020	6418.5	6342.0	6461.5
15.09.2020	6619.0	6418.5	6621.5
16.09.2020	6776.0	6561.5	6795.0
17.09.2020	6543.0	6543.0	6818.5
18.09.2020	6385.0	6385.0	6664.0
21.09.2020	6128.5	6128.5	6486.0
22.09.2020	5977.0	5977.0	6204.0
23.09.2020	6040.0	5861.0	6047.0
24.09.2020	5862.5	5862.5	6106.5
25.09.2020	5802.0	5802.0	5924.5
28.09.2020	5924.0	5802.0	5927.0
29.09.2020	5985.5	5891.5	5989.0
30.09.2020	5948.0	5948.0	6054.0
01.10.2020	6047.0	5948.0	6050.5
02.10.2020	5818.5	5818.5	6113.0
05.10.2020	5776.5	5776.5	5844.5
06.10.2020	5728.5	5728.5	5862.0
07.10.2020	5849.5	5682.0	5882.5
08.10.2020	5956.5	5849.5	5970.0
09.10.2020	5941.0	5920.5	5971.5
12.10.2020	5953.0	5893.5	5969.5
13.10.2020	5920.5	5812.0	5972.0
14.10.2020	5900.5	5900.5	6032.0
15.10.2020	5808.0	5808.0	5923.0
16.10.2020	5869.5	5791.0	5894.5
19.10.2020	5877.0	5844.5	5939.0
20.10.2020	5973.0	5861.0	5996.5
21.10.2020	6030.5	5945.0	6145.0
22.10.2020	5945.0	5945.0	6042.0
23.10.2020	5931.5	5877.0	5947.5
26.10.2020	5882.5	5882.5	5976.0
27.10.2020	5998.0	5845.5	6001.5
28.10.2020	5995.0	5963.5	6016.5
29.10.2020	6139.5	5973.0	6149.0
30.10.2020	6054.0	5895.5	6154.5
02.11.2020	6158.5	6036.0	6181.5
03.11.2020	6148.0	6076.5	6206.0
04.11.2020	6205.5	6108.0	6475.5
05.11.2020	6255.0	6081.0	6409.5
06.11.2020	6143.5	6018.5	6263.5
09.11.2020	6235.0	6097.0	6252.5
10.11.2020	6191.5	5970.0	6298.0
11.11.2020	6175.0	6131.5	6330.5
12.11.2020	6168.0	6060.5	6200.0
13.11.2020	6265.5	6157.5	6288.0
16.11.2020	6175.5	6175.5	6274.0
17.11.2020	6156.0	6124.0	6182.0
18.11.2020	6140.0	6123.5	6172.5
19.11.2020	6119.0	6062.5	6158.0
20.11.2020	6190.0	6099.0	6209.5
23.11.2020	6164.5	6164.5	6251.0
24.11.2020	6125.5	6125.5	6205.5
26.11.2020	6095.5	6095.5	6171.5
27.11.2020	6084.0	6051.0	6102.5
30.11.2020	6050.0	6050.0	6113.5
01.12.2020	6059.0	6042.0	6133.5
02.12.2020	6041.0	6041.0	6140.0
03.12.2020	6051.5	6022.0	6099.0
04.12.2020	6092.0	6013.5	6104.5
07.12.2020	6073.0	6041.5	6109.5
08.12.2020	6079.5	6023.0	6089.0
09.12.2020	6020.5	6020.5	6095.0
10.12.2020	5962.0	5962.0	6022.5
11.12.2020	5939.0	5939.0	5977.0
14.12.2020	5902.0	5902.0	5946.0
15.12.2020	5885.5	5828.0	5907.5
16.12.2020	5932.5	5874.0	5938.0
17.12.2020	5964.0	5914.0	5975.5
18.12.2020	6000.0	5940.5	6005.5
22.12.2020	5925.5	5925.5	6013.0
23.12.2020	5970.0	5884.5	5973.5
24.12.2020	5920.5	5920.5	5985.5
28.12.2020	5959.0	5903.5	5963.5
29.12.2020	5951.0	5923.5	5966.0
30.12.2020	6009.0	5948.0	6009.5
31.12.2020	5995.5	5946.0	6009.5
04.01.2021	6068.5	5991.0	6076.5
05.01.2021	6170.0	6047.0	6176.0
06.01.2021	5972.5	5972.5	6239.0
07.01.2021	6118.5	5968.5	6122.5
08.01.2021	6193.0	6111.5	6207.0
11.01.2021	6093.0	6093.0	6201.5
12.01.2021	6147.0	6087.0	6148.0
13.01.2021	6132.5	6128.5	6191.0
14.01.2021	6136.0	6129.0	6210.0
15.01.2021	6119.5	6036.5	6147.0
18.01.2021	6108.0	6052.5	6154.0
19.01.2021	6094.5	6094.5	6110.0
20.01.2021	6164.5	6047.0	6184.0
21.01.2021	6275.0	6160.0	6282.0
22.01.2021	6194.5	6194.5	6275.5
25.01.2021	6237.5	6189.0	6248.5
26.01.2021	6192.0	6192.0	6243.0
27.01.2021	6078.0	6078.0	6217.5
28.01.2021	6045.0	6010.0	6272.5
29.01.2021	5883.5	5883.5	6105.5
01.02.2021	6045.5	5848.5	6061.5
02.02.2021	6112.0	6022.0	6172.0
03.02.2021	6157.5	6078.0	6171.0
04.02.2021	6133.0	6074.5	6159.5
05.02.2021	6250.5	6119.5	6261.0
08.02.2021	6209.0	6209.0	6256.0
09.02.2021	6153.5	6153.5	6225.5
10.02.2021	6227.0	6153.5	6246.0
11.02.2021	6297.0	6204.0	6301.5
12.02.2021	6255.5	6255.5	6307.0
15.02.2021	6284.0	6253.5	6323.0
16.02.2021	6305.5	6284.0	6326.5
17.02.2021	6351.5	6303.0	6402.0
18.02.2021	6301.5	6286.5	6381.5
19.02.2021	6364.0	6255.5	6369.5
22.02.2021	6180.5	6180.5	6386.0
23.02.2021	6159.5	6159.5	6289.0
24.02.2021	6200.0	5973.5	6305.0
25.02.2021	6140.5	6133.0	6256.5
26.02.2021	5957.0	5734.0	6163.5
01.03.2021	6036.0	5862.0	6047.0
02.03.2021	5964.5	5964.5	6080.0
03.03.2021	6159.5	5947.0	6162.5
04.03.2021	6176.0	5925.0	6234.0
05.03.2021	6382.5	6159.0	6389.5
08.03.2021	6061.5	6061.5	6400.0
09.03.2021	6065.5	5998.5	6154.5
10.03.2021	6073.5	6012.5	6113.5
11.03.2021	6286.0	6073.5	6286.5
12.03.2021	6220.0	6220.0	6364.0
15.03.2021	6104.5	6104.5	6243.0
16.03.2021	6204.0	6071.5	6211.0
17.03.2021	6103.5	6103.5	6210.5
18.03.2021	6169.0	6103.5	6293.5
19.03.2021	6156.5	6010.5	6225.0
22.03.2021	6254.0	6145.5	6305.0
23.03.2021	6197.5	6129.5	6301.0
24.03.2021	6199.5	6190.0	6299.0
25.03.2021	6237.0	6106.0	6249.0
26.03.2021	6372.5	6197.5	6377.5
29.03.2021	6449.0	6240.0	6475.0
30.03.2021	6328.5	6328.5	6458.5
31.03.2021	6426.0	6256.5	6433.5
01.04.2021	6434.0	6358.0	6441.5
02.04.2021	6494.0	6424.5	6507.0
05.04.2021	6457.0	6457.0	6539.0
06.04.2021	6392.5	6392.5	6484.5
07.04.2021	6401.5	6368.5	6420.0
08.04.2021	6459.5	6401.5	6477.5
09.04.2021	6543.5	6455.5	6544.5
12.04.2021	6503.0	6503.0	6607.0
13.04.2021	6432.0	6432.0	6518.0
14.04.2021	6453.5	6393.0	6464.0
15.04.2021	6464.5	6397.5	6482.5
16.04.2021	6452.0	6441.0	6481.0
19.04.2021	6493.0	6407.5	6498.5
20.04.2021	6471.0	6471.0	6525.5
21.04.2021	6497.5	6415.0	6500.0
22.04.2021	6541.0	6470.5	6566.0
23.04.2021	6500.0	6500.0	6579.0
26.04.2021	6506.0	6491.5	6540.5
27.04.2021	6545.0	6488.5	6559.5
28.04.2021	6557.5	6545.0	6585.0
29.04.2021	6591.0	6556.0	6606.5
30.04.2021	6590.0	6544.0	6597.0
03.05.2021	6632.5	6589.5	6637.5
04.05.2021	6663.5	6617.0	6671.5
05.05.2021	6716.5	6645.0	6735.5
06.05.2021	6902.0	6704.5	6920.0
07.05.2021	6867.0	6867.0	6912.5
10.05.2021	6768.5	6768.5	6867.0
11.05.2021	6796.0	6710.0	6804.5
12.05.2021	6806.5	6649.5	6835.0
13.05.2021	6709.0	6709.0	6831.5
14.05.2021	6742.5	6639.0	6750.5
17.05.2021	6641.5	6632.5	6748.0
18.05.2021	6763.0	6622.0	6772.0
19.05.2021	6729.5	6729.5	6777.0
20.05.2021	6792.0	6682.5	6828.5
21.05.2021	6826.5	6792.0	6843.0
24.05.2021	6975.0	6793.0	6981.0
25.05.2021	7022.0	6949.0	7030.0
26.05.2021	6930.5	6930.5	7060.5
27.05.2021	6880.5	6880.5	6970.0
28.05.2021	6876.0	6876.0	6912.5
31.05.2021	6848.5	6848.5	6888.0
01.06.2021	6913.5	6837.5	6927.5
02.06.2021	6931.0	6887.5	6982.5
03.06.2021	6925.5	6925.5	6974.0
04.06.2021	6966.5	6878.5	6987.0
07.06.2021	6886.5	6886.5	6970.0
08.06.2021	6926.0	6878.0	6977.5
09.06.2021	6912.0	6870.0	6944.5
10.06.2021	6916.0	6898.5	6948.5
11.06.2021	6899.5	6899.0	6939.5
14.06.2021	6876.5	6847.0	6917.5
15.06.2021	6940.5	6874.5	6944.0
16.06.2021	6892.0	6892.0	6949.0
17.06.2021	7165.5	6852.5	7183.0
18.06.2021	7134.0	7134.0	7196.5
21.06.2021	7192.5	7067.5	7195.0
22.06.2021	7153.0	7153.0	7225.0
23.06.2021	7144.0	7135.5	7190.5
24.06.2021	7156.0	7132.0	7171.5
25.06.2021	7141.5	7108.0	7161.5
28.06.2021	7136.5	7136.5	7167.0
29.06.2021	7102.5	7102.5	7161.5
30.06.2021	7104.5	7101.0	7119.5
01.07.2021	7150.0	7058.0	7182.5
02.07.2021	7235.5	7110.5	7236.0
05.07.2021	7205.0	7205.0	7238.5
06.07.2021	7192.5	7192.5	7240.5
07.07.2021	7212.5	7166.0	7214.5
08.07.2021	7171.0	7171.0	7231.5
09.07.2021	7254.0	7132.0	7303.5
12.07.2021	7203.5	7203.5	7283.0
13.07.2021	7188.0	7188.0	7221.5
14.07.2021	7134.0	7134.0	7225.0
15.07.2021	7125.5	7122.5	7180.0
16.07.2021	7183.0	7125.5	7183.0
19.07.2021	7128.5	7128.5	7234.5
20.07.2021	7118.5	7105.5	7230.0
21.07.2021	7143.5	7100.0	7155.5
22.07.2021	7195.5	7126.5	7197.0
23.07.2021	7232.0	7192.5	7241.0
26.07.2021	7273.0	7221.0	7276.5
27.07.2021	7239.5	7239.5	7280.5
28.07.2021	7316.0	7232.0	7366.5
29.07.2021	7338.0	7248.5	7338.0
30.07.2021	7352.0	7248.5	7373.0
02.08.2021	7413.5	7340.0	7439.5
03.08.2021	7382.5	7360.5	7433.5
04.08.2021	7380.5	7359.5	7392.5
05.08.2021	7370.5	7370.5	7407.5
06.08.2021	7355.5	7351.0	7373.5
09.08.2021	7401.0	7349.0	7409.0
10.08.2021	7370.5	7370.5	7405.5
11.08.2021	7383.5	7351.5	7388.0
12.08.2021	7355.0	7355.0	7389.0
13.08.2021	7337.0	7324.0	7360.0
16.08.2021	7278.5	7278.5	7341.5
17.08.2021	7233.5	7233.5	7287.0
18.08.2021	7286.5	7195.0	7307.0
19.08.2021	7212.5	7212.5	7322.5
20.08.2021	7090.5	7090.5	7262.5
23.08.2021	7107.0	7090.5	7144.0
24.08.2021	7187.0	7075.5	7188.0
25.08.2021	7155.5	7155.5	7208.0
26.08.2021	7150.0	7117.0	7156.5
27.08.2021	7191.0	7143.0	7243.5
30.08.2021	7250.5	7188.0	7252.0
31.08.2021	7259.0	7235.0	7265.0
01.09.2021	7273.5	7216.5	7277.5
02.09.2021	7288.0	7250.0	7307.5
03.09.2021	7268.5	7268.5	7425.5
06.09.2021	7274.5	7239.5	7283.0
07.09.2021	7244.5	7244.5	7292.0
08.09.2021	7250.0	7244.5	7280.5
09.09.2021	7208.0	7208.0	7267.0
10.09.2021	7247.5	7172.5	7252.5
13.09.2021	7346.5	7234.5	7352.5
14.09.2021	7319.0	7319.0	7378.0
15.09.2021	7375.5	7297.0	7378.5
16.09.2021	7310.5	7310.5	7414.5
17.09.2021	7267.5	7267.5	7320.0
20.09.2021	7258.0	7243.5	7358.5
21.09.2021	7495.5	7220.5	7497.5
22.09.2021	7744.0	7495.5	7800.0
23.09.2021	7885.0	7733.0	7891.0
24.09.2021	7816.5	7816.5	7901.0
27.09.2021	7947.5	7813.5	7947.5
28.09.2021	7991.0	7893.0	7993.0
29.09.2021	8159.5	7959.5	8173.5
30.09.2021	8234.0	8143.5	8324.5
01.10.2021	8071.0	8071.0	8272.5
04.10.2021	8117.0	8071.0	8137.0
05.10.2021	8165.0	8109.0	8212.0
06.10.2021	7964.0	7964.0	8195.0
07.10.2021	8105.5	7936.5	8108.0
08.10.2021	8051.0	8051.0	8177.0
11.10.2021	7955.5	7955.5	8147.5
12.10.2021	7817.0	7817.0	7957.5
13.10.2021	7863.0	7811.0	7909.5
14.10.2021	7957.5	7858.0	7963.0
15.10.2021	8065.0	7957.5	8076.5
18.10.2021	8008.5	8008.5	8104.0
19.10.2021	8113.5	8001.0	8125.0
20.10.2021	8123.5	8049.5	8133.0
21.10.2021	8093.0	8090.0	8151.0
22.10.2021	8176.0	8066.0	8189.0
25.10.2021	8206.5	8134.0	8215.0
26.10.2021	8284.5	8195.0	8290.5
27.10.2021	8227.5	8227.5	8375.5
28.10.2021	8195.5	8193.5	8237.5
29.10.2021	8201.5	8156.0	8205.0
01.11.2021	8143.0	8143.0	8235.5
02.11.2021	8112.0	8083.5	8151.0
03.11.2021	8122.5	8101.0	8133.0
04.11.2021	8196.0	8100.0	8220.0
05.11.2021	8208.5	8189.0	8231.0
08.11.2021	8210.0	8150.5	8221.0
09.11.2021	8203.5	8170.5	8216.5
10.11.2021	8256.5	8183.0	8258.0
11.11.2021	8382.5	8229.0	8388.5
12.11.2021	8329.0	8329.0	8391.0
15.11.2021	8312.5	8286.0	8336.0
16.11.2021	8320.5	8294.0	8348.5
17.11.2021	8363.5	8286.5	8373.5
18.11.2021	8372.5	8328.5	8377.5
19.11.2021	8348.5	8348.5	8424.0
22.11.2021	8361.0	8338.5	8402.5
23.11.2021	8236.0	8236.0	8368.5
24.11.2021	8292.0	8196.5	8296.5
25.11.2021	8351.5	8281.0	8359.5
26.11.2021	8297.5	8297.5	8378.5
29.11.2021	8502.0	8157.0	8529.0
30.11.2021	8421.5	8421.5	8509.5
01.12.2021	8485.0	8344.5	8572.5
02.12.2021	8352.5	8352.5	8601.5
03.12.2021	8357.5	8273.0	8380.0
06.12.2021	8291.5	8291.5	8434.5
07.12.2021	8432.5	8283.5	8437.5
08.12.2021	8447.5	8424.0	8567.0
09.12.2021	8495.0	8407.5	8500.5
10.12.2021	8541.0	8432.5	8544.5
13.12.2021	8579.0	8541.0	8597.5
14.12.2021	8520.0	8520.0	8594.5
15.12.2021	8473.5	8473.5	8579.0
16.12.2021	8604.0	8468.0	8607.0
17.12.2021	8397.0	8397.0	8648.0
20.12.2021	8170.5	8170.5	8421.0
21.12.2021	8376.5	8140.5	8385.5
22.12.2021	8272.5	8272.5	8393.0
23.12.2021	8247.0	8247.0	8300.0
27.12.2021	8208.0	8208.0	8261.5
28.12.2021	8245.5	8156.5	8260.5
29.12.2021	8178.0	8178.0	8302.0
30.12.2021	8224.5	8175.0	8234.0
31.12.2021	8146.0	8146.0	8254.0
03.01.2022	8120.0	8120.0	8169.0
04.01.2022	8144.0	8085.5	8167.5
05.01.2022	8151.0	8102.0	8175.0
06.01.2022	8183.0	7953.0	8192.0
07.01.2022	8154.0	8154.0	8209.0
10.01.2022	8200.0	8153.0	8252.5
11.01.2022	8038.5	8038.5	8203.0
12.01.2022	8096.5	7963.5	8098.5
13.01.2022	8102.5	8039.0	8117.0
14.01.2022	8153.5	8044.5	8175.0
17.01.2022	8237.0	8107.0	8254.0
18.01.2022	8212.5	8202.0	8304.5
19.01.2022	8179.5	8113.5	8264.5
20.01.2022	8178.5	8130.0	8314.5
21.01.2022	8183.0	7914.5	8192.0
24.01.2022	8272.5	8179.5	8405.5
25.01.2022	8152.0	8152.0	8437.0
26.01.2022	8681.5	8152.0	8707.0
27.01.2022	8898.0	8498.5	8983.0
28.01.2022	8800.0	8800.0	9020.0
31.01.2022	8822.0	8725.5	8946.5
01.02.2022	8954.0	8749.5	8976.5
02.02.2022	9017.5	8939.0	9020.0
03.02.2022	9143.0	8973.0	9154.0
04.02.2022	9243.0	9119.0	9263.0
07.02.2022	9238.5	9153.5	9313.0
08.02.2022	9223.0	9133.0	9247.0
09.02.2022	9244.0	9221.0	9283.0
10.02.2022	9278.0	9175.0	9282.5
11.02.2022	9307.5	9113.5	9367.0
14.02.2022	9158.0	9158.0	9382.0
15.02.2022	9163.0	9149.5	9278.0
16.02.2022	9182.0	9117.0	9204.0
17.02.2022	9210.0	9091.5	9236.0
18.02.2022	9353.0	9210.0	9445.5
21.02.2022	9660.0	9314.5	9694.5
22.02.2022	9961.5	9487.0	9974.0
23.02.2022	9848.5	9848.5	10041.5
24.02.2022	9397.5	9397.5	9852.0
25.02.2022	9351.5	9351.5	9571.5
28.02.2022	9506.0	9337.0	9590.0
01.03.2022	9579.0	9473.0	9588.0
02.03.2022	9701.0	9517.0	9709.0
03.03.2022	9770.0	9660.5	9791.5
04.03.2022	9724.0	9593.0	9800.0
07.03.2022	9753.5	9628.0	9829.0
08.03.2022	9838.5	9727.5	9951.0
09.03.2022	10159.0	9814.5	10163.0
10.03.2022	10054.5	10011.0	10162.5
11.03.2022	10059.5	9911.5	10112.5
14.03.2022	10135.5	9963.0	10204.0
15.03.2022	9997.0	9997.0	10189.5
16.03.2022	10035.0	9914.0	10037.5
17.03.2022	10014.0	9905.0	10047.0
18.03.2022	10099.0	9948.5	10099.0
21.03.2022	10182.5	9975.0	10198.0
22.03.2022	10302.5	10174.5	10311.0
23.03.2022	10194.0	10194.0	10321.5
24.03.2022	10245.0	10173.0	10260.5
25.03.2022	10300.0	10213.5	10365.0
28.03.2022	10377.5	10262.0	10388.5
29.03.2022	10382.0	10303.0	10460.5
30.03.2022	10241.5	10241.5	10413.5
31.03.2022	10267.5	10230.0	10311.5
01.04.2022	10285.0	10220.5	10302.0
04.04.2022	10370.5	10239.0	10376.0
05.04.2022	10325.0	10325.0	10381.5
06.04.2022	10345.0	10261.5	10353.5
07.04.2022	10390.0	10245.0	10394.0
08.04.2022	10477.0	10388.0	10482.0
11.04.2022	10422.5	10422.5	10563.0
12.04.2022	10427.5	10352.5	10431.5
13.04.2022	10634.0	10422.0	10641.5
14.04.2022	10726.5	10621.5	10778.5
18.04.2022	10759.0	10711.0	10809.0
19.04.2022	10826.0	10734.5	10908.0
20.04.2022	10935.0	10699.0	10958.0
21.04.2022	10994.0	10903.0	11027.0
22.04.2022	10959.0	10959.0	11083.5
25.04.2022	10887.0	10887.0	11058.0
26.04.2022	10946.0	10838.5	10958.5
27.04.2022	11317.0	10946.0	11479.5
28.04.2022	11451.0	11278.0	11465.0
29.04.2022	11562.0	11449.0	11699.5
02.05.2022	11421.5	11421.5	11711.0
03.05.2022	11559.5	11398.5	11642.5
04.05.2022	11542.0	11542.0	11639.0
05.05.2022	11476.0	11476.0	11568.5
06.05.2022	11539.5	11471.0	11645.5
09.05.2022	11392.5	11392.5	11570.5
10.05.2022	11657.5	11312.0	11677.0
11.05.2022	11676.5	11585.0	11731.0
12.05.2022	11341.0	11341.0	11748.0
13.05.2022	11558.0	11317.5	11655.0
16.05.2022	11255.0	11255.0	11639.5
17.05.2022	11326.0	11229.0	11382.5
18.05.2022	11181.0	11181.0	11358.0
19.05.2022	11196.5	11159.0	11307.0
20.05.2022	11352.0	11189.5	11367.5
23.05.2022	11206.0	11206.0	11440.5
24.05.2022	11051.5	11051.5	11210.5
25.05.2022	10919.5	10919.5	11128.0
26.05.2022	11088.5	10887.0	11092.5
27.05.2022	11213.0	11037.0	11218.5
30.05.2022	11379.0	11198.0	11382.5
31.05.2022	11147.0	11147.0	11382.0
01.06.2022	10956.5	10956.5	11242.5
02.06.2022	11132.0	10952.5	11148.5
03.06.2022	11051.0	11051.0	11140.0
06.06.2022	11079.0	10929.5	11109.5
07.06.2022	11032.5	10999.0	11113.5
08.06.2022	10860.5	10860.5	11059.5
09.06.2022	10802.0	10802.0	10892.0
10.06.2022	10920.0	10798.0	10923.0
13.06.2022	10812.5	10812.5	10961.0
14.06.2022	10936.0	10776.0	10955.5
15.06.2022	11010.0	10930.0	11043.5
16.06.2022	10983.0	10983.0	11083.5
17.06.2022	11090.5	10936.0	11112.0
20.06.2022	11154.5	11012.5	11176.0
21.06.2022	11202.5	11121.0	11238.0
22.06.2022	11133.5	11133.5	11210.5
23.06.2022	11249.5	11105.0	11376.0
24.06.2022	11436.5	11185.0	11463.5
27.06.2022	11486.5	11421.0	11497.5
28.06.2022	11623.5	11426.0	11640.5
29.06.2022	11499.5	11499.5	11641.0
30.06.2022	11326.0	11326.0	11503.5
01.07.2022	11441.0	11243.5	11464.0
04.07.2022	11444.0	11338.0	11453.5
05.07.2022	11397.0	11397.0	11502.5
06.07.2022	11608.0	11389.0	11635.0
07.07.2022	11631.0	11487.0	11659.0
08.07.2022	11529.5	11529.5	11652.0
11.07.2022	11442.0	11442.0	11537.5
12.07.2022	11324.5	11324.5	11448.5
13.07.2022	11313.0	11298.0	11435.0
14.07.2022	11380.5	11304.0	11391.0
15.07.2022	11428.5	11363.0	11435.5
18.07.2022	11524.5	11373.0	11530.0
19.07.2022	11420.5	11420.5	11565.5
20.07.2022	11374.0	11374.0	11522.0
21.07.2022	11328.0	11273.0	11382.5
22.07.2022	11327.5	11259.0	11359.5
25.07.2022	11250.0	11250.0	11351.0
26.07.2022	11291.5	11235.0	11309.0
27.07.2022	11508.0	11250.0	11537.5
28.07.2022	11451.0	11451.0	11523.5
29.07.2022	11446.5	11436.0	11482.0
01.08.2022	11455.0	11414.5	11473.5
02.08.2022	11401.5	11401.5	11482.0
03.08.2022	11482.0	11394.5	11500.5
04.08.2022	11442.5	11442.5	11518.0
05.08.2022	11459.0	11421.0	11490.5
08.08.2022	11511.5	11445.0	11530.5
09.08.2022	11554.0	11511.5	11593.5
10.08.2022	11426.0	11426.0	11558.5
11.08.2022	11418.5	11418.5	11470.5
12.08.2022	11427.5	11344.0	11443.5
15.08.2022	11348.5	11348.5	11431.0
16.08.2022	11289.0	11289.0	11365.5
17.08.2022	11290.0	11264.0	11332.0
18.08.2022	11289.5	11281.0	11343.0
19.08.2022	11290.5	11275.0	11293.5
22.08.2022	11333.5	11261.5	11341.0
23.08.2022	11322.5	11322.5	11374.0
24.08.2022	11336.0	11276.5	11349.5
25.08.2022	11508.0	11320.5	11572.0
26.08.2022	11484.0	11437.5	11572.0
29.08.2022	11691.5	11478.5	11836.0
30.08.2022	11868.5	11688.5	11910.5
31.08.2022	11857.0	11814.5	11964.5
01.09.2022	11849.5	11666.5	11910.0
02.09.2022	11936.0	11821.5	11941.0
05.09.2022	11784.0	11784.0	11972.5
06.09.2022	11945.5	11718.5	11955.5
07.09.2022	11966.5	11908.5	12048.0
08.09.2022	12003.5	11906.0	12041.5
09.09.2022	12116.5	11987.5	12118.5
12.09.2022	12151.0	12038.5	12164.0
13.09.2022	12167.5	12107.5	12174.5
14.09.2022	12247.0	12120.0	12296.5
15.09.2022	12122.5	12122.5	12288.0
16.09.2022	12011.0	12011.0	12130.0
19.09.2022	11795.0	11795.0	12055.5
20.09.2022	11807.5	11795.0	11854.0
21.09.2022	11726.0	11726.0	11837.5
22.09.2022	11802.0	11688.5	11807.5
23.09.2022	11700.5	11700.5	11809.0
26.09.2022	11682.5	11600.5	11709.0
27.09.2022	11865.0	11667.0	11872.0
28.09.2022	11834.5	11730.5	11874.5
29.09.2022	11732.0	11732.0	11855.5
30.09.2022	11874.0	11648.5	11913.5
03.10.2022	11933.5	11813.5	12008.0
04.10.2022	12146.0	11926.5	12149.0
05.10.2022	12038.0	12038.0	12164.0
06.10.2022	12104.0	12038.0	12189.0
07.10.2022	12036.0	12036.0	12173.0
10.10.2022	11917.5	11917.5	12066.5
11.10.2022	11744.0	11744.0	11947.0
12.10.2022	11808.5	11575.5	11814.5
13.10.2022	11701.5	11701.5	11808.5
14.10.2022	11763.5	11646.5	11865.5
17.10.2022	11872.0	11738.0	11894.5
18.10.2022	11882.0	11872.0	11990.0
19.10.2022	11820.0	11820.0	11970.0
20.10.2022	11891.0	11684.0	11961.5
21.10.2022	11982.5	11853.5	12018.5
24.10.2022	11693.0	11693.0	11999.5
25.10.2022	11634.0	11616.0	11733.0
26.10.2022	11688.5	11576.0	11699.5
27.10.2022	11593.5	11593.5	11705.5
28.10.2022	11600.5	11554.0	11666.5
31.10.2022	11610.5	11600.5	11659.0
01.11.2022	11678.0	11610.5	11682.0
02.11.2022	11682.5	11676.5	11746.5
03.11.2022	11685.5	11654.5	11757.5
04.11.2022	11822.5	11656.5	11852.0
07.11.2022	11923.0	11822.5	11983.0
08.11.2022	11903.0	11903.0	11999.0
09.11.2022	11787.0	11787.0	11996.5
10.11.2022	11745.5	11745.5	11828.0
11.11.2022	11680.5	11612.0	11765.0
14.11.2022	11619.5	11559.0	11686.5
15.11.2022	11727.5	11605.5	11742.0
16.11.2022	11733.5	11627.5	11754.0
17.11.2022	11758.5	11667.5	11771.5
18.11.2022	11717.5	11717.5	11800.0
21.11.2022	11677.5	11677.5	11726.5
22.11.2022	11669.0	11668.0	11725.5
23.11.2022	11654.5	11621.5	11697.0
24.11.2022	11707.0	11605.5	11714.0
28.11.2022	11787.5	11700.0	11793.0
29.11.2022	11873.0	11777.0	11898.5
30.11.2022	11944.0	11858.5	11979.0
01.12.2022	11973.5	11922.0	11986.0
02.12.2022	12013.5	11939.5	12016.5
05.12.2022	11980.0	11980.0	12014.5
06.12.2022	11959.0	11959.0	12013.5
07.12.2022	11933.0	11933.0	11981.0
08.12.2022	12034.5	11928.5	12054.5
09.12.2022	12104.0	12033.0	12106.5
12.12.2022	12133.5	12034.5	12141.0
13.12.2022	12121.0	12099.0	12133.5
14.12.2022	12147.5	12095.0	12208.0
15.12.2022	12118.0	12114.5	12164.0
16.12.2022	12102.0	12095.5	12180.0
19.12.2022	12155.5	12057.0	12175.0
20.12.2022	12284.5	12104.5	12299.0
21.12.2022	12372.0	12278.0	12385.5
22.12.2022	12351.0	12331.5	12394.0
23.12.2022	12363.0	12340.5	12426.5
27.12.2022	12383.5	12362.0	12415.0
28.12.2022	12386.5	12322.5	12395.5
29.12.2022	12433.5	12350.0	12446.5
30.12.2022	12368.5	12368.5	12437.5
03.01.2023	12472.0	12361.0	12487.5
04.01.2023	12510.5	12450.0	12514.5
05.01.2023	12519.0	12510.5	12558.0
06.01.2023	12542.5	12513.5	12572.5
09.01.2023	12489.0	12489.0	12598.0
10.01.2023	12466.5	12411.5	12511.5
11.01.2023	12431.5	12431.5	12496.0
12.01.2023	12437.0	12402.5	12458.5
13.01.2023	12466.5	12373.0	12467.5
16.01.2023	12540.5	12466.5	12551.5
17.01.2023	12459.5	12459.5	12573.5
18.01.2023	12503.0	12411.5	12616.5
19.01.2023	12530.0	12500.5	12541.5
20.01.2023	12584.5	12510.5	12586.0
23.01.2023	12613.5	12559.0	12620.0
24.01.2023	12617.0	12595.5	12625.0
25.01.2023	12670.5	12600.5	12672.0
26.01.2023	12740.0	12657.5	12746.5
27.01.2023	12645.0	12645.0	12760.5
30.01.2023	12596.5	12596.5	12698.5
31.01.2023	12621.5	12517.5	12630.5
01.02.2023	12599.5	12557.0	12627.5
02.02.2023	12642.5	12598.0	12657.0
03.02.2023	12579.5	12579.5	12671.5
06.02.2023	12445.0	12445.0	12614.0
07.02.2023	12416.0	12416.0	12463.0
08.02.2023	12490.0	12405.5	12501.0
09.02.2023	12488.0	12467.0	12500.5
10.02.2023	12575.0	12466.5	12586.0
13.02.2023	12565.0	12508.5	12583.5
14.02.2023	12572.5	12517.5	12579.0
15.02.2023	12515.5	12515.5	12572.5
16.02.2023	12498.5	12498.5	12516.0
17.02.2023	12449.5	12449.5	12525.0
20.02.2023	12448.0	12448.0	12490.0
21.02.2023	12417.5	12417.5	12471.5
22.02.2023	12416.5	12406.5	12477.5
23.02.2023	12459.5	12410.5	12461.0
24.02.2023	12438.0	12438.0	12501.5
27.02.2023	12450.0	12413.0	12497.5
28.02.2023	12460.5	12430.5	12498.0
01.03.2023	12566.0	12457.0	12571.0
02.03.2023	12543.5	12543.5	12593.5
03.03.2023	12488.5	12469.5	12561.0
06.03.2023	12542.5	12483.5	12633.0
07.03.2023	12589.0	12532.5	12604.0
08.03.2023	12634.5	12557.0	12649.0
09.03.2023	12602.5	12602.5	12670.0
10.03.2023	12491.5	12491.5	12604.0
13.03.2023	12550.5	12459.0	12616.5
14.03.2023	12777.0	12525.0	12791.5
15.03.2023	12759.0	12737.0	12844.0
16.03.2023	12687.5	12687.5	12823.5
17.03.2023	12697.0	12602.5	12701.5
20.03.2023	12661.5	12661.5	12697.0
21.03.2023	12766.0	12651.5	12786.5
22.03.2023	12711.5	12711.5	12774.5
23.03.2023	12823.5	12686.5	12841.0
24.03.2023	12892.0	12774.5	12918.0
27.03.2023	12946.5	12860.0	12976.5
28.03.2023	12951.5	12915.5	12973.5
29.03.2023	13066.0	12936.5	13072.5
30.03.2023	13109.5	13016.0	13110.5
31.03.2023	13183.5	13103.0	13188.5
03.04.2023	13109.5	13109.5	13208.0
04.04.2023	13067.0	13067.0	13126.0
05.04.2023	12999.0	12999.0	13091.5
06.04.2023	13011.0	12971.5	13012.0
07.04.2023	13045.5	13008.5	13053.0
10.04.2023	12969.0	12969.0	13048.5
11.04.2023	12966.0	12918.0	12991.5
12.04.2023	12920.5	12920.5	12984.0
13.04.2023	12985.5	12882.0	12998.0
14.04.2023	12965.0	12965.0	13020.0
17.04.2023	12877.0	12877.0	12969.5
18.04.2023	12879.5	12856.0	12889.5
19.04.2023	12863.0	12863.0	12888.5
20.04.2023	12779.5	12779.5	12883.5
21.04.2023	12758.0	12752.0	12797.5
24.04.2023	12711.5	12711.5	12762.5
25.04.2023	12634.5	12634.5	12722.0
26.04.2023	12574.5	12574.5	12637.5
27.04.2023	12633.0	12548.5	12636.0
28.04.2023	12634.5	12586.5	12664.5
01.05.2023	12712.0	12617.5	12739.0
02.05.2023	12642.5	12642.5	12775.5
03.05.2023	12695.5	12633.0	12718.5
04.05.2023	12751.0	12693.5	12761.0
05.05.2023	12950.0	12719.5	12953.0
08.05.2023	12922.5	12922.5	12982.0
09.05.2023	12873.5	12873.5	12925.5
10.05.2023	12891.5	12866.5	12910.5
11.05.2023	12875.5	12872.5	12943.0
12.05.2023	12932.0	12872.5	12933.5
15.05.2023	12961.0	12914.0	12969.0
16.05.2023	12876.5	12876.5	12962.0
17.05.2023	12891.5	12870.0	12920.0
18.05.2023	12910.5	12862.0	12913.0
19.05.2023	12867.0	12867.0	12912.5
22.05.2023	12839.5	12839.5	12900.5
23.05.2023	12866.5	12827.5	12902.0
24.05.2023	12848.5	12848.5	12887.5
25.05.2023	12960.5	12795.5	12964.5
26.05.2023	12986.0	12921.0	13000.0
29.05.2023	12906.0	12866.5	13036.0
30.05.2023	12909.5	12878.5	12921.0
31.05.2023	12886.0	12886.0	12942.0
01.06.2023	12849.0	12759.0	12918.0
02.06.2023	12859.0	12840.5	12910.0
05.06.2023	12858.5	12837.5	12865.0
06.06.2023	12849.0	12827.0	12891.0
07.06.2023	12781.0	12781.0	12856.5
08.06.2023	12655.0	12655.0	12797.5
09.06.2023	12639.5	12634.5	12681.0
12.06.2023	12703.0	12633.5	12716.0
13.06.2023	12743.5	12698.0	12758.0
14.06.2023	12726.0	12726.0	12768.0
15.06.2023	12676.5	12676.5	12757.0
16.06.2023	12705.5	12631.0	12712.5
19.06.2023	12721.0	12662.5	12738.0
20.06.2023	12650.0	12650.0	12723.0
21.06.2023	12600.0	12600.0	12668.5
22.06.2023	12592.5	12592.5	12647.0
23.06.2023	12513.5	12513.5	12617.0
26.06.2023	12541.0	12504.5	12547.5
27.06.2023	12536.5	12473.0	12546.0
28.06.2023	12522.5	12478.0	12558.0
29.06.2023	12512.0	12512.0	12555.5
30.06.2023	12545.5	12491.0	12551.0
03.07.2023	12564.5	12508.5	12588.0
04.07.2023	12545.5	12498.0	12582.5
05.07.2023	12519.0	12519.0	12548.0
06.07.2023	12450.5	12450.5	12534.0
07.07.2023	12424.0	12424.0	12484.0
10.07.2023	12360.0	12360.0	12440.0
11.07.2023	12410.0	12311.0	12421.5
12.07.2023	12401.0	12393.0	12436.0
13.07.2023	12502.5	12398.0	12507.5
14.07.2023	12680.5	12431.0	12684.5
17.07.2023	12777.5	12678.5	12779.0
18.07.2023	12736.0	12703.0	12786.5
19.07.2023	12788.5	12728.5	12799.5
20.07.2023	12799.0	12759.5	12859.5
21.07.2023	12888.5	12779.5	12894.5
24.07.2023	12803.0	12803.0	12899.5
25.07.2023	12814.5	12754.0	12815.0
26.07.2023	12809.0	12787.0	12824.0
27.07.2023	12912.5	12778.5	12919.5
28.07.2023	13056.0	12873.0	13066.5
31.07.2023	13023.0	12953.0	13058.5
01.08.2023	13035.5	13007.5	13059.5
02.08.2023	12932.5	12932.5	13106.0
03.08.2023	12879.5	12879.5	13002.0
04.08.2023	12937.0	12874.0	12954.0
07.08.2023	12943.5	12937.0	13040.0
08.08.2023	12941.5	12871.0	12944.5
09.08.2023	12952.0	12903.0	12979.0
10.08.2023	13065.0	12934.5	13081.5
11.08.2023	13050.5	13050.5	13129.5
14.08.2023	13206.0	13050.5	13225.5
15.08.2023	13195.0	13195.0	13263.5
16.08.2023	13132.5	13132.5	13300.0
17.08.2023	13207.5	13103.0	13215.0
18.08.2023	13130.5	13130.5	13230.0
21.08.2023	13162.0	13099.5	13181.5
22.08.2023	13129.0	13122.5	13191.0
23.08.2023	13257.0	13129.0	13266.0
24.08.2023	13280.5	13236.0	13326.5
25.08.2023	13220.0	13220.0	13305.5
28.08.2023	13143.0	13110.5	13220.5
29.08.2023	13169.5	13120.5	13207.0
30.08.2023	13201.0	13158.5	13206.5
31.08.2023	13164.0	13164.0	13247.0
01.09.2023	13172.5	13157.0	13189.5
04.09.2023	13200.5	13149.0	13203.5
05.09.2023	13177.0	13177.0	13220.0
06.09.2023	13110.0	13110.0	13196.0
07.09.2023	13073.0	13073.0	13124.0
08.09.2023	13101.5	13034.0	13103.0
11.09.2023	13141.5	13057.5	13149.5
12.09.2023	13152.5	13122.5	13185.0
13.09.2023	13227.5	13108.5	13231.5
14.09.2023	13217.0	13217.0	13276.0
15.09.2023	13221.5	13177.0	13231.0
18.09.2023	13189.0	13189.0	13235.5
19.09.2023	13146.0	13146.0	13192.0
20.09.2023	13117.5	13074.5	13148.0
21.09.2023	12979.5	12979.5	13120.0
22.09.2023	12983.5	12938.0	12992.0
25.09.2023	13084.5	12982.5	13090.0
26.09.2023	13052.5	13052.5	13114.5
27.09.2023	13157.5	13050.5	13161.0
28.09.2023	13156.0	13092.0	13195.5
29.09.2023	13318.5	13148.5	13322.5
02.10.2023	13387.0	13295.5	13394.0
03.10.2023	13285.5	13252.5	13397.5
04.10.2023	13082.5	13082.5	13288.5
05.10.2023	12991.5	12991.5	13112.5
06.10.2023	13000.5	12924.5	13011.0
09.10.2023	13019.0	12951.0	13031.0
10.10.2023	12991.5	12991.5	13024.5
11.10.2023	12912.0	12912.0	13013.5
12.10.2023	12973.5	12909.5	12985.0
13.10.2023	12907.5	12907.5	13007.0
16.10.2023	12838.5	12838.5	12972.0
17.10.2023	12782.0	12782.0	12851.5
18.10.2023	12744.0	12744.0	12829.0
19.10.2023	12593.0	12593.0	12747.0
20.10.2023	12477.5	12477.5	12598.0
23.10.2023	12451.0	12426.0	12494.5
24.10.2023	12514.0	12426.0	12524.5
25.10.2023	12370.0	12370.0	12541.0
26.10.2023	12251.5	12251.5	12384.0
27.10.2023	12369.5	12251.5	12399.5
30.10.2023	12339.0	12339.0	12390.5
31.10.2023	12309.0	12274.5	12344.0
01.11.2023	12349.0	12273.5	12353.0
02.11.2023	12399.0	12320.5	12400.0
03.11.2023	12392.0	12378.0	12411.0
06.11.2023	12425.5	12368.0	12425.5
07.11.2023	12388.0	12388.0	12448.0
08.11.2023	12312.5	12312.5	12399.0
09.11.2023	12374.0	12298.0	12377.0
10.11.2023	12425.5	12367.0	12427.5
13.11.2023	12427.5	12395.5	12434.0
14.11.2023	12472.0	12410.5	12477.0
15.11.2023	12483.0	12451.5	12531.5
16.11.2023	12527.0	12483.0	12530.5
17.11.2023	12502.5	12502.5	12536.0
20.11.2023	12483.0	12483.0	12508.5
21.11.2023	12468.0	12468.0	12510.5
22.11.2023	12476.0	12461.5	12503.5
23.11.2023	12518.5	12460.5	12519.5
27.11.2023	12600.0	12513.0	12605.0
28.11.2023	12596.5	12562.0	12609.0
29.11.2023	12584.0	12579.0	12624.0
30.11.2023	12601.5	12553.5	12604.5
01.12.2023	12549.0	12549.0	12607.5
04.12.2023	12485.5	12485.5	12552.0
05.12.2023	12436.0	12436.0	12487.5
06.12.2023	12440.5	12435.0	12481.5
07.12.2023	12382.5	12382.5	12445.5
08.12.2023	12344.5	12344.5	12387.0
11.12.2023	12370.5	12329.5	12382.5
12.12.2023	12414.0	12365.5	12429.0
13.12.2023	12394.5	12394.5	12424.0
14.12.2023	12355.5	12355.5	12413.0
15.12.2023	12370.5	12310.5	12374.5
18.12.2023	12397.0	12365.0	12411.0
19.12.2023	12392.0	12376.0	12412.0
20.12.2023	12403.0	12383.5	12428.5
21.12.2023	12445.0	12381.0	12446.5
22.12.2023	12371.5	12371.5	12448.5
26.12.2023	12402.5	12356.5	12416.0
27.12.2023	12410.0	12385.0	12410.5
28.12.2023	12443.0	12407.0	12444.5
29.12.2023	12519.5	12437.0	12521.0
02.01.2024	12513.5	12480.0	12535.0
03.01.2024	12536.5	12509.0	12537.5
04.01.2024	12550.0	12534.5	12561.0
05.01.2024	12511.5	12511.5	12577.5
08.01.2024	12442.0	12442.0	12515.5
09.01.2024	12400.5	12400.5	12454.0
10.01.2024	12368.5	12368.5	12444.0
11.01.2024	12377.5	12366.0	12414.5
12.01.2024	12353.5	12336.5	12392.0
15.01.2024	12434.5	12331.0	12437.0
17.01.2024	12349.0	12349.0	12434.5
18.01.2024	12373.0	12293.0	12385.0
19.01.2024	12479.0	12363.0	12490.0
22.01.2024	12440.5	12440.5	12538.0
23.01.2024	12409.0	12409.0	12469.5
24.01.2024	12428.5	12371.5	12440.0
25.01.2024	12404.0	12378.5	12469.0
26.01.2024	12330.5	12330.5	12440.5
29.01.2024	12396.0	12309.5	12422.0
30.01.2024	12411.0	12396.0	12447.5
31.01.2024	12438.5	12405.0	12443.0
01.02.2024	12373.5	12373.5	12494.5
02.02.2024	12333.0	12333.0	12424.0
05.02.2024	12326.5	12241.0	12352.0
06.02.2024	12426.0	12319.0	12429.5
07.02.2024	12490.5	12426.0	12525.5
08.02.2024	12473.5	12473.5	12518.0
09.02.2024	12493.0	12453.0	12498.0
12.02.2024	12505.5	12460.5	12522.5
13.02.2024	12553.5	12471.5	12556.0
14.02.2024	12552.5	12499.0	12560.0
15.02.2024	12616.5	12513.5	12619.0
16.02.2024	12655.5	12615.5	12658.5
19.02.2024	12625.5	12625.5	12678.0
20.02.2024	12541.0	12541.0	12634.0
21.02.2024	12583.0	12515.0	12587.5
22.02.2024	12647.5	12556.5	12651.0
23.02.2024	12664.0	12632.5	12690.5
26.02.2024	12598.0	12598.0	12696.0
27.02.2024	12564.5	12500.0	12604.5
28.02.2024	12560.5	12552.5	12581.5
29.02.2024	12670.5	12554.5	12672.0
01.03.2024	12741.5	12619.5	12745.0
04.03.2024	12778.5	12723.5	12794.5
05.03.2024	12742.5	12742.5	12807.5
06.03.2024	12795.5	12687.0	12804.0
07.03.2024	12721.0	12721.0	12841.5
08.03.2024	12748.0	12702.5	12751.0
11.03.2024	12671.5	12626.5	12805.0
12.03.2024	12736.0	12662.5	12739.5
13.03.2024	12720.0	12682.0	12761.0
14.03.2024	12757.0	12698.0	12762.5
15.03.2024	12760.0	12694.5	12796.0
18.03.2024	12850.5	12760.0	12863.0
19.03.2024	12906.0	12818.0	12927.0
20.03.2024	12955.0	12879.0	12968.5
21.03.2024	13019.0	12955.0	13024.0
22.03.2024	13028.0	12916.0	13037.0
25.03.2024	13041.5	13025.0	13081.0
26.03.2024	13121.0	13034.5	13127.0
27.03.2024	13123.0	13116.0	13170.5
28.03.2024	13090.5	13090.5	13170.0
01.04.2024	13112.5	13086.0	13114.5
02.04.2024	13017.5	13017.5	13114.5
03.04.2024	12988.5	12988.5	13028.5
04.04.2024	13014.0	12982.5	13075.0
05.04.2024	13085.5	12973.0	13096.0
08.04.2024	13045.0	12950.5	13103.5
09.04.2024	13040.5	13040.0	13070.0
10.04.2024	13066.5	13024.5	13072.0
11.04.2024	13108.5	13022.5	13139.5
12.04.2024	13049.0	13049.0	13124.5
15.04.2024	13191.5	13004.5	13197.5
16.04.2024	13181.0	13085.0	13214.0
17.04.2024	13115.0	13115.0	13183.5
18.04.2024	13163.0	13091.5	13189.5
19.04.2024	13348.0	13014.0	13377.0
22.04.2024	13383.5	13304.0	13405.5
23.04.2024	13500.5	13352.5	13520.0
24.04.2024	13570.0	13477.0	13590.5
25.04.2024	13592.0	13493.5	13624.5
26.04.2024	13573.0	13573.0	13657.5
29.04.2024	13658.0	13568.0	13660.5
30.04.2024	13574.0	13574.0	13664.0
01.05.2024	13530.5	13530.5	13605.5
02.05.2024	13639.0	13529.5	13675.0
03.05.2024	13600.0	13600.0	13699.0
06.05.2024	13604.5	13548.0	13612.5
07.05.2024	13593.0	13585.0	13612.0
08.05.2024	13560.0	13560.0	13631.5
09.05.2024	13512.5	13512.5	13576.0
10.05.2024	13504.0	13474.0	13537.5
13.05.2024	13547.0	13482.5	13550.5
14.05.2024	13556.5	13530.5	13560.0
15.05.2024	13501.5	13501.5	13580.0
16.05.2024	13476.0	13476.0	13518.0
17.05.2024	13448.0	13448.0	13499.0
20.05.2024	13448.5	13440.5	13486.5
21.05.2024	13440.0	13440.0	13472.0
22.05.2024	13467.0	13438.5	13474.5
23.05.2024	13606.5	13444.0	13606.5
24.05.2024	13600.5	13595.5	13676.0
27.05.2024	13634.0	13572.5	13639.5
28.05.2024	13688.0	13629.0	13696.5
29.05.2024	13648.0	13648.0	13701.5
30.05.2024	13537.5	13537.5	13653.0
31.05.2024	13478.5	13478.5	13560.5
03.06.2024	13671.0	13470.5	13678.0
04.06.2024	13588.5	13588.5	13684.0
05.06.2024	13669.0	13584.0	13695.5
06.06.2024	13585.5	13585.5	13699.0
07.06.2024	13580.0	13563.0	13620.0
10.06.2024	13503.5	13503.5	13587.0
11.06.2024	13500.0	13465.5	13504.0
12.06.2024	13545.0	13476.0	13551.5
13.06.2024	13594.5	13535.5	13612.5
14.06.2024	13665.5	13568.5	13675.5
17.06.2024	13579.5	13579.5	13727.5
18.06.2024	14116.0	13579.5	14136.0
19.06.2024	14146.5	14110.5	14152.0
20.06.2024	14194.0	14116.5	14201.5
21.06.2024	14211.5	14194.0	14254.5
24.06.2024	14244.5	14161.0	14262.0
25.06.2024	14297.5	14225.5	14302.5
26.06.2024	14336.0	14290.5	14340.5
27.06.2024	14419.5	14328.5	14426.5
28.06.2024	14487.5	14389.0	14493.5
01.07.2024	14550.5	14445.0	14563.0
02.07.2024	14512.5	14472.0	14553.5
03.07.2024	14553.0	14483.5	14586.0
05.07.2024	14584.0	14544.0	14588.5
08.07.2024	14497.5	14497.5	14592.0
09.07.2024	14510.0	14497.5	14556.0
10.07.2024	14542.0	14489.0	14549.5
11.07.2024	14558.0	14510.0	14562.0
12.07.2024	14407.5	14407.5	14578.0
15.07.2024	14425.5	14372.0	14428.5
16.07.2024	14427.0	14397.0	14461.0
17.07.2024	14351.0	14351.0	14451.5
18.07.2024	14367.0	14328.5	14386.5
19.07.2024	14284.0	14284.0	14369.5
22.07.2024	14319.0	14248.5	14414.5
23.07.2024	14099.5	14099.5	14340.5
24.07.2024	14154.5	14096.5	14206.5
25.07.2024	14024.5	14024.5	14195.5
26.07.2024	14045.0	14022.0	14147.5
29.07.2024	14109.0	14045.0	14219.0
30.07.2024	14188.5	14083.5	14190.0
31.07.2024	14613.0	14149.5	14639.5
01.08.2024	14495.0	14495.0	14673.0
02.08.2024	14189.5	14189.5	14496.0
05.08.2024	14471.5	14164.5	14531.5
06.08.2024	14739.0	14430.0	14742.0
07.08.2024	14752.0	14629.5	14948.0
08.08.2024	14742.0	14664.0	15029.5
09.08.2024	14840.0	14635.0	14904.0
12.08.2024	14904.0	14752.0	14937.0
13.08.2024	15096.5	14877.0	15099.5
14.08.2024	15087.0	15072.5	15157.5
15.08.2024	15170.5	15073.0	15215.0
16.08.2024	15343.0	15160.5	15356.5
19.08.2024	15290.0	15290.0	15393.0
20.08.2024	15328.0	15226.5	15330.0
21.08.2024	15341.0	15283.5	15390.0
22.08.2024	15368.5	15287.0	15374.0
23.08.2024	15442.0	15353.0	15450.0
26.08.2024	15242.0	15242.0	15518.5
27.08.2024	15289.0	15189.0	15298.0
28.08.2024	15344.5	15209.5	15354.5
29.08.2024	15559.5	15323.0	15574.0
30.08.2024	15626.0	15450.5	15663.0
02.09.2024	15486.5	15486.5	15663.5
03.09.2024	15571.0	15386.5	15590.5
04.09.2024	15330.5	15330.5	15598.0
05.09.2024	15169.5	15169.5	15403.0
06.09.2024	15072.0	15072.0	15217.5
09.09.2024	15348.0	15058.5	15353.0
10.09.2024	15143.5	15143.5	15362.0
11.09.2024	15196.5	15094.0	15208.5
12.09.2024	15281.0	15169.0	15362.5
13.09.2024	15342.5	15240.0	15377.0
16.09.2024	15200.5	15200.5	15349.5
17.09.2024	15251.0	15134.5	15267.0
18.09.2024	15261.5	15210.5	15283.5
19.09.2024	15543.0	15209.0	15588.5
20.09.2024	15357.5	15357.5	15548.0
23.09.2024	15352.5	15352.5	15429.5
24.09.2024	15385.5	15306.5	15427.5
25.09.2024	15284.0	15284.0	15395.0
26.09.2024	15501.0	15270.0	15509.0
27.09.2024	15613.0	15497.5	15621.0
30.09.2024	15428.5	15428.5	15644.0
01.10.2024	15411.5	15388.5	15510.5
02.10.2024	15197.0	15197.0	15481.5
03.10.2024	14923.0	14923.0	15205.5
04.10.2024	15014.5	14876.0	15082.5
07.10.2024	14907.5	14907.5	15070.5
08.10.2024	15195.5	14767.0	15200.0
09.10.2024	15125.0	15125.0	15211.5
10.10.2024	15014.5	15014.5	15140.5
11.10.2024	14954.0	14954.0	15060.5
14.10.2024	14925.0	14870.0	14959.0
15.10.2024	14823.0	14823.0	14935.0
16.10.2024	14820.0	14800.5	14908.0
17.10.2024	14877.5	14773.5	14888.0
18.10.2024	14868.0	14793.0	14893.5
21.10.2024	14832.0	14832.0	14881.0
22.10.2024	14792.0	14792.0	14832.0
23.10.2024	14727.5	14727.5	14831.5
24.10.2024	14845.5	14702.0	14851.0
25.10.2024	14829.5	14777.0	14848.5
28.10.2024	15018.5	14818.5	15031.0
29.10.2024	14822.0	14822.0	15025.0
30.10.2024	14880.0	14796.0	14893.5
31.10.2024	14835.5	14835.5	14918.0
01.11.2024	14966.0	14670.0	14985.5
04.11.2024	15031.0	14961.0	15101.0
05.11.2024	15151.0	15031.0	15186.0
06.11.2024	15477.0	15119.5	15484.0
07.11.2024	15595.0	15455.0	15605.5
08.11.2024	15617.5	15550.5	15641.0
11.11.2024	15696.5	15575.0	15697.0
12.11.2024	15562.5	15562.5	15698.0
13.11.2024	15514.5	15514.5	15571.0
14.11.2024	15436.5	15436.5	15532.5
15.11.2024	15433.5	15423.0	15484.0
18.11.2024	15338.0	15338.0	15445.0
19.11.2024	15391.0	15272.0	15436.0
20.11.2024	15550.0	15387.0	15553.0
21.11.2024	15417.0	15417.0	15597.5
22.11.2024	15341.0	15341.0	15478.5
25.11.2024	15364.0	15331.0	15392.5
26.11.2024	15322.0	15310.5	15431.0
27.11.2024	15337.5	15308.0	15413.5
28.11.2024	15385.0	15337.5	15390.0
29.11.2024	15436.5	15346.5	15480.5
02.12.2024	15334.5	15334.5	15458.0
03.12.2024	15341.5	15312.5	15374.0
04.12.2024	15380.5	15330.5	15389.5
05.12.2024	15354.0	15354.0	15404.5
06.12.2024	15407.0	15337.5	15410.0
09.12.2024	15447.0	15385.0	15453.0
10.12.2024	15408.5	15408.5	15461.5
11.12.2024	15404.0	15374.0	15426.0
12.12.2024	15411.0	15367.0	15416.5
13.12.2024	15445.0	15406.5	15452.0
16.12.2024	15517.5	15425.5	15527.0
17.12.2024	15553.0	15505.5	15559.5
18.12.2024	15639.5	15547.5	15655.0
19.12.2024	15613.0	15367.5	15645.5
20.12.2024	15512.5	15512.5	15709.5
23.12.2024	15367.5	15367.5	15662.5
24.12.2024	15463.5	15342.5	15470.5
26.12.2024	15504.5	15437.0	15510.0
27.12.2024	15436.0	15436.0	15509.5
30.12.2024	15277.0	15277.0	15469.5
31.12.2024	15316.0	15224.5	15394.5
02.01.2025	15713.5	15297.0	15719.5
03.01.2025	15841.5	15709.0	15866.0
06.01.2025	15958.0	15799.0	15965.5
07.01.2025	15827.5	15827.5	15972.5
08.01.2025	15848.5	15823.0	15949.5
09.01.2025	15771.5	15771.5	15894.5
10.01.2025	15792.5	15753.0	15886.0
13.01.2025	15565.5	15565.5	15809.0
14.01.2025	15635.5	15475.0	15659.5
15.01.2025	15629.5	15602.0	15661.0
16.01.2025	15643.5	15539.0	15675.5
17.01.2025	15626.0	15626.0	15683.0
20.01.2025	15704.0	15585.0	15723.5
21.01.2025	15717.5	15424.0	15761.0
22.01.2025	15820.0	15686.0	15841.5
23.01.2025	15733.5	15733.5	15827.0
24.01.2025	15711.0	15704.0	15788.5
27.01.2025	15637.5	15637.5	15765.0
28.01.2025	15515.5	15515.5	15690.5
29.01.2025	15657.5	15427.5	15713.0
30.01.2025	15755.0	15644.5	15834.5
31.01.2025	15982.0	15694.0	15996.0
03.02.2025	16296.0	15837.5	16380.5
04.02.2025	16132.0	16132.0	16311.0
05.02.2025	16033.5	16033.5	16195.5
06.02.2025	16075.5	16009.5	16090.0
07.02.2025	16084.0	16075.5	16277.5
10.02.2025	16289.5	16066.0	16304.5
11.02.2025	16333.5	16281.0	16345.0
12.02.2025	16321.0	16267.5	16354.0
13.02.2025	16352.5	16317.0	16403.0
14.02.2025	16353.0	16318.0	16408.0
17.02.2025	16394.0	16346.5	16457.5
19.02.2025	16356.0	16356.0	16450.5
20.02.2025	16244.0	16244.0	16372.5
21.02.2025	16285.0	16244.0	16288.5
24.02.2025	16349.5	16282.5	16361.0
25.02.2025	16211.0	16211.0	16382.0
26.02.2025	16196.5	16137.0	16229.5
27.02.2025	16403.0	16175.5	16415.5
28.02.2025	16435.5	16253.5	16452.5
03.03.2025	16475.5	16435.0	16603.0
04.03.2025	16422.5	16273.5	16497.0
05.03.2025	16432.0	16144.0	16463.0
06.03.2025	16285.5	16285.5	16479.5
07.03.2025	16163.0	16163.0	16319.5
10.03.2025	16067.5	16058.5	16247.0
11.03.2025	16560.0	16067.5	16565.0
12.03.2025	16571.0	16528.5	16707.0
13.03.2025	16871.0	16477.0	16877.5
14.03.2025	16813.5	16813.5	16996.5
17.03.2025	16754.5	16754.5	16847.5
18.03.2025	16718.0	16631.0	16794.0
19.03.2025	16697.5	16672.0	16826.0
20.03.2025	16811.0	16693.0	16865.5
21.03.2025	16636.0	16636.0	16895.0
24.03.2025	16661.0	16623.0	16702.0
25.03.2025	16637.5	16583.5	16684.0
26.03.2025	16671.0	16604.5	16674.5
27.03.2025	16783.5	16660.0	16842.0
28.03.2025	16701.0	16701.0	16858.5
31.03.2025	16497.5	16497.5	16722.0
01.04.2025	16652.5	16469.0	16673.0
02.04.2025	16479.0	16479.0	16673.0
03.04.2025	16465.0	16455.0	16867.0
04.04.2025	16369.0	16172.0	16519.0
07.04.2025	16414.0	16006.0	17017.0
08.04.2025	16347.5	16120.0	16697.0
09.04.2025	17310.0	16325.0	17475.0
10.04.2025	16881.5	16881.5	17380.5
11.04.2025	17471.5	16796.5	17490.5
14.04.2025	17435.0	17325.5	17589.5
15.04.2025	17699.0	17346.5	17751.0
16.04.2025	17798.5	17513.5	17959.5
17.04.2025	18060.0	17770.0	18067.0
21.04.2025	17808.0	17808.0	18152.0
22.04.2025	18101.0	17806.5	18104.5
23.04.2025	18321.0	18008.0	18359.5
24.04.2025	17775.0	17775.0	18382.0
25.04.2025	17625.5	17625.5	17914.0
28.04.2025	17673.5	17550.5	17681.5
29.04.2025	17898.5	17666.5	17904.0
30.04.2025	17923.0	17795.5	17931.0
01.05.2025	17866.5	17866.5	18002.5
02.05.2025	17863.5	17831.5	18035.0
05.05.2025	17746.5	17683.0	17873.5
06.05.2025	17501.5	17501.5	17746.5
07.05.2025	17323.0	17323.0	17540.5
08.05.2025	17486.5	17247.0	17507.0
09.05.2025	17544.5	17454.0	17612.5
12.05.2025	17704.0	17537.0	17725.0
13.05.2025	17752.0	17639.5	17770.5
14.05.2025	17791.5	17701.5	17810.5
15.05.2025	17629.5	17629.5	17811.5
16.05.2025	17718.5	17481.0	17733.5
19.05.2025	17557.5	17557.5	17743.0
20.05.2025	17667.0	17512.0	17670.0
21.05.2025	17519.0	17519.0	17721.5
22.05.2025	17517.0	17479.5	17676.5
23.05.2025	17407.0	17407.0	17546.5
26.05.2025	17554.5	17332.5	17564.5
27.05.2025	17553.0	17454.5	17573.5
28.05.2025	17459.5	17459.5	17562.5
29.05.2025	17752.5	17459.5	17752.5
30.05.2025	17592.0	17592.0	17898.5
02.06.2025	17390.0	17390.0	17616.0
03.06.2025	17247.5	17247.5	17392.5
04.06.2025	17271.5	17170.5	17275.0
05.06.2025	17307.5	17144.0	17317.0
06.06.2025	17384.5	17253.0	17401.0
09.06.2025	17371.5	17295.0	17427.5
10.06.2025	17348.5	17348.5	17376.5
11.06.2025	17378.0	17268.0	17389.5
12.06.2025	17285.0	17285.0	17422.0
13.06.2025	17286.5	17034.5	17383.5
16.06.2025	17424.0	17254.5	17447.5
17.06.2025	17282.5	17282.5	17495.0
18.06.2025	17403.5	17255.0	17414.0
19.06.2025	17428.5	17359.0	17446.0
20.06.2025	17500.0	17293.0	17575.0
23.06.2025	17650.0	17394.0	17669.5
24.06.2025	18115.5	17650.0	18118.5
25.06.2025	18084.0	18077.5	18150.0
26.06.2025	18174.5	18065.0	18184.5
27.06.2025	18184.5	18118.0	18203.0
30.06.2025	18280.0	18140.0	18295.0
01.07.2025	18248.5	18246.5	18309.5
02.07.2025	18274.5	18210.5	18335.0
03.07.2025	18307.5	18228.0	18322.5
04.07.2025	18194.0	18194.0	18313.0
07.07.2025	18149.0	18149.0	18378.0
08.07.2025	18335.0	18115.5	18353.0
09.07.2025	18369.0	18243.0	18375.0
10.07.2025	18311.5	18237.5	18372.0
11.07.2025	18307.5	18266.5	18350.0
14.07.2025	18465.5	18189.0	18468.5
15.07.2025	18792.0	18439.0	18802.0
16.07.2025	18686.5	18686.5	18830.5
17.07.2025	18695.5	18640.0	18705.5
18.07.2025	18784.0	18685.5	18784.0
21.07.2025	18889.0	18776.5	18893.0
22.07.2025	18888.5	18819.5	18895.0
23.07.2025	19043.0	18888.5	19048.5
24.07.2025	18944.0	18944.0	19054.0
25.07.2025	18954.0	18933.0	19008.0
28.07.2025	18985.0	18946.0	18998.5
29.07.2025	19015.5	18962.5	19026.0
30.07.2025	19085.0	19006.5	19088.0
31.07.2025	19152.0	19077.0	19160.0
01.08.2025	19008.5	19008.5	19231.5
04.08.2025	19062.0	18926.0	19071.0
05.08.2025	19117.5	19012.0	19133.5
06.08.2025	19196.5	19000.0	19206.0
07.08.2025	19273.5	19163.5	19282.0
08.08.2025	19475.5	19218.0	19484.0
11.08.2025	19381.5	19381.5	19515.0
12.08.2025	19716.0	19350.5	19808.5
13.08.2025	19829.5	19716.0	19832.0
14.08.2025	19802.5	19754.0	19850.0
15.08.2025	19858.5	19790.5	19916.5
18.08.2025	19872.0	19843.5	19906.0
19.08.2025	19829.0	19764.5	19960.0
20.08.2025	19816.5	19729.0	19843.5
21.08.2025	19706.5	19706.5	19907.5
22.08.2025	19639.5	19639.5	19753.0
