	Entry_time	Exit_time	MAE	MFE	PNL
3	2025.01.02 03:02:40	2025.01.02 14:00:00	-19	403.5	397.5
5	2025.01.03 02:08:40	2025.01.03 03:00:00	-4.5	97	96
7	2025.01.03 04:26:40	2025.01.03 07:02:40	-65	22	-65
9	2025.01.03 07:33:40	2025.01.03 11:30:00	-33	121.5	97
13	2025.01.06 03:18:40	2025.01.06 07:30:00	-42.5	75.5	72
15	2025.01.06 08:32:40	2025.01.06 09:30:00	-9.5	52	44.5
19	2025.01.07 02:33:40	2025.01.07 02:55:40	-30	14.5	-30
22	2025.01.07 03:57:40	2025.01.07 04:50:40	-47	32	-47
25	2025.01.07 05:31:40	2025.01.07 07:07:40	-53.5	21	-53.5
28	2025.01.07 09:04:40	2025.01.07 11:00:00	-19.5	109	93
30	2025.01.08 01:53:40	2025.01.08 04:00:00	-4.5	97	87
35	2025.01.08 07:39:40	2025.01.08 09:01:40	-66	35	-66
40	2025.01.09 03:29:40	2025.01.09 09:22:40	-77	46	-77
46	2025.01.10 03:04:40	2025.01.10 04:30:00	-18.5	79	70
48	2025.01.10 06:54:40	2025.01.10 08:25:40	-49	44.5	-49
51	2025.01.10 09:20:40	2025.01.10 13:30:00	-68.5	181	126
53	2025.01.13 02:06:40	2025.01.13 03:35:40	-172	16.5	-172
58	2025.01.13 06:01:20	2025.01.13 10:20:40	-55	78	-55
60	2025.01.14 02:50:40	2025.01.14 03:30:20	-52.5	6.5	-52.5
63	2025.01.14 04:52:40	2025.01.14 10:30:00	-38	146.5	122.5
67	2025.01.15 02:41:40	2025.01.15 04:39:40	-28.5	25.5	-28.5
71	2025.01.15 06:30:40	2025.01.15 08:30:00	-5	29.5	22.5
74	2025.01.16 03:38:40	2025.01.16 03:55:40	-41.5	5	-41.5
77	2025.01.16 05:07:40	2025.01.16 05:51:20	-44.5	10.5	-44.5
82	2025.01.16 08:13:40	2025.01.16 09:00:00	-4.5	132	100
85	2025.01.17 05:31:40	2025.01.17 06:00:00	-1.5	39.5	34.5
87	2025.01.17 07:30:40	2025.01.17 08:38:40	-52	4	-52
92	2025.01.20 02:13:40	2025.01.20 09:00:00	-41	97.5	78
94	2025.01.20 09:35:40	2025.01.20 10:00:00	4	60	40
96	2025.01.21 02:08:40	2025.01.21 02:29:20	-68.5	13.5	-68.5
100	2025.01.21 04:04:40	2025.01.21 12:00:00	-90	204.5	203.5
102	2025.01.22 02:10:20	2025.01.22 10:30:00	-31.5	124	102.5
106	2025.01.23 03:06:40	2025.01.23 04:04:40	-39	7	-39
108	2025.01.23 04:32:40	2025.01.23 09:42:40	-47.5	40	-47.5
111	2025.01.24 03:08:40	2025.01.24 03:39:40	-18.5	43.5	-18.5
113	2025.01.24 04:07:40	2025.01.24 05:00:00	-11	73.5	55
117	2025.01.24 07:22:20	2025.01.24 09:51:40	-59	13.5	-59
124	2025.01.27 04:30:40	2025.01.27 06:19:40	-73.5	54	-73.5
135	2025.01.28 03:05:40	2025.01.28 03:58:40	-60	53	-60
138	2025.01.28 05:09:40	2025.01.28 07:37:40	-62	61.5	-62
140	2025.01.28 09:18:40	2025.01.28 11:00:00	-45.5	172	166
142	2025.01.29 02:06:40	2025.01.29 06:30:00	-56.5	73.5	68
145	2025.01.29 08:00:40	2025.01.29 08:30:00	79	161	105.5
147	2025.01.29 09:53:40	2025.01.29 11:05:40	-47.5	63	-47.5
149	2025.01.30 02:47:40	2025.01.30 04:30:00	-13	177	169
151	2025.01.30 06:00:40	2025.01.30 07:01:40	-44	5.5	-44
153	2025.01.30 07:46:40	2025.01.30 08:24:40	-27.5	8	-27.5
155	2025.01.30 09:50:40	2025.01.30 10:30:00	-30	87.5	58.5
157	2025.01.31 03:25:40	2025.01.31 09:30:00	-92	164.5	131
163	2025.02.03 05:32:40	2025.02.03 10:30:00	-144.5	398.5	314
172	2025.02.04 06:13:40	2025.02.04 07:04:40	-85	14	-85
175	2025.02.04 08:48:40	2025.02.04 10:37:40	-79	100	-79
177	2025.02.05 02:30:40	2025.02.05 04:00:40	-56.5	63.5	-56.5
179	2025.02.05 04:40:40	2025.02.05 05:24:40	-42	18.5	-42
187	2025.02.06 01:47:40	2025.02.06 06:30:00	-24	56.5	42
190	2025.02.06 09:02:40	2025.02.06 09:16:40	-34	13	-34
193	2025.02.07 02:55:40	2025.02.07 04:00:00	3.5	75	65.5
201	2025.02.07 08:52:40	2025.02.07 15:30:40	-57	136.5	-57
205	2025.02.10 04:35:20	2025.02.10 06:30:00	-13	52.5	49.5
207	2025.02.10 07:12:40	2025.02.10 12:30:00	-39	58	43
212	2025.02.11 05:23:40	2025.02.11 07:30:00	-8.5	55.5	44
219	2025.02.12 03:44:40	2025.02.12 05:32:40	-46.5	20.5	-46.5
223	2025.02.12 08:22:20	2025.02.12 10:00:00	-19.5	35.5	34
225	2025.02.13 01:44:40	2025.02.13 03:00:00	7.5	75	52
227	2025.02.13 03:33:40	2025.02.13 04:05:40	-38	30	-38
229	2025.02.13 04:36:40	2025.02.13 06:30:00	-18	62	48
232	2025.02.13 08:09:40	2025.02.13 08:48:40	-30.5	19	-30.5
236	2025.02.14 02:00:40	2025.02.14 02:07:40	-39	0.5	-39
238	2025.02.14 03:05:40	2025.02.14 03:30:00	-2.5	33.5	28.5
240	2025.02.14 04:40:20	2025.02.14 04:44:20	-28.5	5.5	-28.5
243	2025.02.14 05:41:40	2025.02.14 07:39:40	-21	24.5	-21
245	2025.02.14 09:00:40	2025.02.14 10:39:40	-51.5	47	-51.5
248	2025.02.17 03:07:40	2025.02.17 04:30:00	-6.5	77.5	68.5
251	2025.02.17 06:33:40	2025.02.17 09:41:40	-27.5	36	-27.5
254	2025.02.18 02:34:40	2025.02.18 04:00:00	-22.5	40	31.5
256	2025.02.18 04:37:40	2025.02.18 05:30:00	4.5	36	28
258	2025.02.18 06:57:40	2025.02.18 07:34:40	-21	5	-21
260	2025.02.18 08:15:40	2025.02.18 09:00:00	-6	81.5	71
262	2025.02.19 04:38:40	2025.02.19 06:28:40	-28	12.5	-28
266	2025.02.19 07:34:40	2025.02.19 07:40:40	-21	1.5	-21
268	2025.02.19 08:29:40	2025.02.19 09:00:40	-33	5	-33
270	2025.02.19 09:37:40	2025.02.19 10:25:40	-25.5	15	-25.5
273	2025.02.20 02:53:40	2025.02.20 03:24:40	-41	17.5	-41
277	2025.02.20 05:31:40	2025.02.20 06:03:40	-23.5	11	-23.5
279	2025.02.20 07:20:40	2025.02.20 07:38:40	-23	0.5	-23
289	2025.02.21 08:07:40	2025.02.21 09:00:00	3	44.5	41
293	2025.02.24 04:10:40	2025.02.24 08:30:00	-2.5	76	64.5
298	2025.02.25 02:27:40	2025.02.25 09:29:40	-138.5	32.5	-138.5
301	2025.02.26 02:32:40	2025.02.26 04:08:40	-62	18.5	-62
304	2025.02.26 06:31:40	2025.02.26 07:30:00	-12	55.5	47.5
306	2025.02.26 09:16:40	2025.02.26 09:30:00	-3	44	35.5
310	2025.02.27 03:19:40	2025.02.27 04:30:00	-21	99	80.5
314	2025.02.27 06:39:40	2025.02.27 07:30:00	-13.5	138.5	126
316	2025.02.27 09:16:40	2025.02.27 10:00:40	-50	60.5	-50
319	2025.02.28 03:21:40	2025.02.28 03:30:40	-95	9	-95
324	2025.02.28 06:07:40	2025.02.28 08:30:00	-54.5	144.5	127.5
327	2025.02.28 09:51:20	2025.02.28 11:30:00	-22.5	121	113
334	2025.03.03 06:11:40	2025.03.03 08:00:00	-0.5	135.5	105
336	2025.03.03 08:45:40	2025.03.03 09:23:20	-65	62.5	-65
339	2025.03.04 03:00:20	2025.03.04 03:20:20	-120	21.5	-120
342	2025.03.04 04:23:40	2025.03.04 07:30:00	-82	141.5	114.5
344	2025.03.04 08:26:20	2025.03.04 08:30:20	-47.5	2	-47.5
353	2025.03.05 04:50:40	2025.03.05 10:30:00	-93.5	208	194.5
355	2025.03.06 02:14:40	2025.03.06 02:57:40	-67	30	-67
359	2025.03.06 05:35:40	2025.03.06 06:30:00	-7.5	56	39.5
362	2025.03.06 08:31:40	2025.03.06 09:33:40	-66	6	-66
365	2025.03.07 03:09:40	2025.03.07 07:56:20	-122.5	34	-122.5
369	2025.03.07 09:01:40	2025.03.07 11:30:00	-26	164.5	120
373	2025.03.10 03:05:40	2025.03.10 03:22:20	-91.5	14.5	-91.5
375	2025.03.10 03:55:20	2025.03.10 05:00:00	-13	154	146.5
377	2025.03.10 05:35:40	2025.03.10 06:12:40	-52	29	-52
379	2025.03.10 07:24:40	2025.03.10 07:53:40	-98.5	3	-98.5
387	2025.03.11 05:07:40	2025.03.11 11:30:00	28	497.5	492.5
389	2025.03.12 02:54:40	2025.03.12 09:49:40	-88	48	-88
394	2025.03.13 05:15:40	2025.03.13 05:31:40	-76	0	-76
402	2025.03.13 09:46:40	2025.03.13 13:00:00	-131.5	269	262.5
404	2025.03.14 03:00:20	2025.03.14 03:00:40	-53.5	5	-53.5
406	2025.03.14 05:52:40	2025.03.14 09:34:40	-90	53	-90
410	2025.03.17 03:37:40	2025.03.17 09:18:40	-59	34	-59
416	2025.03.18 04:08:40	2025.03.18 04:16:40	-33.5	7.5	-33.5
421	2025.03.18 07:17:40	2025.03.18 07:38:20	-41.5	1	-41.5
423	2025.03.18 08:47:40	2025.03.18 10:30:00	-12	79	75
425	2025.03.19 01:46:40	2025.03.19 03:30:00	-46	108	91
428	2025.03.19 05:34:40	2025.03.19 05:54:40	-39.5	1	-39.5
433	2025.03.19 08:26:40	2025.03.19 09:01:40	-29.5	35	-29.5
435	2025.03.19 09:36:20	2025.03.19 10:02:40	-42.5	3	-42.5
437	2025.03.20 05:12:40	2025.03.20 06:30:00	-1.5	92	67
440	2025.03.20 08:50:40	2025.03.20 09:19:20	-29.5	15	-29.5
444	2025.03.21 03:00:40	2025.03.21 08:38:40	-81.5	84	-81.5
446	2025.03.21 09:38:40	2025.03.21 10:44:40	-93.5	58.5	-93.5
448	2025.03.24 02:34:40	2025.03.24 03:00:00	-13	63	50.5
453	2025.03.24 05:51:20	2025.03.24 06:34:40	-27.5	15.5	-27.5
455	2025.03.24 07:36:40	2025.03.24 08:30:00	-2.5	33	18.5
457	2025.03.24 09:22:40	2025.03.24 09:35:40	-16.5	4.5	-16.5
460	2025.03.25 03:53:40	2025.03.25 06:19:40	-58.5	23	-58.5
463	2025.03.25 08:15:40	2025.03.25 10:30:00	-19	60.5	35
466	2025.03.26 02:02:40	2025.03.26 04:00:00	-7.5	45.5	25
473	2025.03.26 07:38:40	2025.03.26 08:42:40	-16	27.5	-16
476	2025.03.26 09:40:40	2025.03.26 10:30:00	-8	53.5	50
479	2025.03.27 02:32:40	2025.03.27 03:30:00	-11	89	62
481	2025.03.27 04:50:20	2025.03.27 07:00:00	-13	109	81.5
484	2025.03.27 08:33:40	2025.03.27 08:52:20	-31	19	-31
491	2025.03.28 03:36:40	2025.03.28 09:58:40	-82.5	75	-82.5
495	2025.03.31 04:24:40	2025.03.31 14:26:40	-203.5	21	-203.5
501	2025.04.01 05:11:20	2025.04.01 10:00:00	-28.5	175.5	155
506	2025.04.02 04:53:40	2025.04.02 06:46:40	-60.5	20.5	-60.5
508	2025.04.02 07:40:40	2025.04.02 08:59:40	-41	22.5	-41
510	2025.04.02 09:18:40	2025.04.02 10:05:40	-72	12.5	-72
514	2025.04.03 03:05:40	2025.04.03 03:30:00	-24	210	171.5
516	2025.04.03 04:23:40	2025.04.03 13:22:20	-185.5	216.5	-185.5
519	2025.04.04 03:02:40	2025.04.04 03:47:40	-73.5	54	-73.5
521	2025.04.04 04:22:40	2025.04.04 04:56:40	-123	1.5	-123
523	2025.04.04 05:14:40	2025.04.04 06:00:40	-91	2.5	-91
528	2025.04.04 08:25:40	2025.04.04 09:30:00	-5.5	231.5	191.5
532	2025.04.07 02:34:40	2025.04.07 05:00:00	-363	648	580.5
537	2025.04.07 07:02:40	2025.04.07 07:26:40	-217.5	36	-217.5
539	2025.04.07 08:19:40	2025.04.07 09:18:40	-318	107	-318
542	2025.04.08 03:10:40	2025.04.08 03:58:40	-104.5	155	-104.5
544	2025.04.08 04:40:40	2025.04.08 08:12:40	-271.5	93	-271.5
547	2025.04.08 09:44:40	2025.04.08 10:30:00	-46	204	181.5
552	2025.04.09 04:42:40	2025.04.09 05:00:00	-22.5	344.5	312
557	2025.04.09 09:13:40	2025.04.09 11:00:00	-172.5	815.5	650.5
562	2025.04.10 04:01:40	2025.04.10 04:28:40	-203	70.5	-203
566	2025.04.10 08:51:40	2025.04.10 10:30:40	-225.5	139	-225.5
571	2025.04.11 04:15:40	2025.04.11 08:30:00	-85	609	590
574	2025.04.14 03:00:40	2025.04.14 04:24:40	-101.5	84	-101.5
576	2025.04.14 05:14:40	2025.04.14 07:30:00	-44.5	128.5	124.5
579	2025.04.14 09:11:40	2025.04.14 10:13:40	-59.5	95	-59.5
582	2025.04.15 02:34:40	2025.04.15 10:30:00	-88.5	316	264
588	2025.04.16 04:08:40	2025.04.16 08:02:40	-101.5	87	-101.5
591	2025.04.16 09:16:40	2025.04.16 11:30:00	-84	362	201
593	2025.04.17 03:01:40	2025.04.17 05:30:00	-28.5	190	149.5
596	2025.04.17 08:30:40	2025.04.17 09:30:00	-38.5	119	112
599	2025.04.21 03:00:40	2025.04.21 04:07:40	-96	92	-96
601	2025.04.21 04:37:40	2025.04.21 05:35:40	-106	12	-106
604	2025.04.21 07:09:40	2025.04.21 09:42:40	-50	44.5	-50
606	2025.04.22 02:48:40	2025.04.22 03:00:00	-1.5	150	143.5
609	2025.04.22 04:06:40	2025.04.22 04:30:00	-7.5	96.5	75.5
615	2025.04.22 08:03:40	2025.04.22 09:30:00	-49	77.5	74
619	2025.04.23 05:48:40	2025.04.23 11:30:00	-93	258.5	220
621	2025.04.24 02:23:40	2025.04.24 06:23:40	-211.5	61	-211.5
623	2025.04.24 06:44:20	2025.04.24 07:15:40	-51.5	5	-51.5
625	2025.04.24 07:42:40	2025.04.24 08:57:40	-89	37	-89
627	2025.04.24 09:29:40	2025.04.24 10:05:40	-194	8	-194
629	2025.04.25 02:26:40	2025.04.25 12:16:40	-149.5	139	-149.5
636	2025.04.28 05:00:40	2025.04.28 06:23:40	-54	42.5	-54
639	2025.04.28 07:28:40	2025.04.28 09:30:00	-21	110	102
641	2025.04.29 02:01:40	2025.04.29 03:00:00	-7	82	75.5
643	2025.04.29 03:45:40	2025.04.29 05:00:00	7.5	131.5	118
646	2025.04.29 07:26:40	2025.04.29 07:48:40	-43	31	-43
650	2025.04.29 09:31:40	2025.04.29 10:30:00	-45.5	80	74.5
654	2025.04.30 02:35:40	2025.04.30 03:46:40	-53	27.5	-53
658	2025.04.30 07:18:40	2025.04.30 09:30:00	-50	85.5	77.5
660	2025.05.01 03:03:20	2025.05.01 10:01:40	-56.5	79.5	-56.5
662	2025.05.02 03:18:40	2025.05.02 03:30:00	-35	105.5	99
664	2025.05.02 05:52:40	2025.05.02 09:03:40	-102	69.5	-102
670	2025.05.05 03:46:40	2025.05.05 04:39:40	-108	10	-108
674	2025.05.05 06:38:40	2025.05.05 07:11:20	-58	47.5	-58
677	2025.05.05 08:01:40	2025.05.05 09:30:00	-14.5	70	49
679	2025.05.06 02:22:40	2025.05.06 02:30:40	-39.5	0	-39.5
681	2025.05.06 03:07:40	2025.05.06 03:17:40	-47	5	-47
687	2025.05.06 06:33:40	2025.05.06 08:48:40	-71	41	-71
689	2025.05.06 09:28:20	2025.05.06 10:38:40	-87.5	35.5	-87.5
692	2025.05.07 03:30:40	2025.05.07 05:02:40	-117.5	39	-117.5
695	2025.05.07 07:12:40	2025.05.07 08:05:40	-61	27.5	-61
700	2025.05.08 02:04:40	2025.05.08 03:42:40	-38.5	60.5	-38.5
702	2025.05.08 05:40:40	2025.05.08 07:00:00	-37.5	120	108
706	2025.05.08 09:44:20	2025.05.08 11:30:00	-44	114.5	94
711	2025.05.09 04:18:40	2025.05.09 09:00:00	-32.5	126	104.5
713	2025.05.09 09:48:40	2025.05.09 10:02:40	-46.5	1.5	-46.5
715	2025.05.12 03:31:40	2025.05.12 04:30:00	-7.5	116.5	109
718	2025.05.12 05:48:40	2025.05.12 09:00:00	-32	71.5	50.5
721	2025.05.13 02:04:40	2025.05.13 02:30:00	-3	66.5	41
725	2025.05.13 04:23:40	2025.05.13 05:22:40	-58	3.5	-58
731	2025.05.13 08:02:40	2025.05.13 13:00:00	-47.5	67	65
733	2025.05.14 02:09:40	2025.05.14 03:00:00	-6	65.5	46
737	2025.05.14 04:41:40	2025.05.14 08:00:00	-22	87	68
739	2025.05.15 01:49:40	2025.05.15 02:22:40	-40.5	9	-40.5
741	2025.05.15 03:01:40	2025.05.15 08:23:40	-50.5	60.5	-50.5
744	2025.05.15 09:15:20	2025.05.15 10:14:40	-71	32.5	-71
746	2025.05.16 01:31:40	2025.05.16 03:46:40	-46	68	-46
748	2025.05.16 06:32:40	2025.05.16 14:30:00	-102.5	150	135
751	2025.05.19 04:33:40	2025.05.19 04:42:40	-63.5	3.5	-63.5
756	2025.05.19 08:50:40	2025.05.19 09:45:40	-97.5	88	-97.5
759	2025.05.20 02:07:40	2025.05.20 02:30:00	-10	50.5	44.5
763	2025.05.20 05:10:40	2025.05.20 05:35:40	-58	1	-58
765	2025.05.20 06:40:20	2025.05.20 06:48:40	-32	1	-32
768	2025.05.20 07:53:40	2025.05.20 08:30:00	9	83.5	72.5
771	2025.05.20 09:35:40	2025.05.20 10:30:00	-31	85.5	82.5
773	2025.05.21 02:03:40	2025.05.21 08:47:40	-148	54.5	-148
777	2025.05.22 02:12:40	2025.05.22 04:00:00	-39.5	90.5	83
783	2025.05.22 07:32:40	2025.05.22 07:53:40	-17.5	6.5	-17.5
785	2025.05.22 09:46:40	2025.05.22 14:38:40	-67.5	92	-67.5
788	2025.05.23 03:02:20	2025.05.23 08:54:20	-110	29.5	-110
792	2025.05.26 02:06:20	2025.05.26 11:00:00	-74.5	157.5	147.5
796	2025.05.27 03:51:40	2025.05.27 04:07:40	-70	10	-70
801	2025.05.27 07:38:40	2025.05.27 09:00:00	-30	89	68.5
803	2025.05.28 02:16:40	2025.05.28 06:41:40	-52.5	9.5	-52.5
806	2025.05.28 07:32:20	2025.05.28 07:37:40	-16	0.5	-16
808	2025.05.28 08:16:40	2025.05.28 09:59:40	-25	30	-25
810	2025.05.29 01:36:40	2025.05.29 02:00:00	9	145	126.5
812	2025.05.29 03:40:40	2025.05.29 11:00:00	-46.5	166.5	166.5
817	2025.05.30 05:00:40	2025.05.30 15:11:40	-160.5	146	-160.5
820	2025.06.02 02:42:40	2025.06.02 03:30:40	-44	24	-44
822	2025.06.02 04:07:40	2025.06.02 04:36:40	-45	12.5	-45
828	2025.06.02 07:21:40	2025.06.02 07:51:40	-43	10	-43
832	2025.06.02 09:32:40	2025.06.02 10:27:40	-70	70	-70
835	2025.06.03 02:03:20	2025.06.03 02:06:40	-23	2.5	-23
841	2025.06.03 06:46:20	2025.06.03 09:10:40	-59	10	-59
843	2025.06.03 09:46:40	2025.06.03 10:21:40	-60.5	25	-60.5
846	2025.06.04 03:02:40	2025.06.04 03:11:40	-50	17	-50
851	2025.06.04 05:34:40	2025.06.04 11:00:00	-27	77.5	74
855	2025.06.05 03:03:40	2025.06.05 04:25:40	-29.5	30	-29.5
857	2025.06.05 04:53:20	2025.06.05 08:03:40	-40.5	15.5	-40.5
860	2025.06.05 09:26:40	2025.06.05 10:30:00	-11.5	161.5	152
862	2025.06.06 02:52:20	2025.06.06 07:00:00	-54.5	93.5	77
865	2025.06.09 02:37:40	2025.06.09 05:21:40	-63.5	43	-63.5
868	2025.06.09 06:52:40	2025.06.09 10:00:00	-26	51.5	50.5
870	2025.06.10 02:17:40	2025.06.10 03:00:40	-23	5	-23
882	2025.06.11 06:57:40	2025.06.11 07:32:40	-31	18	-31
884	2025.06.11 08:16:20	2025.06.11 11:00:00	-49.5	72	60.5
887	2025.06.12 02:34:40	2025.06.12 03:26:40	-50	44	-50
892	2025.06.12 06:01:40	2025.06.12 06:30:00	-17	56.5	52
894	2025.06.12 07:48:40	2025.06.12 08:44:40	-36.5	31	-36.5
897	2025.06.12 09:32:40	2025.06.12 10:44:40	-58.5	41	-58.5
904	2025.06.13 04:38:40	2025.06.13 05:42:40	-163	98.5	-163
906	2025.06.13 06:01:40	2025.06.13 11:00:00	-87.5	202.5	164.5
908	2025.06.16 02:36:40	2025.06.16 10:00:00	-32	161	137.5
913	2025.06.17 03:56:40	2025.06.17 10:25:40	-141.5	71	-141.5
916	2025.06.18 02:43:40	2025.06.18 03:30:00	-27.5	131.5	101
919	2025.06.18 05:31:20	2025.06.18 07:22:40	-76	5	-76
921	2025.06.18 07:48:00	2025.06.18 12:00:00	-21.5	106	96
924	2025.06.19 02:47:40	2025.06.19 03:04:40	-37	17	-37
930	2025.06.19 06:05:40	2025.06.19 08:00:00	-7.5	79.5	62
935	2025.06.20 03:09:40	2025.06.20 04:06:40	-73	45.5	-73
937	2025.06.20 05:29:40	2025.06.20 15:00:00	-62.5	219.5	144.5
939	2025.06.23 02:32:40	2025.06.23 03:03:40	-76.5	14.5	-76.5
942	2025.06.23 05:00:40	2025.06.23 08:30:00	-29.5	131	94
944	2025.06.23 09:51:40	2025.06.23 11:00:00	-29.5	152	132.5
948	2025.06.24 04:12:40	2025.06.24 09:30:00	-59	245.5	242.5
951	2025.06.25 02:00:40	2025.06.25 02:19:20	-31.5	9.5	-31.5
955	2025.06.25 05:31:40	2025.06.25 06:30:00	-6.5	36	34
957	2025.06.25 07:51:40	2025.06.25 10:45:20	-34	32	-34
960	2025.06.26 02:57:40	2025.06.26 06:30:00	-19	63	58.5
962	2025.06.26 07:46:20	2025.06.26 09:30:00	-21	42	32
966	2025.06.27 03:05:40	2025.06.27 03:14:40	-36	9	-36
968	2025.06.27 04:54:40	2025.06.27 09:00:00	-20.5	64.5	46
970	2025.06.30 03:32:40	2025.06.30 06:30:00	-44.5	77	64.5
973	2025.06.30 08:38:40	2025.06.30 09:30:00	-10.5	46	31
976	2025.07.01 02:37:40	2025.07.01 03:30:00	4.5	63	49
978	2025.07.01 04:49:40	2025.07.01 05:52:40	-47	12.5	-47
988	2025.07.02 03:00:40	2025.07.02 04:52:40	-32.5	8.5	-32.5
990	2025.07.02 05:36:40	2025.07.02 07:30:00	-5.5	116	106.5
992	2025.07.02 09:01:40	2025.07.02 10:20:20	-48	12.5	-48
995	2025.07.03 04:24:40	2025.07.03 05:05:40	-35.5	29	-35.5
997	2025.07.03 05:49:40	2025.07.03 06:30:00	-11	50	41.5
1001	2025.07.03 08:59:40	2025.07.03 10:30:00	-20	42	27
1003	2025.07.04 01:37:40	2025.07.04 03:11:20	-75	5.5	-75
1005	2025.07.04 04:09:20	2025.07.04 05:10:40	-38.5	28	-38.5
1012	2025.07.07 02:22:40	2025.07.07 03:42:40	-52.5	13.5	-52.5
1016	2025.07.07 05:13:40	2025.07.07 08:20:40	-53	61	-53
1018	2025.07.07 09:00:20	2025.07.07 09:11:40	-39.5	1.5	-39.5
1021	2025.07.08 01:41:40	2025.07.08 04:00:00	-33.5	122	106
1023	2025.07.08 05:29:40	2025.07.08 11:00:00	-38	98	80
1028	2025.07.09 04:57:40	2025.07.09 06:20:40	-38	19.5	-38
1030	2025.07.09 07:38:40	2025.07.09 08:27:40	-29	21.5	-29
1033	2025.07.09 09:45:40	2025.07.09 12:30:00	-9	123	117
1039	2025.07.10 04:36:40	2025.07.10 04:54:40	-28.5	3	-28.5
1041	2025.07.10 05:14:40	2025.07.10 07:05:40	-49.5	17	-49.5
1043	2025.07.10 07:33:40	2025.07.10 08:30:40	-27.5	10.5	-27.5
1046	2025.07.10 09:57:20	2025.07.10 11:00:00	-26	52	48
1048	2025.07.11 02:53:40	2025.07.11 03:00:40	-28	5.5	-28
1051	2025.07.11 05:33:40	2025.07.11 06:30:00	-17	57	57
1053	2025.07.11 07:11:40	2025.07.11 07:56:40	-15	9.5	-15
1055	2025.07.11 08:01:40	2025.07.11 08:14:40	-18	0.5	-18
1058	2025.07.14 01:34:40	2025.07.14 16:30:00	-118.5	161	158
1061	2025.07.15 02:55:40	2025.07.15 03:00:40	-26.5	6	-26.5
1065	2025.07.15 04:39:40	2025.07.15 05:00:00	9.5	333	271.5
1068	2025.07.15 06:25:40	2025.07.15 08:00:00	2	91.5	81.5
1073	2025.07.16 02:10:40	2025.07.16 09:38:40	-79.5	64.5	-79.5
1076	2025.07.17 03:27:40	2025.07.17 04:35:40	-36.5	19	-36.5
1080	2025.07.17 06:27:40	2025.07.17 08:30:00	-10	48	45.5
1082	2025.07.18 02:00:40	2025.07.18 03:00:00	-10	56	40
1086	2025.07.18 04:40:40	2025.07.18 08:30:00	-24	48.5	48.5
1089	2025.07.21 01:37:40	2025.07.21 09:30:00	-7.5	109	105
1091	2025.07.22 02:36:20	2025.07.22 02:47:40	-17.5	3.5	-17.5
1093	2025.07.22 03:05:40	2025.07.22 04:03:40	-33	19	-33
1100	2025.07.22 09:51:40	2025.07.22 10:30:00	-19	56.5	50
1102	2025.07.23 02:13:40	2025.07.23 02:30:00	30.5	102.5	63.5
1105	2025.07.23 04:11:40	2025.07.23 04:30:00	-1.5	51.5	36.5
1107	2025.07.23 06:22:40	2025.07.23 12:00:00	-42	60	54.5
1109	2025.07.24 02:09:40	2025.07.24 03:05:20	-33	11	-33
1111	2025.07.24 04:15:40	2025.07.24 06:46:40	-27.5	33	-27.5
1114	2025.07.24 08:03:20	2025.07.24 08:59:40	-22.5	2	-22.5
1116	2025.07.24 09:01:40	2025.07.24 09:31:40	-16	22.5	-16
1119	2025.07.25 02:45:40	2025.07.25 05:00:00	-11	64	41.5
1121	2025.07.25 06:16:40	2025.07.25 07:30:20	-31.5	12	-31.5
1126	2025.07.28 05:20:20	2025.07.28 08:00:00	-8	44.5	31
1129	2025.07.29 03:25:40	2025.07.29 09:00:00	-22.5	41	30.5
1132	2025.07.30 04:36:40	2025.07.30 09:30:00	-19	41.5	38.5
1134	2025.07.31 03:18:40	2025.07.31 04:00:00	-8	42.5	35.5
1136	2025.07.31 06:42:40	2025.07.31 08:00:00	-17	39.5	31.5
1142	2025.08.01 04:16:20	2025.08.01 10:10:40	-143.5	79.5	-143.5
1144	2025.08.04 04:33:40	2025.08.04 10:30:00	-35.5	109.5	100.5
1147	2025.08.05 02:06:40	2025.08.05 02:32:40	-29	37	-29
1149	2025.08.05 03:37:40	2025.08.05 08:00:00	-21	80	49.5
1151	2025.08.05 09:05:20	2025.08.05 10:00:00	-14	51	35
1155	2025.08.06 03:32:20	2025.08.06 05:00:00	-56	96	87.5
1157	2025.08.06 08:26:40	2025.08.06 09:30:00	-7.5	62.5	53
1160	2025.08.07 03:18:40	2025.08.07 11:00:00	-33	85.5	77
1164	2025.08.08 03:11:40	2025.08.08 03:30:00	-7.5	33.5	30
1167	2025.08.08 05:07:20	2025.08.08 06:33:40	-27	15.5	-27
1173	2025.08.08 09:25:40	2025.08.08 17:00:00	-58.5	207.5	199
1176	2025.08.11 02:00:40	2025.08.11 02:04:40	-23	4.5	-23
1178	2025.08.11 04:25:40	2025.08.11 10:47:40	-71	62.5	-71
1181	2025.08.12 03:18:40	2025.08.12 08:00:00	-31	59.5	49.5
1184	2025.08.12 09:00:40	2025.08.12 16:00:00	-50	377.5	285
1187	2025.08.13 02:01:40	2025.08.13 02:30:00	2	23.5	20.5
1192	2025.08.13 05:22:40	2025.08.13 07:30:00	2	40	34
1195	2025.08.13 09:32:40	2025.08.13 10:30:00	-2.5	61.5	59
1197	2025.08.14 02:37:20	2025.08.14 03:41:40	-31	20.5	-31
1200	2025.08.14 04:59:20	2025.08.14 07:31:20	-29	18.5	-29
1204	2025.08.14 09:48:40	2025.08.14 11:00:00	-15.5	35	33
1207	2025.08.15 03:31:40	2025.08.15 05:30:00	-12	65.5	53
1209	2025.08.15 06:05:40	2025.08.15 09:00:00	-25	47	34
1211	2025.08.15 09:33:20	2025.08.15 10:50:40	-31	27	-31
1213	2025.08.18 02:33:40	2025.08.18 04:30:00	-15	47.5	41.5
1218	2025.08.18 07:36:40	2025.08.18 08:24:40	-28	1	-28
1225	2025.08.19 04:00:40	2025.08.19 05:57:40	-45	14.5	-45
1227	2025.08.19 06:27:40	2025.08.19 06:37:40	-42.5	7.5	-42.5
1230	2025.08.19 07:44:20	2025.08.19 08:12:40	-33	16.5	-33
1233	2025.08.19 09:06:20	2025.08.19 11:00:00	-22	48.5	42.5
1238	2025.08.20 04:00:40	2025.08.20 04:09:40	-42	14.5	-42
1241	2025.08.20 05:30:40	2025.08.20 06:10:40	-43	12.5	-43
1246	2025.08.20 08:33:40	2025.08.20 10:00:00	-15	80.5	72.5
1250	2025.08.21 04:53:40	2025.08.21 14:49:40	-110	91	-110
1254	2025.08.22 05:05:40	2025.08.22 06:02:40	-29	46.5	-29
1256	2025.08.22 06:38:40	2025.08.22 08:19:40	-38	10	-38
1265	2025.08.25 06:42:40	2025.08.25 10:00:40	-56	44	-56
1269	2025.08.26 03:17:40	2025.08.26 03:19:40	-38	3	-38
1273	2025.08.26 05:10:40	2025.08.26 17:30:00	-83	182.5	172
1275	2025.08.27 02:36:20	2025.08.27 03:00:40	-24.5	4.5	-24.5
1278	2025.08.27 04:01:40	2025.08.27 05:00:00	-7	51	47.5
1281	2025.08.27 06:02:20	2025.08.27 07:07:40	-16	8.5	-16
1283	2025.08.27 09:28:40	2025.08.27 10:19:40	-44.5	5	-44.5
1288	2025.08.28 03:42:40	2025.08.28 05:00:00	-12	72.5	64.5
1290	2025.08.28 06:01:40	2025.08.28 06:30:00	-0.5	53	40.5
1295	2025.08.28 09:20:40	2025.08.28 10:00:00	-5	101.5	90.5
1298	2025.08.29 03:19:40	2025.08.29 04:08:40	-36	6	-36
1302	2025.08.29 06:01:40	2025.08.29 07:30:40	-26	15.5	-26
1304	2025.08.29 08:02:40	2025.08.29 08:20:40	-18	1.5	-18
1306	2025.08.29 09:06:40	2025.08.29 10:00:40	-29.5	12	-29.5
1308	2025.09.01 03:07:40	2025.09.01 04:19:40	-33.5	18.5	-33.5
1317	2025.09.01 08:39:40	2025.09.01 09:03:40	-70	12.5	-70
1319	2025.09.01 09:41:40	2025.09.01 12:30:00	2	143.5	120.5
1324	2025.09.02 03:34:40	2025.09.02 04:00:00	-6.5	44.5	42
1328	2025.09.02 07:26:40	2025.09.02 08:08:40	-59	5.5	-59
1331	2025.09.02 09:09:20	2025.09.02 10:12:40	-59	31	-59
1338	2025.09.03 04:52:40	2025.09.03 05:34:40	-39.5	10	-39.5
1340	2025.09.03 06:05:40	2025.09.03 06:38:40	-33	7	-33
1342	2025.09.03 07:18:40	2025.09.03 11:00:00	-44.5	104.5	91
1345	2025.09.04 02:05:40	2025.09.04 02:45:20	-23	22	-23
1347	2025.09.04 03:02:40	2025.09.04 03:30:00	6	133.5	96.5
1349	2025.09.04 05:02:40	2025.09.04 05:52:40	-39.5	45.5	-39.5
1353	2025.09.04 07:00:40	2025.09.04 07:30:00	-2	45	39
1355	2025.09.04 08:12:40	2025.09.04 08:23:40	-20	18.5	-20
1358	2025.09.04 09:08:40	2025.09.04 09:15:40	-40.5	3.5	-40.5
1360	2025.09.04 09:37:20	2025.09.04 09:56:40	-44	4	-44
1362	2025.09.05 03:09:40	2025.09.05 04:00:00	1	32	27
1364	2025.09.05 05:41:40	2025.09.05 08:30:00	-11.5	41.5	37
1367	2025.09.08 04:35:40	2025.09.08 05:04:40	-29	15.5	-29
1372	2025.09.08 08:19:20	2025.09.08 13:00:00	-43.5	68.5	61.5
1375	2025.09.09 03:10:40	2025.09.09 04:00:40	-35.5	11	-35.5
1377	2025.09.09 04:52:40	2025.09.09 06:30:00	-2.5	71	49
1379	2025.09.09 07:59:40	2025.09.09 08:02:40	-15.5	0.5	-15.5
1381	2025.09.09 08:55:40	2025.09.09 10:30:00	-14	66.5	59.5
1385	2025.09.10 03:27:20	2025.09.10 08:00:00	-41.5	52.5	46.5
1387	2025.09.10 08:30:40	2025.09.10 09:30:00	-21.5	31	27
1389	2025.09.11 03:00:20	2025.09.11 03:00:40	-24	3	-24
1391	2025.09.11 03:48:40	2025.09.11 14:00:00	-68.5	88.5	80.5
1394	2025.09.12 02:14:40	2025.09.12 04:45:40	-31	18	-31
1397	2025.09.12 05:54:40	2025.09.12 08:30:00	-12.5	46	42
1401	2025.09.15 04:35:40	2025.09.15 09:00:00	-14.5	58.5	49
1403	2025.09.15 09:32:40	2025.09.15 11:00:40	-28	26.5	-28
1406	2025.09.16 02:15:40	2025.09.16 02:30:00	-2	30.5	22.5
1408	2025.09.16 04:05:40	2025.09.16 05:30:00	-1	37.5	35
1411	2025.09.16 08:08:40	2025.09.16 09:00:00	-5.5	34.5	20
1420	2025.09.17 07:01:40	2025.09.17 07:05:40	-13.5	0	-13.5
1422	2025.09.17 08:08:40	2025.09.17 08:19:40	-30.5	8	-30.5
1424	2025.09.17 09:25:20	2025.09.17 11:35:40	-54.5	52	-54.5
1426	2025.09.18 04:07:40	2025.09.18 06:00:00	-33	76	72
1428	2025.09.18 07:20:40	2025.09.18 08:27:40	-33	22.5	-33
1432	2025.09.18 09:45:40	2025.09.18 11:00:00	-14	108.5	92
1435	2025.09.19 02:33:40	2025.09.19 03:12:40	-21	15	-21
1438	2025.09.19 06:10:40	2025.09.19 07:03:40	-47	26.5	-47
1440	2025.09.19 07:49:40	2025.09.19 09:23:40	-66	17	-66
1444	2025.09.22 03:00:40	2025.09.22 03:30:00	-14	45.5	29.5
1449	2025.09.22 08:09:20	2025.09.22 08:30:40	-16.5	11	-16.5
1453	2025.09.23 02:48:40	2025.09.23 07:32:40	-41	13.5	-41
1455	2025.09.23 08:01:40	2025.09.23 09:30:00	-13	49	30
1461	2025.09.24 05:30:40	2025.09.24 08:00:00	-10	42.5	41
1464	2025.09.25 02:49:40	2025.09.25 03:30:00	-8	53.5	43.5
1466	2025.09.25 05:42:40	2025.09.25 07:14:20	-20.5	8.5	-20.5
1471	2025.09.25 09:04:20	2025.09.25 09:21:40	-38.5	3.5	-38.5
1479	2025.09.26 05:32:40	2025.09.26 06:12:40	-51	9	-51
1481	2025.09.26 07:18:40	2025.09.26 07:58:40	-49	15.5	-49
1483	2025.09.26 08:24:40	2025.09.26 09:30:00	-23	133.5	120.5
1485	2025.09.29 04:38:20	2025.09.29 07:30:00	-18	77.5	77
1487	2025.09.29 08:23:00	2025.09.29 08:42:40	-14	6	-14
1489	2025.09.29 09:22:40	2025.09.29 11:30:00	-29	78	74.5
1491	2025.09.30 01:48:40	2025.09.30 03:01:40	-34.5	34	-34.5
1493	2025.09.30 03:37:40	2025.09.30 10:03:40	-46	56.5	-46
1506	2025.10.02 02:15:40	2025.10.02 02:34:40	-20.5	14.5	-20.5
1508	2025.10.02 03:01:40	2025.10.02 04:00:00	-11	71.5	64.5
1511	2025.10.02 07:00:40	2025.10.02 11:30:00	-32.5	89.5	85
1513	2025.10.03 02:10:40	2025.10.03 03:30:00	1	59.5	51
1515	2025.10.03 04:36:40	2025.10.03 05:00:00	-3	25.5	24
1517	2025.10.03 05:36:20	2025.10.03 08:30:00	-18	51.5	50
1520	2025.10.06 04:37:40	2025.10.06 07:30:00	-14	47.5	46.5
1522	2025.10.06 09:38:40	2025.10.06 10:25:40	-36	9.5	-36
1526	2025.10.07 04:46:20	2025.10.07 07:30:00	-15.5	70.5	69.5
1531	2025.10.08 03:25:40	2025.10.08 04:30:00	-18	76	67.5
1533	2025.10.08 05:21:40	2025.10.08 08:14:40	-31	19.5	-31
1540	2025.10.09 04:01:40	2025.10.09 04:08:40	-21	1	-21
1544	2025.10.09 06:22:40	2025.10.09 11:41:40	-63.5	58	-63.5
1546	2025.10.10 02:48:40	2025.10.10 04:30:00	-5.5	51.5	48
1548	2025.10.10 05:33:40	2025.10.10 05:48:40	-16	9.5	-16
1553	2025.10.10 08:35:40	2025.10.10 09:51:20	-55	54	-55
1555	2025.10.13 02:09:40	2025.10.13 03:00:00	-79	159.5	144.5
1559	2025.10.13 07:54:40	2025.10.13 10:30:00	-73	228	220.5
1561	2025.10.14 01:47:20	2025.10.14 03:30:00	-60	141	139
1563	2025.10.14 04:42:40	2025.10.14 05:47:40	-80.5	27	-80.5
1572	2025.10.15 03:37:40	2025.10.15 05:30:00	-39	146	125
1575	2025.10.15 07:27:40	2025.10.15 08:30:00	0	177.5	130
1577	2025.10.15 09:38:40	2025.10.15 11:30:00	-41.5	75	58.5
1581	2025.10.16 04:01:40	2025.10.16 09:30:00	-46.5	167.5	164.5
1584	2025.10.17 03:03:40	2025.10.17 04:30:00	-22	133	99.5
1587	2025.10.17 05:45:40	2025.10.17 06:42:20	-76.5	10	-76.5
1593	2025.10.17 09:03:40	2025.10.17 09:36:40	-125.5	24.5	-125.5
1597	2025.10.20 03:44:40	2025.10.20 07:00:00	-3.5	165	156
1599	2025.10.20 08:22:40	2025.10.20 11:44:40	-67.5	68.5	-67.5
1602	2025.10.21 02:01:40	2025.10.21 03:04:40	-29.5	39	-29.5
1604	2025.10.21 05:17:40	2025.10.21 06:41:20	-43	19.5	-43
1617	2025.10.22 04:17:40	2025.10.22 05:30:00	-18.5	74	73.5
1620	2025.10.22 06:55:40	2025.10.22 07:30:00	-5.5	117.5	92
1622	2025.10.22 08:12:20	2025.10.22 08:26:40	-29.5	1	-29.5
1625	2025.10.22 09:11:40	2025.10.22 10:02:40	-39	43	-39
1628	2025.10.23 03:57:40	2025.10.23 14:11:40	-118.5	155	-118.5
1630	2025.10.24 02:46:20	2025.10.24 03:11:40	-30.5	3.5	-30.5
1632	2025.10.24 04:02:40	2025.10.24 06:30:00	-16	45.5	43.5
1634	2025.10.24 07:47:40	2025.10.24 09:30:00	-17.5	93.5	87.5
1638	2025.10.27 03:10:40	2025.10.27 06:30:00	-47	77	69
1641	2025.10.27 08:03:20	2025.10.27 08:30:00	-10.5	27	22
1643	2025.10.28 02:03:40	2025.10.28 03:03:40	-34	31.5	-34
1647	2025.10.28 04:32:40	2025.10.28 07:54:40	-33.5	22	-33.5
1650	2025.10.28 08:49:40	2025.10.28 11:10:40	-32.5	44.5	-32.5
1652	2025.10.29 02:47:40	2025.10.29 03:08:40	-42	7.5	-42
1654	2025.10.29 04:27:40	2025.10.29 05:30:00	-9	117	104
1657	2025.10.29 06:46:40	2025.10.29 07:04:20	-30	8	-30
1659	2025.10.29 07:34:40	2025.10.29 09:30:00	-7.5	90	81
1662	2025.10.30 04:42:40	2025.10.30 06:30:00	-35	167.5	133.5
1668	2025.10.31 02:46:40	2025.10.31 05:00:00	-52	93.5	89.5
1671	2025.10.31 06:10:40	2025.10.31 06:22:40	-52	5.5	-52
1673	2025.10.31 06:49:40	2025.10.31 08:53:40	-66	33	-66
1675	2025.10.31 09:27:40	2025.10.31 09:52:40	-48	17	-48
1678	2025.11.03 04:22:40	2025.11.03 04:35:40	-43.5	10.5	-43.5
1681	2025.11.03 06:28:20	2025.11.03 08:23:40	-71.5	5	-71.5
1696	2025.11.04 09:37:40	2025.11.04 10:05:40	-111.5	21	-111.5
1703	2025.11.05 04:44:40	2025.11.05 05:30:00	7.5	218.5	206
1706	2025.11.05 07:08:40	2025.11.05 12:54:40	-99	120	-99
1710	2025.11.06 04:33:40	2025.11.06 06:00:00	-6.5	115.5	87.5
1715	2025.11.06 09:24:40	2025.11.06 09:34:40	-62	23.5	-62
1717	2025.11.07 01:42:40	2025.11.07 03:21:40	-92.5	68	-92.5
1720	2025.11.07 05:00:40	2025.11.07 05:46:20	-134	12.5	-134
1722	2025.11.07 06:17:40	2025.11.07 07:30:00	-23.5	140	93.5
1724	2025.11.07 08:46:20	2025.11.07 08:53:40	-43	7.5	-43
1726	2025.11.07 09:20:40	2025.11.07 10:28:40	-69	26	-69
1728	2025.11.10 02:33:20	2025.11.10 04:00:00	-69	203	185
1730	2025.11.10 04:30:40	2025.11.10 05:30:00	-17	97	92.5
1732	2025.11.10 07:12:40	2025.11.10 10:13:40	-57.5	28.5	-57.5
1734	2025.11.11 03:16:40	2025.11.11 04:02:40	-51.5	24.5	-51.5
1736	2025.11.11 04:40:40	2025.11.11 05:35:40	-64.5	3.5	-64.5
1741	2025.11.11 08:11:40	2025.11.11 09:51:40	-60	44.5	-60
1744	2025.11.12 02:02:40	2025.11.12 03:30:00	-45.5	96	64
1747	2025.11.12 05:36:40	2025.11.12 06:18:40	-38	16.5	-38
1749	2025.11.12 07:36:40	2025.11.12 09:00:00	-0.5	85.5	79
1752	2025.11.13 02:08:40	2025.11.13 03:30:00	-37	308.5	198
1755	2025.11.13 05:30:40	2025.11.13 10:17:40	-74	77.5	-74
1758	2025.11.14 03:13:40	2025.11.14 05:53:40	-79.5	28	-79.5
1762	2025.11.14 07:38:40	2025.11.14 08:41:40	-113.5	87.5	-113.5
1765	2025.11.17 01:32:40	2025.11.17 09:30:00	-82.5	343	332
1769	2025.11.18 03:06:40	2025.11.18 05:00:40	-124.5	134.5	-124.5
1776	2025.11.18 09:34:40	2025.11.18 11:00:00	-83	272.5	168
1779	2025.11.19 03:21:40	2025.11.19 06:13:40	-206.5	111.5	-206.5
1782	2025.11.19 07:55:40	2025.11.19 10:00:00	-72	139	100.5
1784	2025.11.20 03:53:40	2025.11.20 11:03:40	-85.5	95	-85.5
1787	2025.11.21 04:36:40	2025.11.21 06:18:40	-118.5	43	-118.5
1789	2025.11.21 07:14:40	2025.11.21 09:46:40	-172	12.5	-172
1792	2025.11.24 02:39:40	2025.11.24 10:30:00	-114.5	167.5	144.5
1794	2025.11.25 01:47:40	2025.11.25 02:01:40	-63.5	8	-63.5
1796	2025.11.25 02:57:40	2025.11.25 05:51:40	-83	7.5	-83
1798	2025.11.25 06:16:40	2025.11.25 07:26:40	-72.5	8.5	-72.5
1803	2025.11.25 09:33:40	2025.11.25 10:51:40	-46	64.5	-46
1805	2025.11.26 04:39:40	2025.11.26 08:00:00	-28	56.5	50.5
1807	2025.11.26 08:30:40	2025.11.26 09:30:00	1.5	54	52
1809	2025.11.27 04:00:20	2025.11.27 08:50:40	-72	0.5	-72
1811	2025.11.27 09:48:40	2025.11.27 10:09:40	-42	13	-42
1814	2025.11.28 04:32:20	2025.11.28 16:00:00	-15	143	46
1819	2025.12.01 03:42:40	2025.12.01 05:10:40	-126	31.5	-126
1824	2025.12.01 07:53:20	2025.12.01 09:00:00	-12.5	74	66
1826	2025.12.02 01:36:40	2025.12.02 05:25:40	-88.5	45.5	-88.5
1833	2025.12.02 08:53:40	2025.12.02 10:08:40	-78.5	28	-78.5
1835	2025.12.03 02:00:40	2025.12.03 02:17:40	-26.5	14.5	-26.5
1837	2025.12.03 02:53:20	2025.12.03 16:02:40	-125.5	79.5	-125.5
1839	2025.12.04 02:04:40	2025.12.04 02:53:40	-33	16	-33
1841	2025.12.04 03:11:40	2025.12.04 04:20:40	-80	3.5	-80
1843	2025.12.04 04:55:40	2025.12.04 05:33:40	-62.5	13.5	-62.5
1845	2025.12.04 06:42:40	2025.12.04 08:30:00	-15	39.5	36
1847	2025.12.05 02:24:40	2025.12.05 03:30:00	-2	76	65.5
1849	2025.12.05 06:04:20	2025.12.05 15:24:40	-58.5	88.5	-58.5
1853	2025.12.08 02:53:40	2025.12.08 06:30:00	-9	104.5	99
1855	2025.12.08 08:13:40	2025.12.08 08:55:40	-27	14	-27
1857	2025.12.08 09:19:40	2025.12.08 10:20:20	-46	19.5	-46
1859	2025.12.09 01:54:40	2025.12.09 03:33:40	-60	9.5	-60
1862	2025.12.09 05:18:20	2025.12.09 06:35:40	-29	5.5	-29
1867	2025.12.09 08:41:40	2025.12.09 09:00:00	-1	46.5	37
1870	2025.12.10 02:06:40	2025.12.10 02:24:40	-28.5	25	-28.5
1872	2025.12.10 04:35:40	2025.12.10 09:30:00	-28.5	81.5	75.5
1882	2025.12.11 07:50:40	2025.12.11 08:20:40	-51	23	-51
1884	2025.12.11 09:30:40	2025.12.11 11:30:00	-99.5	140.5	121.5
1887	2025.12.12 02:30:20	2025.12.12 11:08:40	-70.5	56	-70.5
1889	2025.12.15 03:31:40	2025.12.15 16:00:00	-30	277.5	269.5
1898	2025.12.16 05:51:40	2025.12.16 06:09:40	-94.5	7	-94.5
1900	2025.12.16 06:36:40	2025.12.16 07:55:40	-97	23.5	-97
1902	2025.12.16 09:02:20	2025.12.16 09:37:40	-74.5	7.5	-74.5
1904	2025.12.17 01:35:40	2025.12.17 02:01:40	-118	11.5	-118
1906	2025.12.17 02:40:40	2025.12.17 05:30:00	-47	125.5	108
1911	2025.12.17 07:39:20	2025.12.17 08:30:00	-4.5	164	137
1913	2025.12.17 09:11:40	2025.12.17 10:03:40	-50.5	31.5	-50.5
1916	2025.12.18 02:19:20	2025.12.18 05:14:40	-103.5	71	-103.5
1918	2025.12.18 06:33:40	2025.12.18 11:00:00	-38.5	200	162.5
1921	2025.12.19 03:51:40	2025.12.19 05:30:00	-19.5	133.5	87.5
1924	2025.12.19 07:38:40	2025.12.19 08:27:20	-54	9.5	-54
1926	2025.12.19 09:00:40	2025.12.19 09:30:00	1	135.5	87.5
1928	2025.12.22 03:05:40	2025.12.22 14:30:00	-39.5	97.5	92
1930	2025.12.23 02:36:40	2025.12.23 03:34:40	-28	15.5	-28
1932	2025.12.23 04:05:40	2025.12.23 06:34:40	-50	36	-50
1937	2025.12.24 02:06:40	2025.12.24 03:43:40	-37	10.5	-37
1941	2025.12.24 05:32:40	2025.12.24 06:54:40	-37	4	-37
1943	2025.12.24 07:40:40	2025.12.24 15:00:00	-21	54	45
1945	2025.12.26 03:01:40	2025.12.26 03:43:40	-28.5	14.5	-28.5
1948	2025.12.26 04:37:40	2025.12.26 05:54:40	-29.5	12.5	-29.5
1952	2025.12.26 07:11:40	2025.12.26 07:55:40	-16.5	11.5	-16.5
1958	2025.12.29 01:41:20	2025.12.29 03:40:40	-70	30.5	-70
1961	2025.12.29 04:47:40	2025.12.29 05:20:40	-24.5	9	-24.5
1963	2025.12.29 06:00:40	2025.12.29 07:17:20	-58	27	-58
1966	2025.12.29 08:18:40	2025.12.29 08:41:40	-37.5	11	-37.5
1971	2025.12.30 02:24:40	2025.12.30 02:57:40	-38	5.5	-38
1973	2025.12.30 04:00:40	2025.12.30 09:20:40	-55.5	55	-55.5
1980	2025.12.31 04:03:40	2025.12.31 04:49:40	-29	25.5	-29
1986	2025.12.31 09:31:40	2025.12.31 10:30:20	-58	7.5	-58
1988	2026.01.02 07:53:20	2026.01.02 10:30:00	-23.5	131	104.5
1990	2026.01.05 02:00:40	2026.01.05 10:30:00	-55	186.5	148.5
1993	2026.01.06 03:12:40	2026.01.06 04:00:00	-15.5	57.5	48
1996	2026.01.06 06:02:40	2026.01.06 07:00:00	-2.5	38.5	36.5
1998	2026.01.06 08:04:40	2026.01.06 09:00:00	0.5	46	35.5
2002	2026.01.07 02:01:40	2026.01.07 03:20:40	-32.5	23.5	-32.5
2006	2026.01.07 05:06:20	2026.01.07 05:58:40	-22.5	18	-22.5
2010	2026.01.07 07:35:40	2026.01.07 08:37:40	-30	19.5	-30
2015	2026.01.08 02:37:40	2026.01.08 04:40:40	-43.5	32.5	-43.5
2019	2026.01.08 06:26:40	2026.01.08 07:12:40	-43	5.5	-43
2023	2026.01.08 09:23:40	2026.01.08 16:40:20	-142	153.5	-142
2028	2026.01.09 04:23:40	2026.01.09 12:30:00	-55	116.5	101.5
2039	2026.01.12 07:10:40	2026.01.12 07:14:40	-31	9.5	-31
2042	2026.01.12 08:00:20	2026.01.12 09:30:00	-12	88	62.5
2048	2026.01.13 03:52:40	2026.01.13 05:00:40	-26	28	-26
2050	2026.01.13 06:07:40	2026.01.13 08:30:00	-35	69	63.5
2055	2026.01.14 02:02:40	2026.01.14 02:30:00	-21	40.5	39.5
2059	2026.01.14 05:02:40	2026.01.14 05:30:00	-5	47.5	38.5
2066	2026.01.14 08:30:40	2026.01.14 08:38:20	-40.5	10	-40.5
2068	2026.01.14 09:34:40	2026.01.14 10:33:40	-38	17	-38
2070	2026.01.15 02:45:40	2026.01.15 02:54:20	-41.5	10	-41.5
2075	2026.01.15 07:05:40	2026.01.15 08:00:00	-0.5	109.5	57
2078	2026.01.16 05:20:40	2026.01.16 05:45:40	-23.5	4.5	-23.5
2080	2026.01.16 06:15:40	2026.01.16 07:00:00	-2.5	32	29.5
2082	2026.01.16 08:25:20	2026.01.16 10:37:20	-32	50.5	-32
2087	2026.01.19 04:00:40	2026.01.19 05:23:40	-73.5	4.5	-73.5
2090	2026.01.19 07:24:40	2026.01.19 07:30:00	14.5	41.5	40.5
2097	2026.01.20 02:37:40	2026.01.20 08:18:20	-114.5	114.5	-114.5
2101	2026.01.21 02:34:40	2026.01.21 09:30:00	-7	165	151
2103	2026.01.22 02:08:40	2026.01.22 08:09:40	-73.5	86	-73.5
2105	2026.01.22 09:01:20	2026.01.22 10:30:00	-100	241.5	206
2108	2026.01.23 05:01:40	2026.01.23 05:30:00	1.5	61.5	49
2110	2026.01.23 06:35:40	2026.01.23 06:47:20	-28.5	5	-28.5
2113	2026.01.26 02:08:40	2026.01.26 17:00:00	-56	526	494
2115	2026.01.27 05:58:40	2026.01.27 08:00:00	-11.5	65	60.5
2118	2026.01.27 09:36:40	2026.01.27 10:12:40	-42.5	14.5	-42.5
2122	2026.01.28 06:03:40	2026.01.28 07:30:00	-4.5	46.5	44
2127	2026.01.29 04:27:40	2026.01.29 08:30:00	-42	200	173.5
2129	2026.01.29 09:35:40	2026.01.29 10:03:40	-62.5	28	-62.5
2131	2026.01.30 01:38:40	2026.01.30 03:22:40	-256.5	13.5	-256.5
2135	2026.01.30 05:02:40	2026.01.30 08:57:40	-229.5	61.5	-229.5
2138	2026.02.02 01:43:40	2026.02.02 04:53:40	-331.5	214	-331.5
2142	2026.02.02 06:40:40	2026.02.02 07:30:40	-163.5	64	-163.5
2146	2026.02.02 09:01:40	2026.02.02 10:00:00	-48.5	187.5	182
2148	2026.02.03 03:11:40	2026.02.03 04:03:40	-67.5	27	-67.5
2150	2026.02.03 05:44:40	2026.02.03 10:00:00	-27.5	136	91
2153	2026.02.04 03:03:40	2026.02.04 09:30:00	-60	140.5	120
2155	2026.02.05 02:38:40	2026.02.05 04:12:40	-166	88	-166
2160	2026.02.05 06:40:40	2026.02.05 09:00:00	-47	181.5	158
2163	2026.02.06 03:03:40	2026.02.06 08:00:00	-183.5	330	305
2168	2026.02.09 04:44:40	2026.02.09 05:36:40	-134	5.5	-134
2171	2026.02.09 07:20:40	2026.02.09 08:00:40	-69.5	28.5	-69.5
2178	2026.02.10 03:48:40	2026.02.10 04:12:40	-64	20	-64
2182	2026.02.10 05:35:20	2026.02.10 07:00:00	-34.5	76.5	73
2184	2026.02.10 07:34:40	2026.02.10 08:21:20	-67.5	24	-67.5
2187	2026.02.10 09:03:40	2026.02.10 11:30:00	-24.5	157	131
2189	2026.02.11 02:10:40	2026.02.11 02:22:40	-33	2.5	-33
2191	2026.02.11 05:41:40	2026.02.11 06:38:40	-45	39.5	-45
2193	2026.02.11 07:11:40	2026.02.11 07:31:20	-44	16	-44
2195	2026.02.11 08:01:40	2026.02.11 08:16:20	-56.5	19	-56.5
2198	2026.02.11 09:06:20	2026.02.11 09:10:40	-39.5	1	-39.5
2201	2026.02.12 02:02:20	2026.02.12 04:00:00	-65.5	136.5	125
2203	2026.02.12 05:31:40	2026.02.12 09:30:00	-35.5	94	87
2205	2026.02.13 02:01:40	2026.02.13 02:43:40	-209.5	30.5	-209.5
2207	2026.02.13 03:06:20	2026.02.13 07:26:40	-175.5	72	-175.5
2210	2026.02.13 09:00:40	2026.02.13 10:18:40	-109.5	87.5	-109.5
2212	2026.02.16 03:49:40	2026.02.16 04:56:20	-43	47	-43
2215	2026.02.16 06:02:40	2026.02.16 07:05:40	-43.5	8	-43.5
2218	2026.02.16 08:40:40	2026.02.16 09:30:00	-7.5	90	69.5
2225	2026.02.17 06:10:40	2026.02.17 07:20:40	-101.5	15	-101.5
2228	2026.02.17 08:08:40	2026.02.17 10:30:00	-56	230	149.5
2233	2026.02.18 03:57:40	2026.02.18 06:00:00	-13	115	107.5
2235	2026.02.18 07:39:40	2026.02.18 07:54:40	-33.5	9	-33.5
2238	2026.02.18 08:36:40	2026.02.18 09:11:40	-43.5	35	-43.5
2240	2026.02.18 09:30:40	2026.02.18 10:30:00	-19	173.5	144
2243	2026.02.19 03:01:40	2026.02.19 09:30:00	-72.5	143	134
2245	2026.02.20 04:03:40	2026.02.20 04:14:40	-70	16	-70
2248	2026.02.20 06:08:40	2026.02.20 07:30:00	-27.5	42	39.5
2257	2026.02.23 05:02:40	2026.02.23 07:19:40	-94	11	-94
2259	2026.02.23 07:38:40	2026.02.23 09:00:00	-22.5	68	65
2262	2026.02.24 02:49:40	2026.02.24 04:30:00	-46	99	89
2264	2026.02.24 06:09:40	2026.02.24 06:17:40	-23	1	-23
2266	2026.02.24 07:04:40	2026.02.24 07:17:40	-35	12.5	-35
2270	2026.02.24 09:02:40	2026.02.24 10:00:40	-60.5	32	-60.5
2272	2026.02.25 02:38:40	2026.02.25 03:00:00	-7	59.5	52.5
2274	2026.02.25 04:31:40	2026.02.25 05:06:40	-54	14.5	-54
2279	2026.02.25 07:09:40	2026.02.25 07:19:40	-34.5	10	-34.5
2282	2026.02.25 08:21:40	2026.02.25 09:33:40	-54	3.5	-54
2287	2026.02.26 03:58:40	2026.02.26 10:30:00	-77	144.5	104.5
2290	2026.02.27 02:21:40	2026.02.27 02:37:40	-96	5.5	-96
2292	2026.02.27 03:14:40	2026.02.27 07:30:00	-65	108.5	104
2295	2026.02.27 09:00:40	2026.02.27 12:04:40	-109	105	-109
