Run_Start	Date	Contracts	Cumulative_PnL_Today	Cumulative_PnL	Peak_PnL	Trailing_Floor
2019-05-24	2019-05-24	1	0.0	0.0	78.0	-1422.0
2019-05-24	2019-05-27	1	14.0	14.0	78.0	-1422.0
2019-05-24	2019-05-28	1	88.0	102.0	136.5	-1363.5
2019-05-24	2019-05-29	1	-81.5	20.5	136.5	-1363.5
2019-05-24	2019-05-30	1	-6.5	14.0	136.5	-1363.5
2019-05-24	2019-05-31	1	-122.5	-108.5	136.5	-1363.5
2019-05-24	2019-06-03	1	-29.0	-137.5	136.5	-1363.5
2019-05-24	2019-06-04	1	82.5	-55.0	136.5	-1363.5
2019-05-24	2019-06-05	1	56.0	1.0	136.5	-1363.5
2019-05-24	2019-06-06	1	192.5	193.5	193.5	-1306.5
2019-05-24	2019-06-07	1	122.0	315.5	315.5	-1184.5
2019-05-24	2019-06-10	1	-78.0	237.5	317.0	-1183.0
2019-05-24	2019-06-11	1	33.5	271.0	317.0	-1183.0
2019-05-24	2019-06-12	1	-71.5	199.5	317.0	-1183.0
2019-05-24	2019-06-13	1	146.5	346.0	356.5	-1143.5
2019-05-24	2019-06-14	1	-12.0	334.0	356.5	-1143.5
2019-05-24	2019-06-17	1	83.0	417.0	436.5	-1063.5
2019-05-24	2019-06-18	1	158.5	575.5	643.0	-857.0
2019-05-24	2019-06-19	1	-113.5	462.0	643.0	-857.0
2019-05-24	2019-06-20	1	81.0	543.0	643.0	-857.0
2019-05-24	2019-06-21	1	-81.0	462.0	643.0	-857.0
2019-05-24	2019-06-24	1	-49.0	413.0	643.0	-857.0
2019-05-24	2019-06-25	1	34.0	447.0	643.0	-857.0
2019-05-24	2019-06-26	1	102.5	549.5	643.0	-857.0
2019-05-24	2019-06-27	1	-16.5	533.0	643.0	-857.0
2019-05-24	2019-06-28	1	38.5	571.5	643.0	-857.0
2019-05-24	2019-07-01	1	24.5	596.0	643.0	-857.0
2019-05-24	2019-07-02	1	74.0	670.0	670.0	-830.0
2019-05-24	2019-07-03	1	-31.0	639.0	670.0	-830.0
2019-05-24	2019-07-04	1	52.0	691.0	691.0	-809.0
2019-05-24	2019-07-05	1	11.5	702.5	702.5	-797.5
2019-05-24	2019-07-08	1	8.0	710.5	710.5	-789.5
2019-05-24	2019-07-09	1	26.5	737.0	737.0	-763.0
2019-05-24	2019-07-10	1	224.5	961.5	961.5	-538.5
2019-05-24	2019-07-11	1	-6.0	955.5	1013.0	-487.0
2019-05-24	2019-07-12	1	74.5	1030.0	1030.0	-470.0
2019-05-24	2019-07-15	1	57.0	1087.0	1087.0	-413.0
2019-05-24	2019-07-16	1	-75.0	1012.0	1107.0	-393.0
2019-05-24	2019-07-17	1	-21.0	991.0	1107.0	-393.0
2019-05-24	2019-07-18	1	148.5	1139.5	1139.5	-360.5
2019-05-24	2019-07-19	1	-33.0	1106.5	1226.5	-273.5
2019-05-24	2019-07-22	1	135.0	1241.5	1241.5	-258.5
2019-05-24	2019-07-23	1	18.5	1260.0	1260.0	-240.0
2019-05-24	2019-07-24	1	92.0	1352.0	1352.0	-148.0
2019-05-24	2019-07-25	1	-47.5	1304.5	1354.0	-146.0
2019-05-24	2019-07-26	1	95.0	1399.5	1401.0	-99.0
2019-05-24	2019-07-29	1	27.0	1426.5	1432.5	-67.5
2019-05-24	2019-07-30	1	-6.5	1420.0	1432.5	-67.5
2019-05-24	2019-07-31	1	-78.0	1342.0	1432.5	-67.5
2019-05-24	2019-08-01	1	118.5	1460.5	1485.5	-14.5
2019-05-24	2019-08-02	1	-275.0	1185.5	1485.5	-14.5
2019-05-24	2019-08-05	1	-128.0	1057.5	1485.5	-14.5
2019-05-24	2019-08-06	1	442.5	1500.0	1485.5	-14.5
2019-08-07	2019-08-07	1	209.5	209.5	209.5	-1290.5
2019-08-07	2019-08-08	1	262.5	472.0	472.0	-1028.0
2019-08-07	2019-08-09	1	113.5	585.5	630.5	-869.5
2019-08-07	2019-08-12	1	-88.0	497.5	644.0	-856.0
2019-08-07	2019-08-13	1	122.5	620.0	778.0	-722.0
2019-08-07	2019-08-14	1	-186.0	434.0	778.0	-722.0
2019-08-07	2019-08-15	1	97.5	531.5	778.0	-722.0
2019-08-07	2019-08-16	1	32.5	564.0	778.0	-722.0
2019-08-07	2019-08-19	1	73.5	637.5	778.0	-722.0
2019-08-07	2019-08-20	1	-77.5	560.0	778.0	-722.0
2019-08-07	2019-08-21	1	26.0	586.0	778.0	-722.0
2019-08-07	2019-08-22	1	22.5	608.5	778.0	-722.0
2019-08-07	2019-08-23	1	-145.0	463.5	778.0	-722.0
2019-08-07	2019-08-26	1	48.0	511.5	778.0	-722.0
2019-08-07	2019-08-27	1	95.0	606.5	778.0	-722.0
2019-08-07	2019-08-28	1	-93.0	513.5	778.0	-722.0
2019-08-07	2019-08-29	1	139.5	653.0	778.0	-722.0
2019-08-07	2019-08-30	1	36.0	689.0	778.0	-722.0
2019-08-07	2019-09-02	1	90.5	779.5	779.5	-720.5
2019-08-07	2019-09-03	1	57.0	836.5	838.5	-661.5
2019-08-07	2019-09-04	1	102.0	938.5	938.5	-561.5
2019-08-07	2019-09-05	1	125.0	1063.5	1063.5	-436.5
2019-08-07	2019-09-06	1	-8.5	1055.0	1109.5	-390.5
2019-08-07	2019-09-09	1	13.5	1068.5	1109.5	-390.5
2019-08-07	2019-09-10	1	73.5	1142.0	1142.0	-358.0
2019-08-07	2019-09-11	1	44.0	1186.0	1186.0	-314.0
2019-08-07	2019-09-12	1	29.5	1215.5	1302.5	-197.5
2019-08-07	2019-09-13	1	-99.5	1116.0	1302.5	-197.5
2019-08-07	2019-09-16	1	110.0	1226.0	1302.5	-197.5
2019-08-07	2019-09-17	1	34.0	1260.0	1302.5	-197.5
2019-08-07	2019-09-18	1	-77.5	1182.5	1302.5	-197.5
2019-08-07	2019-09-19	1	-7.0	1175.5	1302.5	-197.5
2019-08-07	2019-09-20	1	9.0	1184.5	1302.5	-197.5
2019-08-07	2019-09-23	1	-15.5	1169.0	1302.5	-197.5
2019-08-07	2019-09-24	1	-58.0	1111.0	1302.5	-197.5
2019-08-07	2019-09-25	1	54.0	1165.0	1302.5	-197.5
2019-08-07	2019-09-26	1	43.5	1208.5	1302.5	-197.5
2019-08-07	2019-09-27	1	54.0	1262.5	1302.5	-197.5
2019-08-07	2019-09-30	1	53.0	1315.5	1318.0	-182.0
2019-08-07	2019-10-01	1	48.5	1364.0	1379.0	-121.0
2019-08-07	2019-10-02	1	-0.5	1363.5	1379.0	-121.0
2019-08-07	2019-10-03	1	100.5	1464.0	1464.0	-36.0
2019-08-07	2019-10-04	1	36.0	1500.0	1464.0	-36.0
2019-10-07	2019-10-07	1	-40.5	-40.5	10.5	-1489.5
2019-10-07	2019-10-08	1	-5.0	-45.5	22.0	-1478.0
2019-10-07	2019-10-09	1	96.5	51.0	55.0	-1445.0
2019-10-07	2019-10-10	1	156.0	207.0	271.5	-1228.5
2019-10-07	2019-10-11	1	24.5	231.5	271.5	-1228.5
2019-10-07	2019-10-14	1	-57.5	174.0	271.5	-1228.5
2019-10-07	2019-10-15	1	8.0	182.0	271.5	-1228.5
2019-10-07	2019-10-16	1	-27.0	155.0	271.5	-1228.5
2019-10-07	2019-10-17	1	-36.5	118.5	271.5	-1228.5
2019-10-07	2019-10-18	1	-34.5	84.0	271.5	-1228.5
2019-10-07	2019-10-21	1	26.0	110.0	271.5	-1228.5
2019-10-07	2019-10-22	1	8.0	118.0	271.5	-1228.5
2019-10-07	2019-10-23	1	51.0	169.0	271.5	-1228.5
2019-10-07	2019-10-24	1	39.0	208.0	271.5	-1228.5
2019-10-07	2019-10-25	1	48.5	256.5	275.0	-1225.0
2019-10-07	2019-10-28	1	52.0	308.5	308.5	-1191.5
2019-10-07	2019-10-29	1	-121.5	187.0	317.5	-1182.5
2019-10-07	2019-10-30	1	56.5	243.5	317.5	-1182.5
2019-10-07	2019-10-31	1	-80.5	163.0	317.5	-1182.5
2019-10-07	2019-11-01	1	90.0	253.0	317.5	-1182.5
2019-10-07	2019-11-04	1	78.0	331.0	331.0	-1169.0
2019-10-07	2019-11-05	1	2.5	333.5	383.5	-1116.5
2019-10-07	2019-11-06	1	-20.5	313.0	383.5	-1116.5
2019-10-07	2019-11-07	1	-56.0	257.0	383.5	-1116.5
2019-10-07	2019-11-08	1	-2.5	254.5	383.5	-1116.5
2019-10-07	2019-11-11	1	23.5	278.0	383.5	-1116.5
2019-10-07	2019-11-12	1	-34.5	243.5	383.5	-1116.5
2019-10-07	2019-11-13	1	-21.5	222.0	383.5	-1116.5
2019-10-07	2019-11-14	1	-36.5	185.5	383.5	-1116.5
2019-10-07	2019-11-15	1	33.0	218.5	383.5	-1116.5
2019-10-07	2019-11-18	1	123.5	342.0	383.5	-1116.5
2019-10-07	2019-11-19	1	49.0	391.0	400.0	-1100.0
2019-10-07	2019-11-20	1	-27.5	363.5	400.0	-1100.0
2019-10-07	2019-11-21	1	42.0	405.5	424.0	-1076.0
2019-10-07	2019-11-22	1	38.5	444.0	452.0	-1048.0
2019-10-07	2019-11-25	1	28.0	472.0	473.0	-1027.0
2019-10-07	2019-11-26	1	-13.0	459.0	497.5	-1002.5
2019-10-07	2019-11-27	1	-1.5	457.5	497.5	-1002.5
2019-10-07	2019-11-28	1	29.0	486.5	497.5	-1002.5
2019-10-07	2019-11-29	1	-5.0	481.5	497.5	-1002.5
2019-10-07	2019-12-02	1	52.0	533.5	533.5	-966.5
2019-10-07	2019-12-03	1	-25.5	508.0	533.5	-966.5
2019-10-07	2019-12-04	1	97.5	605.5	643.5	-856.5
2019-10-07	2019-12-05	1	-7.5	598.0	643.5	-856.5
2019-10-07	2019-12-06	1	80.0	678.0	678.0	-822.0
2019-10-07	2019-12-09	1	47.5	725.5	747.0	-753.0
2019-10-07	2019-12-10	1	7.0	732.5	747.0	-753.0
2019-10-07	2019-12-11	1	36.5	769.0	797.0	-703.0
2019-10-07	2019-12-12	1	-2.5	766.5	797.0	-703.0
2019-10-07	2019-12-13	1	-45.5	721.0	797.0	-703.0
2019-10-07	2019-12-16	1	-20.5	700.5	797.0	-703.0
2019-10-07	2019-12-17	1	-3.5	697.0	797.0	-703.0
2019-10-07	2019-12-18	1	-10.5	686.5	797.0	-703.0
2019-10-07	2019-12-19	1	13.0	699.5	797.0	-703.0
2019-10-07	2019-12-20	1	3.0	702.5	797.0	-703.0
2019-10-07	2019-12-23	1	-2.5	700.0	797.0	-703.0
2019-10-07	2019-12-24	1	-2.5	697.5	797.0	-703.0
2019-10-07	2019-12-26	1	75.5	773.0	797.0	-703.0
2019-10-07	2019-12-27	1	-8.0	765.0	797.0	-703.0
2019-10-07	2019-12-30	1	37.0	802.0	802.5	-697.5
2019-10-07	2019-12-31	1	48.5	850.5	850.5	-649.5
2019-10-07	2020-01-02	1	118.5	969.0	969.0	-531.0
2019-10-07	2020-01-03	1	25.5	994.5	1037.0	-463.0
2019-10-07	2020-01-06	1	125.0	1119.5	1119.5	-380.5
2019-10-07	2020-01-07	1	-26.5	1093.0	1167.0	-333.0
2019-10-07	2020-01-08	1	240.0	1333.0	1333.0	-167.0
2019-10-07	2020-01-09	1	51.0	1384.0	1384.0	-116.0
2019-10-07	2020-01-10	1	3.0	1387.0	1449.0	-51.0
2019-10-07	2020-01-13	1	113.0	1500.0	1449.0	-51.0
2020-01-14	2020-01-14	1	-69.0	-69.0	0.0	-1500.0
2020-01-14	2020-01-15	1	-63.0	-132.0	0.0	-1500.0
2020-01-14	2020-01-16	1	19.0	-113.0	0.0	-1500.0
2020-01-14	2020-01-17	1	-3.5	-116.5	0.0	-1500.0
2020-01-14	2020-01-20	1	-26.0	-142.5	0.0	-1500.0
2020-01-14	2020-01-21	1	-31.0	-173.5	0.0	-1500.0
2020-01-14	2020-01-22	1	56.5	-117.0	0.0	-1500.0
2020-01-14	2020-01-23	1	-17.0	-134.0	0.0	-1500.0
2020-01-14	2020-01-24	1	-36.0	-170.0	0.0	-1500.0
2020-01-14	2020-01-27	1	-75.5	-245.5	0.0	-1500.0
2020-01-14	2020-01-28	1	182.5	-63.0	0.0	-1500.0
2020-01-14	2020-01-29	1	93.0	30.0	33.0	-1467.0
2020-01-14	2020-01-30	1	-103.0	-73.0	33.0	-1467.0
2020-01-14	2020-01-31	1	-16.5	-89.5	33.0	-1467.0
2020-01-14	2020-02-03	1	179.0	89.5	108.0	-1392.0
2020-01-14	2020-02-04	1	85.0	174.5	183.0	-1317.0
2020-01-14	2020-02-05	1	88.5	263.0	263.0	-1237.0
2020-01-14	2020-02-06	1	50.5	313.5	359.0	-1141.0
2020-01-14	2020-02-07	1	-51.5	262.0	359.0	-1141.0
2020-01-14	2020-02-10	1	62.5	324.5	359.0	-1141.0
2020-01-14	2020-02-11	1	-78.0	246.5	359.0	-1141.0
2020-01-14	2020-02-12	1	70.0	316.5	359.0	-1141.0
2020-01-14	2020-02-13	1	-39.5	277.0	359.0	-1141.0
2020-01-14	2020-02-14	1	-99.0	178.0	359.0	-1141.0
2020-01-14	2020-02-17	1	28.5	206.5	359.0	-1141.0
2020-01-14	2020-02-18	1	94.0	300.5	359.0	-1141.0
2020-01-14	2020-02-19	1	13.0	313.5	359.0	-1141.0
2020-01-14	2020-02-20	1	83.5	397.0	397.0	-1103.0
2020-01-14	2020-02-21	1	-161.0	236.0	397.0	-1103.0
2020-01-14	2020-02-24	1	-310.0	-74.0	397.0	-1103.0
2020-01-14	2020-02-25	1	-155.5	-229.5	397.0	-1103.0
2020-01-14	2020-02-26	1	-7.5	-237.0	397.0	-1103.0
2020-01-14	2020-02-27	1	-667.0	-904.0	397.0	-1103.0
2020-01-14	2020-02-28	1	108.5	-795.5	397.0	-1103.0
2020-01-14	2020-03-02	1	199.5	-596.0	397.0	-1103.0
2020-01-14	2020-03-03	1	-497.5	-1093.5	397.0	-1103.0
2020-01-14	2020-03-04	1	503.0	-590.5	397.0	-1103.0
2020-01-14	2020-03-05	1	-24.5	-615.0	397.0	-1103.0
2020-01-14	2020-03-06	1	-13.5	-628.5	397.0	-1103.0
2020-01-14	2020-03-09	1	-535.0	-1163.5	397.0	-1103.0
2020-01-14	2020-03-09	1	-474.5	-1103.0	397.0	-1103.0
2020-03-10	2020-03-10	1	338.5	338.5	338.5	-1161.5
2020-03-10	2020-03-11	1	-557.5	-219.0	338.5	-1161.5
2020-03-10	2020-03-12	1	-686.5	-905.5	338.5	-1161.5
2020-03-10	2020-03-13	1	-111.5	-1017.0	338.5	-1161.5
2020-03-10	2020-03-16	1	-153.0	-1170.0	338.5	-1161.5
2020-03-10	2020-03-16	1	-144.5	-1161.5	338.5	-1161.5
2020-03-17	2020-03-17	1	-185.5	-185.5	0.0	-1500.0
2020-03-17	2020-03-18	1	518.0	332.5	332.5	-1167.5
2020-03-17	2020-03-19	1	-755.5	-423.0	332.5	-1167.5
2020-03-17	2020-03-20	1	398.0	-25.0	332.5	-1167.5
2020-03-17	2020-03-23	1	714.5	689.5	958.0	-542.0
2020-03-17	2020-03-24	1	657.5	1347.0	1347.0	-153.0
2020-03-17	2020-03-25	1	25.0	1372.0	1565.0	65.0
2020-03-17	2020-03-26	1	-98.0	1274.0	1565.0	65.0
2020-03-17	2020-03-27	1	-452.0	822.0	1565.0	65.0
2020-03-17	2020-03-30	1	305.0	1127.0	1565.0	65.0
2020-03-17	2020-03-31	1	-126.0	1001.0	1565.0	65.0
2020-03-17	2020-04-01	1	-383.0	618.0	1565.0	65.0
2020-03-17	2020-04-02	1	40.5	658.5	1565.0	65.0
2020-03-17	2020-04-03	1	-20.5	638.0	1565.0	65.0
2020-03-17	2020-04-06	1	205.5	843.5	1565.0	65.0
2020-03-17	2020-04-07	1	-27.5	816.0	1565.0	65.0
2020-03-17	2020-04-08	1	31.5	847.5	1565.0	65.0
2020-03-17	2020-04-09	1	72.0	919.5	1565.0	65.0
2020-03-17	2020-04-13	1	249.0	1168.5	1565.0	65.0
2020-03-17	2020-04-14	1	310.5	1479.0	1565.0	65.0
2020-03-17	2020-04-15	1	-236.5	1242.5	1565.0	65.0
2020-03-17	2020-04-16	1	-54.5	1188.0	1565.0	65.0
2020-03-17	2020-04-17	1	-89.5	1098.5	1565.0	65.0
2020-03-17	2020-04-20	1	-82.0	1016.5	1565.0	65.0
2020-03-17	2020-04-21	1	-125.0	891.5	1565.0	65.0
2020-03-17	2020-04-22	1	87.5	979.0	1565.0	65.0
2020-03-17	2020-04-23	1	-44.5	934.5	1565.0	65.0
2020-03-17	2020-04-24	1	246.5	1181.0	1565.0	65.0
2020-03-17	2020-04-27	1	16.5	1197.5	1565.0	65.0
2020-03-17	2020-04-28	1	59.0	1256.5	1565.0	65.0
2020-03-17	2020-04-29	1	90.5	1347.0	1565.0	65.0
2020-03-17	2020-04-30	1	-143.5	1203.5	1565.0	65.0
2020-03-17	2020-05-01	1	54.5	1258.0	1565.0	65.0
2020-03-17	2020-05-04	1	242.0	1500.0	1565.0	65.0
2020-05-05	2020-05-05	1	356.0	356.0	356.0	-1144.0
2020-05-05	2020-05-06	1	-4.5	351.5	483.0	-1017.0
2020-05-05	2020-05-07	1	126.0	477.5	485.5	-1014.5
2020-05-05	2020-05-08	1	96.0	573.5	650.5	-849.5
2020-05-05	2020-05-11	1	34.0	607.5	655.5	-844.5
2020-05-05	2020-05-12	1	1.5	609.0	701.5	-798.5
2020-05-05	2020-05-13	1	-99.0	510.0	784.5	-715.5
2020-05-05	2020-05-14	1	203.5	713.5	784.5	-715.5
2020-05-05	2020-05-15	1	413.0	1126.5	1126.5	-373.5
2020-05-05	2020-05-18	1	91.5	1218.0	1268.0	-232.0
2020-05-05	2020-05-19	1	175.5	1393.5	1447.0	-53.0
2020-05-05	2020-05-20	1	106.5	1500.0	1447.0	-53.0
2020-05-21	2020-05-21	1	-51.5	-51.5	43.0	-1457.0
2020-05-21	2020-05-22	1	94.5	43.0	43.0	-1457.0
2020-05-21	2020-05-25	1	93.0	136.0	136.0	-1364.0
2020-05-21	2020-05-26	1	-98.5	37.5	212.0	-1288.0
2020-05-21	2020-05-27	1	292.5	330.0	330.0	-1170.0
2020-05-21	2020-05-28	1	156.5	486.5	486.5	-1013.5
2020-05-21	2020-05-29	1	-158.0	328.5	486.5	-1013.5
2020-05-21	2020-06-01	1	209.5	538.0	538.0	-962.0
2020-05-21	2020-06-02	1	296.5	834.5	834.5	-665.5
2020-05-21	2020-06-03	1	54.0	888.5	888.5	-611.5
2020-05-21	2020-06-04	1	-108.5	780.0	888.5	-611.5
2020-05-21	2020-06-05	1	-18.5	761.5	889.0	-611.0
2020-05-21	2020-06-08	1	73.0	834.5	889.0	-611.0
2020-05-21	2020-06-09	1	1.5	836.0	922.5	-577.5
2020-05-21	2020-06-10	1	114.0	950.0	1064.0	-436.0
2020-05-21	2020-06-11	1	-368.5	581.5	1064.0	-436.0
2020-05-21	2020-06-12	1	76.5	658.0	1064.0	-436.0
2020-05-21	2020-06-15	1	325.5	983.5	1064.0	-436.0
2020-05-21	2020-06-16	1	-66.0	917.5	1111.0	-389.0
2020-05-21	2020-06-17	1	-77.5	840.0	1111.0	-389.0
2020-05-21	2020-06-18	1	-130.5	709.5	1111.0	-389.0
2020-05-21	2020-06-19	1	85.0	794.5	1111.0	-389.0
2020-05-21	2020-06-22	1	192.5	987.0	1111.0	-389.0
2020-05-21	2020-06-23	1	103.0	1090.0	1111.0	-389.0
2020-05-21	2020-06-24	1	-100.0	990.0	1167.0	-333.0
2020-05-21	2020-06-25	1	-304.5	685.5	1167.0	-333.0
2020-05-21	2020-06-26	1	-200.5	485.0	1167.0	-333.0
2020-05-21	2020-06-29	1	105.0	590.0	1167.0	-333.0
2020-05-21	2020-06-30	1	84.0	674.0	1167.0	-333.0
2020-05-21	2020-07-01	1	124.0	798.0	1167.0	-333.0
2020-05-21	2020-07-02	1	123.5	921.5	1167.0	-333.0
2020-05-21	2020-07-03	1	-18.0	903.5	1167.0	-333.0
2020-05-21	2020-07-06	1	210.0	1113.5	1167.0	-333.0
2020-05-21	2020-07-07	1	-3.5	1110.0	1167.0	-333.0
2020-05-21	2020-07-08	1	141.5	1251.5	1251.5	-248.5
2020-05-21	2020-07-09	1	170.0	1421.5	1421.5	-78.5
2020-05-21	2020-07-10	1	78.5	1500.0	1421.5	-78.5
2020-07-13	2020-07-13	1	35.5	35.5	35.5	-1464.5
2020-07-13	2020-07-14	1	52.0	87.5	107.0	-1393.0
2020-07-13	2020-07-15	1	-65.5	22.0	152.0	-1348.0
2020-07-13	2020-07-16	1	-280.0	-258.0	152.0	-1348.0
2020-07-13	2020-07-17	1	63.5	-194.5	152.0	-1348.0
2020-07-13	2020-07-20	1	17.5	-177.0	152.0	-1348.0
2020-07-13	2020-07-21	1	-31.0	-208.0	152.0	-1348.0
2020-07-13	2020-07-22	1	-56.5	-264.5	152.0	-1348.0
2020-07-13	2020-07-23	1	-49.5	-314.0	152.0	-1348.0
2020-07-13	2020-07-24	1	-148.0	-462.0	152.0	-1348.0
2020-07-13	2020-07-27	1	378.0	-84.0	152.0	-1348.0
2020-07-13	2020-07-28	1	-166.5	-250.5	152.0	-1348.0
2020-07-13	2020-07-29	1	74.0	-176.5	152.0	-1348.0
2020-07-13	2020-07-30	1	-207.0	-383.5	152.0	-1348.0
2020-07-13	2020-07-31	1	-28.5	-412.0	152.0	-1348.0
2020-07-13	2020-08-03	1	210.5	-201.5	152.0	-1348.0
2020-07-13	2020-08-04	1	25.5	-176.0	152.0	-1348.0
2020-07-13	2020-08-05	1	-165.5	-341.5	152.0	-1348.0
2020-07-13	2020-08-06	1	273.0	-68.5	152.0	-1348.0
2020-07-13	2020-08-07	1	89.0	20.5	152.0	-1348.0
2020-07-13	2020-08-10	1	10.0	30.5	152.0	-1348.0
2020-07-13	2020-08-11	1	-154.0	-123.5	152.0	-1348.0
2020-07-13	2020-08-12	1	246.0	122.5	152.0	-1348.0
2020-07-13	2020-08-13	1	11.5	134.0	215.5	-1284.5
2020-07-13	2020-08-14	1	-46.0	88.0	234.0	-1266.0
2020-07-13	2020-08-17	1	89.0	177.0	234.0	-1266.0
2020-07-13	2020-08-18	1	107.5	284.5	284.5	-1215.5
2020-07-13	2020-08-19	1	-31.0	253.5	317.0	-1183.0
2020-07-13	2020-08-20	1	313.5	567.0	567.0	-933.0
2020-07-13	2020-08-21	1	24.5	591.5	601.5	-898.5
2020-07-13	2020-08-24	1	41.5	633.0	684.0	-816.0
2020-07-13	2020-08-25	1	52.0	685.0	685.0	-815.0
2020-07-13	2020-08-26	1	-121.0	564.0	685.0	-815.0
2020-07-13	2020-08-27	1	-104.0	460.0	685.0	-815.0
2020-07-13	2020-08-28	1	237.5	697.5	697.5	-802.5
2020-07-13	2020-08-31	1	-109.0	588.5	697.5	-802.5
2020-07-13	2020-09-01	1	133.0	721.5	721.5	-778.5
2020-07-13	2020-09-02	1	159.5	881.0	881.0	-619.0
2020-07-13	2020-09-03	1	-294.5	586.5	881.0	-619.0
2020-07-13	2020-09-04	1	671.5	1258.0	1258.0	-242.0
2020-07-13	2020-09-07	1	-19.5	1238.5	1299.0	-201.0
2020-07-13	2020-09-08	1	-472.5	766.0	1299.0	-201.0
2020-07-13	2020-09-09	1	423.5	1189.5	1299.0	-201.0
2020-07-13	2020-09-10	1	240.5	1430.0	1606.5	106.5
2020-07-13	2020-09-11	1	-51.0	1379.0	1606.5	106.5
2020-07-13	2020-09-14	1	25.0	1404.0	1606.5	106.5
2020-07-13	2020-09-15	1	96.0	1500.0	1606.5	106.5
2020-09-16	2020-09-16	1	-232.5	-232.5	157.0	-1343.0
2020-09-16	2020-09-17	1	-55.5	-288.0	157.0	-1343.0
2020-09-16	2020-09-18	1	-70.5	-358.5	157.0	-1343.0
2020-09-16	2020-09-21	1	-241.0	-599.5	157.0	-1343.0
2020-09-16	2020-09-22	1	63.5	-536.0	157.0	-1343.0
2020-09-16	2020-09-23	1	-16.0	-552.0	157.0	-1343.0
2020-09-16	2020-09-24	1	-91.0	-643.0	157.0	-1343.0
2020-09-16	2020-09-25	1	-76.5	-719.5	157.0	-1343.0
2020-09-16	2020-09-28	1	382.5	-337.0	157.0	-1343.0
2020-09-16	2020-09-29	1	-126.5	-463.5	157.0	-1343.0
2020-09-16	2020-09-30	1	-211.0	-674.5	157.0	-1343.0
2020-09-16	2020-10-01	1	-142.5	-817.0	157.0	-1343.0
2020-09-16	2020-10-02	1	-280.5	-1097.5	157.0	-1343.0
2020-09-16	2020-10-05	1	21.5	-1076.0	157.0	-1343.0
2020-09-16	2020-10-06	1	-302.0	-1378.0	157.0	-1343.0
2020-09-16	2020-10-06	1	-267.0	-1343.0	157.0	-1343.0
2020-10-07	2020-10-07	1	220.5	220.5	259.5	-1240.5
2020-10-07	2020-10-08	1	13.5	234.0	327.5	-1172.5
2020-10-07	2020-10-09	1	190.0	424.0	424.0	-1076.0
2020-10-07	2020-10-12	1	78.0	502.0	502.0	-998.0
2020-10-07	2020-10-13	1	-63.5	438.5	524.5	-975.5
2020-10-07	2020-10-14	1	118.5	557.0	557.0	-943.0
2020-10-07	2020-10-15	1	279.5	836.5	836.5	-663.5
2020-10-07	2020-10-16	1	-10.5	826.0	921.5	-578.5
2020-10-07	2020-10-19	1	-250.5	575.5	921.5	-578.5
2020-10-07	2020-10-20	1	-115.5	460.0	921.5	-578.5
2020-10-07	2020-10-21	1	85.0	545.0	921.5	-578.5
2020-10-07	2020-10-22	1	103.0	648.0	921.5	-578.5
2020-10-07	2020-10-23	1	39.5	687.5	921.5	-578.5
2020-10-07	2020-10-26	1	291.5	979.0	979.0	-521.0
2020-10-07	2020-10-27	1	83.0	1062.0	1094.5	-405.5
2020-10-07	2020-10-28	1	-257.0	805.0	1094.5	-405.5
2020-10-07	2020-10-29	1	255.0	1060.0	1094.5	-405.5
2020-10-07	2020-10-30	1	-360.0	700.0	1094.5	-405.5
2020-10-07	2020-11-02	1	156.0	856.0	1094.5	-405.5
2020-10-07	2020-11-03	1	18.5	874.5	1094.5	-405.5
2020-10-07	2020-11-04	1	625.5	1500.0	1094.5	-405.5
2020-11-05	2020-11-05	1	193.5	193.5	237.5	-1262.5
2020-11-05	2020-11-06	1	30.0	223.5	290.5	-1209.5
2020-11-05	2020-11-09	1	-465.5	-242.0	315.0	-1185.0
2020-11-05	2020-11-10	1	-175.0	-417.0	315.0	-1185.0
2020-11-05	2020-11-11	1	57.5	-359.5	315.0	-1185.0
2020-11-05	2020-11-12	1	75.5	-284.0	315.0	-1185.0
2020-11-05	2020-11-13	1	169.0	-115.0	315.0	-1185.0
2020-11-05	2020-11-16	1	-294.0	-409.0	315.0	-1185.0
2020-11-05	2020-11-17	1	-151.0	-560.0	315.0	-1185.0
2020-11-05	2020-11-18	1	39.0	-521.0	315.0	-1185.0
2020-11-05	2020-11-19	1	144.5	-376.5	315.0	-1185.0
2020-11-05	2020-11-20	1	57.5	-319.0	315.0	-1185.0
2020-11-05	2020-11-23	1	-42.5	-361.5	315.0	-1185.0
2020-11-05	2020-11-24	1	70.5	-291.0	315.0	-1185.0
2020-11-05	2020-11-25	1	21.0	-270.0	315.0	-1185.0
2020-11-05	2020-11-26	1	-82.0	-352.0	315.0	-1185.0
2020-11-05	2020-11-27	1	-34.0	-386.0	315.0	-1185.0
2020-11-05	2020-11-30	1	257.5	-128.5	315.0	-1185.0
2020-11-05	2020-12-01	1	71.5	-57.0	315.0	-1185.0
2020-11-05	2020-12-02	1	82.5	25.5	315.0	-1185.0
2020-11-05	2020-12-03	1	58.5	84.0	315.0	-1185.0
2020-11-05	2020-12-04	1	17.5	101.5	315.0	-1185.0
2020-11-05	2020-12-07	1	1.5	103.0	315.0	-1185.0
2020-11-05	2020-12-08	1	141.5	244.5	315.0	-1185.0
2020-11-05	2020-12-09	1	-59.0	185.5	315.0	-1185.0
2020-11-05	2020-12-10	1	-98.0	87.5	315.0	-1185.0
2020-11-05	2020-12-11	1	-75.5	12.0	315.0	-1185.0
2020-11-05	2020-12-14	1	122.0	134.0	315.0	-1185.0
2020-11-05	2020-12-15	1	134.0	268.0	315.0	-1185.0
2020-11-05	2020-12-16	1	119.5	387.5	387.5	-1112.5
2020-11-05	2020-12-17	1	40.0	427.5	454.0	-1046.0
2020-11-05	2020-12-18	1	-17.0	410.5	473.5	-1026.5
2020-11-05	2020-12-21	1	196.5	607.0	607.0	-893.0
2020-11-05	2020-12-22	1	-32.0	575.0	621.0	-879.0
2020-11-05	2020-12-23	1	-22.0	553.0	621.0	-879.0
2020-11-05	2020-12-24	1	16.0	569.0	621.0	-879.0
2020-11-05	2020-12-28	1	118.5	687.5	687.5	-812.5
2020-11-05	2020-12-29	1	-187.5	500.0	687.5	-812.5
2020-11-05	2020-12-30	1	35.5	535.5	687.5	-812.5
2020-11-05	2020-12-31	1	-8.5	527.0	687.5	-812.5
2020-11-05	2021-01-04	1	183.5	710.5	710.5	-789.5
2020-11-05	2021-01-05	1	4.0	714.5	812.0	-688.0
2020-11-05	2021-01-06	1	-234.0	480.5	812.0	-688.0
2020-11-05	2021-01-07	1	59.0	539.5	812.0	-688.0
2020-11-05	2021-01-08	1	-22.5	517.0	812.0	-688.0
2020-11-05	2021-01-11	1	-167.5	349.5	812.0	-688.0
2020-11-05	2021-01-12	1	-71.5	278.0	812.0	-688.0
2020-11-05	2021-01-13	1	-24.5	253.5	812.0	-688.0
2020-11-05	2021-01-14	1	-75.5	178.0	812.0	-688.0
2020-11-05	2021-01-15	1	-111.5	66.5	812.0	-688.0
2020-11-05	2021-01-18	1	6.0	72.5	812.0	-688.0
2020-11-05	2021-01-19	1	100.5	173.0	812.0	-688.0
2020-11-05	2021-01-20	1	113.0	286.0	812.0	-688.0
2020-11-05	2021-01-21	1	163.5	449.5	812.0	-688.0
2020-11-05	2021-01-22	1	-155.5	294.0	812.0	-688.0
2020-11-05	2021-01-25	1	167.0	461.0	812.0	-688.0
2020-11-05	2021-01-26	1	58.0	519.0	812.0	-688.0
2020-11-05	2021-01-27	1	-327.0	192.0	812.0	-688.0
2020-11-05	2021-01-28	1	180.0	372.0	812.0	-688.0
2020-11-05	2021-01-29	1	-474.0	-102.0	812.0	-688.0
2020-11-05	2021-02-01	1	473.0	371.0	812.0	-688.0
2020-11-05	2021-02-02	1	253.5	624.5	812.0	-688.0
2020-11-05	2021-02-03	1	-19.5	605.0	812.0	-688.0
2020-11-05	2021-02-04	1	49.0	654.0	812.0	-688.0
2020-11-05	2021-02-05	1	215.0	869.0	869.0	-631.0
2020-11-05	2021-02-08	1	-152.0	717.0	869.0	-631.0
2020-11-05	2021-02-09	1	61.5	778.5	869.0	-631.0
2020-11-05	2021-02-10	1	195.0	973.5	973.5	-526.5
2020-11-05	2021-02-11	1	-71.0	902.5	1043.5	-456.5
2020-11-05	2021-02-12	1	-42.5	860.0	1043.5	-456.5
2020-11-05	2021-02-15	1	30.5	890.5	1043.5	-456.5
2020-11-05	2021-02-16	1	-69.0	821.5	1043.5	-456.5
2020-11-05	2021-02-17	1	-145.0	676.5	1043.5	-456.5
2020-11-05	2021-02-18	1	-153.5	523.0	1043.5	-456.5
2020-11-05	2021-02-19	1	75.5	598.5	1043.5	-456.5
2020-11-05	2021-02-22	1	-183.5	415.0	1043.5	-456.5
2020-11-05	2021-02-23	1	203.0	618.0	1043.5	-456.5
2020-11-05	2021-02-24	1	177.5	795.5	1043.5	-456.5
2020-11-05	2021-02-25	1	-515.0	280.5	1043.5	-456.5
2020-11-05	2021-02-26	1	-101.5	179.0	1043.5	-456.5
2020-11-05	2021-03-01	1	39.5	218.5	1043.5	-456.5
2020-11-05	2021-03-02	1	-17.5	201.0	1043.5	-456.5
2020-11-05	2021-03-03	1	-179.0	22.0	1043.5	-456.5
2020-11-05	2021-03-04	1	-441.0	-419.0	1043.5	-456.5
2020-11-05	2021-03-05	1	842.5	423.5	1043.5	-456.5
2020-11-05	2021-03-08	1	-451.5	-28.0	1043.5	-456.5
2020-11-05	2021-03-09	1	365.5	337.5	1043.5	-456.5
2020-11-05	2021-03-10	1	120.0	457.5	1043.5	-456.5
2020-11-05	2021-03-11	1	86.0	543.5	1043.5	-456.5
2020-11-05	2021-03-12	1	70.0	613.5	1043.5	-456.5
2020-11-05	2021-03-15	1	121.0	734.5	1043.5	-456.5
2020-11-05	2021-03-16	1	282.0	1016.5	1043.5	-456.5
2020-11-05	2021-03-17	1	36.0	1052.5	1052.5	-447.5
2020-11-05	2021-03-18	1	-88.5	964.0	1170.0	-330.0
2020-11-05	2021-03-19	1	6.5	970.5	1170.0	-330.0
2020-11-05	2021-03-22	1	189.0	1159.5	1200.0	-300.0
2020-11-05	2021-03-23	1	-184.0	975.5	1208.0	-292.0
2020-11-05	2021-03-24	1	-276.0	699.5	1208.0	-292.0
2020-11-05	2021-03-25	1	305.5	1005.0	1208.0	-292.0
2020-11-05	2021-03-26	1	358.0	1363.0	1363.0	-137.0
2020-11-05	2021-03-29	1	134.0	1497.0	1537.5	37.5
2020-11-05	2021-03-30	1	-147.0	1350.0	1537.5	37.5
2020-11-05	2021-03-31	1	150.0	1500.0	1537.5	37.5
2021-04-01	2021-04-01	1	-28.5	-28.5	19.0	-1481.0
2021-04-01	2021-04-02	1	99.0	70.5	70.5	-1429.5
2021-04-01	2021-04-05	1	-9.5	61.0	163.0	-1337.0
2021-04-01	2021-04-06	1	-63.5	-2.5	163.0	-1337.0
2021-04-01	2021-04-07	1	14.0	11.5	163.0	-1337.0
2021-04-01	2021-04-08	1	101.0	112.5	163.0	-1337.0
2021-04-01	2021-04-09	1	173.5	286.0	286.0	-1214.0
2021-04-01	2021-04-12	1	19.0	305.0	305.0	-1195.0
2021-04-01	2021-04-13	1	295.0	600.0	600.0	-900.0
2021-04-01	2021-04-14	1	-12.5	587.5	665.0	-835.0
2021-04-01	2021-04-15	1	35.0	622.5	677.0	-823.0
2021-04-01	2021-04-16	1	45.0	667.5	677.0	-823.0
2021-04-01	2021-04-19	1	-23.5	644.0	727.5	-772.5
2021-04-01	2021-04-20	1	-37.5	606.5	727.5	-772.5
2021-04-01	2021-04-21	1	119.5	726.0	727.5	-772.5
2021-04-01	2021-04-22	1	-74.5	651.5	769.5	-730.5
2021-04-01	2021-04-23	1	112.5	764.0	769.5	-730.5
2021-04-01	2021-04-26	1	68.5	832.5	832.5	-667.5
2021-04-01	2021-04-27	1	-106.0	726.5	871.5	-628.5
2021-04-01	2021-04-28	1	-143.5	583.0	871.5	-628.5
2021-04-01	2021-04-29	1	160.0	743.0	871.5	-628.5
2021-04-01	2021-04-30	1	-112.5	630.5	871.5	-628.5
2021-04-01	2021-05-03	1	100.5	731.0	871.5	-628.5
2021-04-01	2021-05-04	1	33.0	764.0	871.5	-628.5
2021-04-01	2021-05-05	1	-62.0	702.0	938.0	-562.0
2021-04-01	2021-05-06	1	413.0	1115.0	1115.0	-385.0
2021-04-01	2021-05-07	1	35.5	1150.5	1277.5	-222.5
2021-04-01	2021-05-10	1	-426.0	724.5	1277.5	-222.5
2021-04-01	2021-05-11	1	391.5	1116.0	1277.5	-222.5
2021-04-01	2021-05-12	1	-578.5	537.5	1277.5	-222.5
2021-04-01	2021-05-13	1	55.5	593.0	1277.5	-222.5
2021-04-01	2021-05-14	1	124.0	717.0	1277.5	-222.5
2021-04-01	2021-05-17	1	-327.0	390.0	1277.5	-222.5
2021-04-01	2021-05-18	1	-68.5	321.5	1277.5	-222.5
2021-04-01	2021-05-19	1	-181.5	140.0	1277.5	-222.5
2021-04-01	2021-05-20	1	129.5	269.5	1277.5	-222.5
2021-04-01	2021-05-21	1	-111.5	158.0	1277.5	-222.5
2021-04-01	2021-05-24	1	287.5	445.5	1277.5	-222.5
2021-04-01	2021-05-25	1	-157.5	288.0	1277.5	-222.5
2021-04-01	2021-05-26	1	-139.0	149.0	1277.5	-222.5
2021-04-01	2021-05-27	1	-105.0	44.0	1277.5	-222.5
2021-04-01	2021-05-28	1	-13.0	31.0	1277.5	-222.5
2021-04-01	2021-05-31	1	-68.5	-37.5	1277.5	-222.5
2021-04-01	2021-06-01	1	35.5	-2.0	1277.5	-222.5
2021-04-01	2021-06-02	1	58.5	56.5	1277.5	-222.5
2021-04-01	2021-06-03	1	-228.5	-172.0	1277.5	-222.5
2021-04-01	2021-06-04	1	18.5	-153.5	1277.5	-222.5
2021-04-01	2021-06-07	1	-71.0	-224.5	1277.5	-222.5
2021-04-01	2021-06-07	1	-69.0	-222.5	1277.5	-222.5
2021-06-08	2021-06-08	1	38.5	38.5	83.0	-1417.0
2021-06-08	2021-06-09	1	-16.5	22.0	94.5	-1405.5
2021-06-08	2021-06-10	1	-80.5	-58.5	94.5	-1405.5
2021-06-08	2021-06-11	1	77.0	18.5	94.5	-1405.5
2021-06-08	2021-06-14	1	191.0	209.5	209.5	-1290.5
2021-06-08	2021-06-15	1	-142.0	67.5	273.5	-1226.5
2021-06-08	2021-06-16	1	-101.5	-34.0	273.5	-1226.5
2021-06-08	2021-06-17	1	281.0	247.0	273.5	-1226.5
2021-06-08	2021-06-18	1	-203.0	44.0	273.5	-1226.5
2021-06-08	2021-06-21	1	149.0	193.0	273.5	-1226.5
2021-06-08	2021-06-22	1	68.5	261.5	273.5	-1226.5
2021-06-08	2021-06-23	1	-93.5	168.0	284.5	-1215.5
2021-06-08	2021-06-24	1	41.5	209.5	284.5	-1215.5
2021-06-08	2021-06-25	1	0.0	209.5	284.5	-1215.5
2021-06-08	2021-06-28	1	163.5	373.0	373.0	-1127.0
2021-06-08	2021-06-29	1	42.0	415.0	415.0	-1085.0
2021-06-08	2021-06-30	1	-60.0	355.0	439.5	-1060.5
2021-06-08	2021-07-01	1	141.5	496.5	496.5	-1003.5
2021-06-08	2021-07-02	1	245.0	741.5	741.5	-758.5
2021-06-08	2021-07-05	1	-50.0	691.5	741.5	-758.5
2021-06-08	2021-07-06	1	204.0	895.5	895.5	-604.5
2021-06-08	2021-07-07	1	131.5	1027.0	1027.0	-473.0
2021-06-08	2021-07-08	1	-104.5	922.5	1027.0	-473.0
2021-06-08	2021-07-09	1	54.5	977.0	1027.0	-473.0
2021-06-08	2021-07-12	1	60.0	1037.0	1037.0	-463.0
2021-06-08	2021-07-13	1	-127.0	910.0	1083.0	-417.0
2021-06-08	2021-07-14	1	-135.5	774.5	1083.0	-417.0
2021-06-08	2021-07-15	1	-0.5	774.0	1083.0	-417.0
2021-06-08	2021-07-16	1	-71.5	702.5	1083.0	-417.0
2021-06-08	2021-07-19	1	-216.0	486.5	1083.0	-417.0
2021-06-08	2021-07-20	1	-132.0	354.5	1083.0	-417.0
2021-06-08	2021-07-21	1	194.0	548.5	1083.0	-417.0
2021-06-08	2021-07-22	1	88.5	637.0	1083.0	-417.0
2021-06-08	2021-07-23	1	71.0	708.0	1083.0	-417.0
2021-06-08	2021-07-26	1	3.0	711.0	1083.0	-417.0
2021-06-08	2021-07-27	1	89.5	800.5	1083.0	-417.0
2021-06-08	2021-07-28	1	82.0	882.5	1083.0	-417.0
2021-06-08	2021-07-29	1	63.5	946.0	1083.0	-417.0
2021-06-08	2021-07-30	1	227.5	1173.5	1173.5	-326.5
2021-06-08	2021-08-02	1	-85.5	1088.0	1235.0	-265.0
2021-06-08	2021-08-03	1	163.0	1251.0	1251.0	-249.0
2021-06-08	2021-08-04	1	1.5	1252.5	1252.5	-247.5
2021-06-08	2021-08-05	1	21.0	1273.5	1305.5	-194.5
2021-06-08	2021-08-06	1	-97.0	1176.5	1305.5	-194.5
2021-06-08	2021-08-09	1	154.5	1331.0	1331.0	-169.0
2021-06-08	2021-08-10	1	-55.0	1276.0	1331.0	-169.0
2021-06-08	2021-08-11	1	167.5	1443.5	1443.5	-56.5
2021-06-08	2021-08-12	1	-58.0	1385.5	1452.0	-48.0
2021-06-08	2021-08-13	1	-32.0	1353.5	1452.0	-48.0
2021-06-08	2021-08-16	1	8.0	1361.5	1452.0	-48.0
2021-06-08	2021-08-17	1	7.5	1369.0	1452.0	-48.0
2021-06-08	2021-08-18	1	-15.0	1354.0	1452.0	-48.0
2021-06-08	2021-08-19	1	-13.0	1341.0	1452.0	-48.0
2021-06-08	2021-08-20	1	-27.5	1313.5	1452.0	-48.0
2021-06-08	2021-08-23	1	91.0	1404.5	1452.0	-48.0
2021-06-08	2021-08-24	1	45.5	1450.0	1484.5	-15.5
2021-06-08	2021-08-25	1	18.5	1468.5	1484.5	-15.5
2021-06-08	2021-08-26	1	-137.5	1331.0	1484.5	-15.5
2021-06-08	2021-08-27	1	-55.0	1276.0	1484.5	-15.5
2021-06-08	2021-08-30	1	224.0	1500.0	1484.5	-15.5
2021-08-31	2021-08-31	1	-94.0	-94.0	8.5	-1491.5
2021-08-31	2021-09-01	1	42.5	-51.5	51.0	-1449.0
2021-08-31	2021-09-02	1	52.5	1.0	51.0	-1449.0
2021-08-31	2021-09-03	1	64.0	65.0	65.0	-1435.0
2021-08-31	2021-09-06	1	23.0	88.0	88.0	-1412.0
2021-08-31	2021-09-07	1	16.0	104.0	132.0	-1368.0
2021-08-31	2021-09-08	1	53.0	157.0	157.0	-1343.0
2021-08-31	2021-09-09	1	-100.5	56.5	158.5	-1341.5
2021-08-31	2021-09-10	1	-45.5	11.0	158.5	-1341.5
2021-08-31	2021-09-13	1	145.5	156.5	181.5	-1318.5
2021-08-31	2021-09-14	1	-108.5	48.0	181.5	-1318.5
2021-08-31	2021-09-15	1	120.5	168.5	181.5	-1318.5
2021-08-31	2021-09-16	1	-44.0	124.5	181.5	-1318.5
2021-08-31	2021-09-17	1	-140.0	-15.5	181.5	-1318.5
2021-08-31	2021-09-20	1	56.0	40.5	181.5	-1318.5
2021-08-31	2021-09-21	1	3.0	43.5	278.0	-1222.0
2021-08-31	2021-09-22	1	137.5	181.0	292.0	-1208.0
2021-08-31	2021-09-23	1	116.0	297.0	329.0	-1171.0
2021-08-31	2021-09-24	1	12.5	309.5	329.0	-1171.0
2021-08-31	2021-09-27	1	34.5	344.0	440.5	-1059.5
2021-08-31	2021-09-28	1	-316.5	27.5	440.5	-1059.5
2021-08-31	2021-09-29	1	141.0	168.5	440.5	-1059.5
2021-08-31	2021-09-30	1	-283.0	-114.5	440.5	-1059.5
2021-08-31	2021-10-01	1	303.0	188.5	440.5	-1059.5
2021-08-31	2021-10-04	1	-35.5	153.0	440.5	-1059.5
2021-08-31	2021-10-05	1	160.5	313.5	440.5	-1059.5
2021-08-31	2021-10-06	1	82.5	396.0	440.5	-1059.5
2021-08-31	2021-10-07	1	175.0	571.0	704.0	-796.0
2021-08-31	2021-10-08	1	-124.0	447.0	704.0	-796.0
2021-08-31	2021-10-11	1	116.5	563.5	704.0	-796.0
2021-08-31	2021-10-12	1	-73.5	490.0	704.0	-796.0
2021-08-31	2021-10-13	1	167.0	657.0	704.0	-796.0
2021-08-31	2021-10-14	1	159.5	816.5	864.0	-636.0
2021-08-31	2021-10-15	1	229.0	1045.5	1045.5	-454.5
2021-08-31	2021-10-18	1	71.0	1116.5	1116.5	-383.5
2021-08-31	2021-10-19	1	173.0	1289.5	1297.0	-203.0
2021-08-31	2021-10-20	1	-67.5	1222.0	1299.5	-200.5
2021-08-31	2021-10-21	1	43.0	1265.0	1299.5	-200.5
2021-08-31	2021-10-22	1	40.0	1305.0	1348.0	-152.0
2021-08-31	2021-10-25	1	74.0	1379.0	1379.0	-121.0
2021-08-31	2021-10-26	1	86.0	1465.0	1527.5	27.5
2021-08-31	2021-10-27	1	-122.5	1342.5	1527.5	27.5
2021-08-31	2021-10-28	1	-15.0	1327.5	1527.5	27.5
2021-08-31	2021-10-29	1	172.5	1500.0	1527.5	27.5
2021-11-01	2021-11-01	1	12.0	12.0	12.0	-1488.0
2021-11-01	2021-11-02	1	146.5	158.5	158.5	-1341.5
2021-11-01	2021-11-03	1	227.0	385.5	385.5	-1114.5
2021-11-01	2021-11-04	1	193.0	578.5	578.5	-921.5
2021-11-01	2021-11-05	1	40.0	618.5	726.0	-774.0
2021-11-01	2021-11-08	1	47.0	665.5	726.0	-774.0
2021-11-01	2021-11-09	1	-160.5	505.0	726.0	-774.0
2021-11-01	2021-11-10	1	99.5	604.5	726.0	-774.0
2021-11-01	2021-11-11	1	89.5	694.0	789.0	-711.0
2021-11-01	2021-11-12	1	120.0	814.0	814.0	-686.0
2021-11-01	2021-11-15	1	42.5	856.5	856.5	-643.5
2021-11-01	2021-11-16	1	155.0	1011.5	1011.5	-488.5
2021-11-01	2021-11-17	1	154.0	1165.5	1165.5	-334.5
2021-11-01	2021-11-18	1	25.5	1191.0	1191.0	-309.0
2021-11-01	2021-11-19	1	-109.0	1082.0	1223.0	-277.0
2021-11-01	2021-11-22	1	223.0	1305.0	1305.0	-195.0
2021-11-01	2021-11-23	1	-358.0	947.0	1305.0	-195.0
2021-11-01	2021-11-24	1	-5.5	941.5	1305.0	-195.0
2021-11-01	2021-11-25	1	48.0	989.5	1305.0	-195.0
2021-11-01	2021-11-26	1	-422.5	567.0	1305.0	-195.0
2021-11-01	2021-11-29	1	344.5	911.5	1305.0	-195.0
2021-11-01	2021-11-30	1	-15.5	896.0	1305.0	-195.0
2021-11-01	2021-12-01	1	-15.5	880.5	1305.0	-195.0
2021-11-01	2021-12-02	1	270.0	1150.5	1305.0	-195.0
2021-11-01	2021-12-03	1	-341.5	809.0	1305.0	-195.0
2021-11-01	2021-12-06	1	96.0	905.0	1305.0	-195.0
2021-11-01	2021-12-07	1	287.5	1192.5	1305.0	-195.0
2021-11-01	2021-12-08	1	31.5	1224.0	1305.0	-195.0
2021-11-01	2021-12-09	1	-67.5	1156.5	1305.0	-195.0
2021-11-01	2021-12-10	1	-127.0	1029.5	1305.0	-195.0
2021-11-01	2021-12-13	1	99.5	1129.0	1305.0	-195.0
2021-11-01	2021-12-14	1	-74.0	1055.0	1305.0	-195.0
2021-11-01	2021-12-15	1	-147.0	908.0	1305.0	-195.0
2021-11-01	2021-12-16	1	-99.5	808.5	1305.0	-195.0
2021-11-01	2021-12-17	1	-381.5	427.0	1305.0	-195.0
2021-11-01	2021-12-20	1	-298.0	129.0	1305.0	-195.0
2021-11-01	2021-12-21	1	523.0	652.0	1305.0	-195.0
2021-11-01	2021-12-22	1	276.0	928.0	1305.0	-195.0
2021-11-01	2021-12-23	1	68.5	996.5	1305.0	-195.0
2021-11-01	2021-12-27	1	133.5	1130.0	1305.0	-195.0
2021-11-01	2021-12-28	1	3.0	1133.0	1305.0	-195.0
2021-11-01	2021-12-29	1	9.0	1142.0	1305.0	-195.0
2021-11-01	2021-12-30	1	-147.5	994.5	1305.0	-195.0
2021-11-01	2021-12-31	1	-129.0	865.5	1305.0	-195.0
2021-11-01	2022-01-03	1	27.5	893.0	1305.0	-195.0
2021-11-01	2022-01-04	1	-74.0	819.0	1305.0	-195.0
2021-11-01	2022-01-05	1	-75.0	744.0	1305.0	-195.0
2021-11-01	2022-01-06	1	-405.5	338.5	1305.0	-195.0
2021-11-01	2022-01-07	1	-19.5	319.0	1305.0	-195.0
2021-11-01	2022-01-10	1	59.5	378.5	1305.0	-195.0
2021-11-01	2022-01-11	1	295.5	674.0	1305.0	-195.0
2021-11-01	2022-01-12	1	-41.0	633.0	1305.0	-195.0
2021-11-01	2022-01-13	1	103.5	736.5	1305.0	-195.0
2021-11-01	2022-01-14	1	-355.0	381.5	1305.0	-195.0
2021-11-01	2022-01-17	1	10.0	391.5	1305.0	-195.0
2021-11-01	2022-01-18	1	-63.0	328.5	1305.0	-195.0
2021-11-01	2022-01-19	1	-178.0	150.5	1305.0	-195.0
2021-11-01	2022-01-20	1	49.5	200.0	1305.0	-195.0
2021-11-01	2022-01-21	1	-572.0	-372.0	1305.0	-195.0
2021-11-01	2022-01-21	1	-395.0	-195.0	1305.0	-195.0
2022-01-24	2022-01-24	1	438.5	438.5	438.5	-1061.5
2022-01-24	2022-01-25	1	-121.5	317.0	438.5	-1061.5
2022-01-24	2022-01-26	1	143.0	460.0	851.0	-649.0
2022-01-24	2022-01-27	1	206.5	666.5	861.5	-638.5
2022-01-24	2022-01-28	1	160.5	827.0	861.5	-638.5
2022-01-24	2022-01-31	1	-19.0	808.0	951.0	-549.0
2022-01-24	2022-02-01	1	119.0	927.0	951.0	-549.0
2022-01-24	2022-02-02	1	296.0	1223.0	1223.0	-277.0
2022-01-24	2022-02-03	1	-88.5	1134.5	1348.5	-151.5
2022-01-24	2022-02-04	1	207.5	1342.0	1348.5	-151.5
2022-01-24	2022-02-07	1	158.0	1500.0	1348.5	-151.5
2022-02-08	2022-02-08	1	12.5	12.5	12.5	-1487.5
2022-02-08	2022-02-09	1	211.0	223.5	223.5	-1276.5
2022-02-08	2022-02-10	1	151.5	375.0	519.0	-981.0
2022-02-08	2022-02-11	1	-23.0	352.0	593.5	-906.5
2022-02-08	2022-02-14	1	-289.0	63.0	593.5	-906.5
2022-02-08	2022-02-15	1	149.0	212.0	593.5	-906.5
2022-02-08	2022-02-16	1	79.0	291.0	593.5	-906.5
2022-02-08	2022-02-17	1	-49.0	242.0	593.5	-906.5
2022-02-08	2022-02-18	1	113.0	355.0	593.5	-906.5
2022-02-08	2022-02-21	1	183.0	538.0	662.0	-838.0
2022-02-08	2022-02-22	1	821.5	1359.5	1359.5	-140.5
2022-02-08	2022-02-23	1	-224.0	1135.5	1362.0	-138.0
2022-02-08	2022-02-24	1	221.5	1357.0	1362.0	-138.0
2022-02-08	2022-02-25	1	143.0	1500.0	1362.0	-138.0
2022-02-28	2022-02-28	1	137.0	137.0	387.0	-1113.0
2022-02-28	2022-03-01	1	-57.5	79.5	387.0	-1113.0
2022-02-28	2022-03-02	1	520.5	600.0	655.5	-844.5
2022-02-28	2022-03-03	1	-201.5	398.5	669.0	-831.0
2022-02-28	2022-03-04	1	-196.5	202.0	669.0	-831.0
2022-02-28	2022-03-07	1	-52.0	150.0	669.0	-831.0
2022-02-28	2022-03-08	1	-364.5	-214.5	669.0	-831.0
2022-02-28	2022-03-09	1	564.5	350.0	669.0	-831.0
2022-02-28	2022-03-10	1	-129.0	221.0	669.0	-831.0
2022-02-28	2022-03-11	1	172.5	393.5	669.0	-831.0
2022-02-28	2022-03-14	1	-502.0	-108.5	669.0	-831.0
2022-02-28	2022-03-15	1	-27.0	-135.5	669.0	-831.0
2022-02-28	2022-03-16	1	53.0	-82.5	669.0	-831.0
2022-02-28	2022-03-17	1	262.5	180.0	669.0	-831.0
2022-02-28	2022-03-18	1	356.0	536.0	669.0	-831.0
2022-02-28	2022-03-21	1	465.0	1001.0	1001.0	-499.0
2022-02-28	2022-03-22	1	275.5	1276.5	1276.5	-223.5
2022-02-28	2022-03-23	1	-489.0	787.5	1276.5	-223.5
2022-02-28	2022-03-24	1	287.5	1075.0	1276.5	-223.5
2022-02-28	2022-03-25	1	47.0	1122.0	1276.5	-223.5
2022-02-28	2022-03-28	1	378.0	1500.0	1276.5	-223.5
2022-03-29	2022-03-29	1	282.0	282.0	282.0	-1218.0
2022-03-29	2022-03-30	1	-406.5	-124.5	282.0	-1218.0
2022-03-29	2022-03-31	1	-263.0	-387.5	282.0	-1218.0
2022-03-29	2022-04-01	1	110.0	-277.5	282.0	-1218.0
2022-03-29	2022-04-04	1	527.0	249.5	282.0	-1218.0
2022-03-29	2022-04-05	1	-318.0	-68.5	282.0	-1218.0
2022-03-29	2022-04-06	1	-554.0	-622.5	282.0	-1218.0
2022-03-29	2022-04-07	1	252.0	-370.5	282.0	-1218.0
2022-03-29	2022-04-08	1	-240.0	-610.5	282.0	-1218.0
2022-03-29	2022-04-11	1	-144.0	-754.5	282.0	-1218.0
2022-03-29	2022-04-12	1	304.5	-450.0	282.0	-1218.0
2022-03-29	2022-04-13	1	257.5	-192.5	282.0	-1218.0
2022-03-29	2022-04-14	1	-233.0	-425.5	282.0	-1218.0
2022-03-29	2022-04-18	1	298.0	-127.5	282.0	-1218.0
2022-03-29	2022-04-19	1	170.0	42.5	282.0	-1218.0
2022-03-29	2022-04-20	1	38.5	81.0	317.0	-1183.0
2022-03-29	2022-04-21	1	243.5	324.5	324.5	-1175.5
2022-03-29	2022-04-22	1	-230.5	94.0	368.5	-1131.5
2022-03-29	2022-04-25	1	1.0	95.0	368.5	-1131.5
2022-03-29	2022-04-26	1	-415.5	-320.5	368.5	-1131.5
2022-03-29	2022-04-27	1	279.0	-41.5	368.5	-1131.5
2022-03-29	2022-04-28	1	19.0	-22.5	368.5	-1131.5
2022-03-29	2022-04-29	1	-398.5	-421.0	368.5	-1131.5
2022-03-29	2022-05-02	1	-373.0	-794.0	368.5	-1131.5
2022-03-29	2022-05-03	1	62.5	-731.5	368.5	-1131.5
2022-03-29	2022-05-04	1	634.0	-97.5	368.5	-1131.5
2022-03-29	2022-05-05	1	-82.0	-179.5	368.5	-1131.5
2022-03-29	2022-05-06	1	-128.5	-308.0	368.5	-1131.5
2022-03-29	2022-05-09	1	-446.0	-754.0	368.5	-1131.5
2022-03-29	2022-05-10	1	819.0	65.0	368.5	-1131.5
2022-03-29	2022-05-11	1	-150.5	-85.5	368.5	-1131.5
2022-03-29	2022-05-12	1	-322.5	-408.0	368.5	-1131.5
2022-03-29	2022-05-13	1	724.5	316.5	368.5	-1131.5
2022-03-29	2022-05-16	1	-284.0	32.5	368.5	-1131.5
2022-03-29	2022-05-17	1	478.5	511.0	511.0	-989.0
2022-03-29	2022-05-18	1	-445.5	65.5	511.0	-989.0
2022-03-29	2022-05-19	1	-235.5	-170.0	511.0	-989.0
2022-03-29	2022-05-20	1	280.0	110.0	511.0	-989.0
2022-03-29	2022-05-23	1	-77.5	32.5	511.0	-989.0
2022-03-29	2022-05-24	1	-63.5	-31.0	511.0	-989.0
2022-03-29	2022-05-25	1	-148.5	-179.5	511.0	-989.0
2022-03-29	2022-05-26	1	529.5	350.0	511.0	-989.0
2022-03-29	2022-05-27	1	576.0	926.0	926.0	-574.0
2022-03-29	2022-05-30	1	204.0	1130.0	1130.0	-370.0
2022-03-29	2022-05-31	1	-52.5	1077.5	1254.0	-246.0
2022-03-29	2022-06-01	1	-269.0	808.5	1254.0	-246.0
2022-03-29	2022-06-02	1	425.0	1233.5	1254.0	-246.0
2022-03-29	2022-06-03	1	-273.5	960.0	1254.0	-246.0
2022-03-29	2022-06-06	1	105.0	1065.0	1254.0	-246.0
2022-03-29	2022-06-07	1	-41.0	1024.0	1254.0	-246.0
2022-03-29	2022-06-08	1	-257.5	766.5	1254.0	-246.0
2022-03-29	2022-06-09	1	-165.5	601.0	1254.0	-246.0
2022-03-29	2022-06-10	1	107.5	708.5	1254.0	-246.0
2022-03-29	2022-06-13	1	-425.5	283.0	1254.0	-246.0
2022-03-29	2022-06-14	1	-241.5	41.5	1254.0	-246.0
2022-03-29	2022-06-15	1	-16.5	25.0	1254.0	-246.0
2022-03-29	2022-06-16	1	-361.5	-336.5	1254.0	-246.0
2022-03-29	2022-06-16	1	-271.0	-246.0	1254.0	-246.0
2022-06-17	2022-06-17	1	587.0	587.0	716.0	-784.0
2022-06-17	2022-06-20	1	-23.0	564.0	716.0	-784.0
2022-06-17	2022-06-21	1	300.5	864.5	1002.0	-498.0
2022-06-17	2022-06-22	1	-10.5	854.0	1046.0	-454.0
2022-06-17	2022-06-23	1	318.5	1172.5	1172.5	-327.5
2022-06-17	2022-06-24	1	327.5	1500.0	1172.5	-327.5
2022-06-27	2022-06-27	1	-246.5	-246.5	139.0	-1361.0
2022-06-27	2022-06-28	1	-23.5	-270.0	139.0	-1361.0
2022-06-27	2022-06-29	1	-469.0	-739.0	139.0	-1361.0
2022-06-27	2022-06-30	1	-256.5	-995.5	139.0	-1361.0
2022-06-27	2022-07-01	1	176.5	-819.0	139.0	-1361.0
2022-06-27	2022-07-04	1	13.5	-805.5	139.0	-1361.0
2022-06-27	2022-07-05	1	255.0	-550.5	139.0	-1361.0
2022-06-27	2022-07-06	1	398.5	-152.0	139.0	-1361.0
2022-06-27	2022-07-07	1	268.0	116.0	142.5	-1357.5
2022-06-27	2022-07-08	1	25.0	141.0	142.5	-1357.5
2022-06-27	2022-07-11	1	-277.5	-136.5	142.5	-1357.5
2022-06-27	2022-07-12	1	-130.0	-266.5	142.5	-1357.5
2022-06-27	2022-07-13	1	-57.5	-324.0	142.5	-1357.5
2022-06-27	2022-07-14	1	211.0	-113.0	142.5	-1357.5
2022-06-27	2022-07-15	1	156.5	43.5	142.5	-1357.5
2022-06-27	2022-07-18	1	-154.0	-110.5	142.5	-1357.5
2022-06-27	2022-07-19	1	124.5	14.0	142.5	-1357.5
2022-06-27	2022-07-20	1	-175.0	-161.0	142.5	-1357.5
2022-06-27	2022-07-21	1	148.0	-13.0	142.5	-1357.5
2022-06-27	2022-07-22	1	34.5	21.5	142.5	-1357.5
2022-06-27	2022-07-25	1	-57.0	-35.5	142.5	-1357.5
2022-06-27	2022-07-26	1	-112.0	-147.5	142.5	-1357.5
2022-06-27	2022-07-27	1	130.0	-17.5	142.5	-1357.5
2022-06-27	2022-07-28	1	358.0	340.5	340.5	-1159.5
2022-06-27	2022-07-29	1	183.0	523.5	523.5	-976.5
2022-06-27	2022-08-01	1	-173.0	350.5	590.0	-910.0
2022-06-27	2022-08-02	1	274.5	625.0	762.0	-738.0
2022-06-27	2022-08-03	1	467.0	1092.0	1143.0	-357.0
2022-06-27	2022-08-04	1	-67.0	1025.0	1143.0	-357.0
2022-06-27	2022-08-05	1	85.0	1110.0	1143.0	-357.0
2022-06-27	2022-08-08	1	256.5	1366.5	1366.5	-133.5
2022-06-27	2022-08-09	1	31.5	1398.0	1437.0	-63.0
2022-06-27	2022-08-10	1	27.0	1425.0	1437.0	-63.0
2022-06-27	2022-08-11	1	-181.0	1244.0	1525.5	25.5
2022-06-27	2022-08-12	1	225.0	1469.0	1525.5	25.5
2022-06-27	2022-08-15	1	31.0	1500.0	1525.5	25.5
2022-08-16	2022-08-16	1	171.5	171.5	171.5	-1328.5
2022-08-16	2022-08-17	1	98.0	269.5	269.5	-1230.5
2022-08-16	2022-08-18	1	92.0	361.5	361.5	-1138.5
2022-08-16	2022-08-19	1	-179.0	182.5	362.5	-1137.5
2022-08-16	2022-08-22	1	-162.0	20.5	362.5	-1137.5
2022-08-16	2022-08-23	1	-10.5	10.0	362.5	-1137.5
2022-08-16	2022-08-24	1	-94.0	-84.0	362.5	-1137.5
2022-08-16	2022-08-25	1	378.5	294.5	362.5	-1137.5
2022-08-16	2022-08-26	1	-129.0	165.5	362.5	-1137.5
2022-08-16	2022-08-29	1	27.0	192.5	373.0	-1127.0
2022-08-16	2022-08-30	1	130.5	323.0	373.0	-1127.0
2022-08-16	2022-08-31	1	-148.0	175.0	473.0	-1027.0
2022-08-16	2022-09-01	1	-0.5	174.5	473.0	-1027.0
2022-08-16	2022-09-02	1	114.0	288.5	473.0	-1027.0
2022-08-16	2022-09-05	1	-217.0	71.5	473.0	-1027.0
2022-08-16	2022-09-06	1	31.5	103.0	473.0	-1027.0
2022-08-16	2022-09-07	1	356.5	459.5	473.0	-1027.0
2022-08-16	2022-09-08	1	138.0	597.5	597.5	-902.5
2022-08-16	2022-09-09	1	228.5	826.0	874.5	-625.5
2022-08-16	2022-09-12	1	249.5	1075.5	1075.5	-424.5
2022-08-16	2022-09-13	1	29.5	1105.0	1121.5	-378.5
2022-08-16	2022-09-14	1	77.5	1182.5	1282.0	-218.0
2022-08-16	2022-09-15	1	-8.0	1174.5	1282.0	-218.0
2022-08-16	2022-09-16	1	29.5	1204.0	1282.0	-218.0
2022-08-16	2022-09-19	1	-9.0	1195.0	1282.0	-218.0
2022-08-16	2022-09-20	1	-9.5	1185.5	1282.0	-218.0
2022-08-16	2022-09-21	1	-777.0	408.5	1282.0	-218.0
2022-08-16	2022-09-22	1	133.0	541.5	1282.0	-218.0
2022-08-16	2022-09-23	1	-231.0	310.5	1282.0	-218.0
2022-08-16	2022-09-26	1	430.5	741.0	1282.0	-218.0
2022-08-16	2022-09-27	1	226.5	967.5	1282.0	-218.0
2022-08-16	2022-09-28	1	448.0	1415.5	1415.5	-84.5
2022-08-16	2022-09-29	1	-200.0	1215.5	1415.5	-84.5
2022-08-16	2022-09-30	1	-240.0	975.5	1415.5	-84.5
2022-08-16	2022-10-03	1	197.0	1172.5	1415.5	-84.5
2022-08-16	2022-10-04	1	327.5	1500.0	1415.5	-84.5
2022-10-05	2022-10-05	1	-39.5	-39.5	0.0	-1500.0
2022-10-05	2022-10-06	1	-30.0	-69.5	117.5	-1382.5
2022-10-05	2022-10-07	1	-341.5	-411.0	117.5	-1382.5
2022-10-05	2022-10-10	1	34.5	-376.5	117.5	-1382.5
2022-10-05	2022-10-11	1	-83.5	-460.0	117.5	-1382.5
2022-10-05	2022-10-12	1	-11.5	-471.5	117.5	-1382.5
2022-10-05	2022-10-13	1	566.5	95.0	117.5	-1382.5
2022-10-05	2022-10-14	1	238.5	333.5	528.0	-972.0
2022-10-05	2022-10-17	1	180.5	514.0	528.0	-972.0
2022-10-05	2022-10-18	1	71.0	585.0	585.0	-915.0
2022-10-05	2022-10-19	1	-175.0	410.0	585.0	-915.0
2022-10-05	2022-10-20	1	118.5	528.5	658.5	-841.5
2022-10-05	2022-10-21	1	246.5	775.0	775.0	-725.0
2022-10-05	2022-10-24	1	-79.5	695.5	775.0	-725.0
2022-10-05	2022-10-25	1	329.0	1024.5	1024.5	-475.5
2022-10-05	2022-10-26	1	-16.5	1008.0	1079.0	-421.0
2022-10-05	2022-10-27	1	-485.0	523.0	1079.0	-421.0
2022-10-05	2022-10-28	1	317.0	840.0	1079.0	-421.0
2022-10-05	2022-10-31	1	-79.5	760.5	1079.0	-421.0
2022-10-05	2022-11-01	1	-86.5	674.0	1079.0	-421.0
2022-10-05	2022-11-02	1	-217.0	457.0	1079.0	-421.0
2022-10-05	2022-11-03	1	-340.0	117.0	1079.0	-421.0
2022-10-05	2022-11-04	1	230.5	347.5	1079.0	-421.0
2022-10-05	2022-11-07	1	252.0	599.5	1079.0	-421.0
2022-10-05	2022-11-08	1	278.0	877.5	1079.0	-421.0
2022-10-05	2022-11-09	1	-435.0	442.5	1079.0	-421.0
2022-10-05	2022-11-10	1	-54.0	388.5	1079.0	-421.0
2022-10-05	2022-11-11	1	169.5	558.0	1079.0	-421.0
2022-10-05	2022-11-14	1	176.0	734.0	1079.0	-421.0
2022-10-05	2022-11-15	1	147.5	881.5	1079.0	-421.0
2022-10-05	2022-11-16	1	-151.0	730.5	1079.0	-421.0
2022-10-05	2022-11-17	1	326.0	1056.5	1079.0	-421.0
2022-10-05	2022-11-18	1	190.0	1246.5	1246.5	-253.5
2022-10-05	2022-11-21	1	-211.5	1035.0	1246.5	-253.5
2022-10-05	2022-11-22	1	260.5	1295.5	1295.5	-204.5
2022-10-05	2022-11-23	1	204.5	1500.0	1295.5	-204.5
2022-11-24	2022-11-24	1	39.0	39.0	52.5	-1447.5
2022-11-24	2022-11-25	1	-155.5	-116.5	52.5	-1447.5
2022-11-24	2022-11-28	1	113.5	-3.0	74.0	-1426.0
2022-11-24	2022-11-29	1	-203.0	-206.0	82.5	-1417.5
2022-11-24	2022-11-30	1	322.5	116.5	116.5	-1383.5
2022-11-24	2022-12-01	1	25.0	141.5	194.5	-1305.5
2022-11-24	2022-12-02	1	79.5	221.0	221.0	-1279.0
2022-11-24	2022-12-05	1	-247.0	-26.0	221.0	-1279.0
2022-11-24	2022-12-06	1	-132.0	-158.0	221.0	-1279.0
2022-11-24	2022-12-07	1	-124.0	-282.0	221.0	-1279.0
2022-11-24	2022-12-08	1	195.5	-86.5	221.0	-1279.0
2022-11-24	2022-12-09	1	132.0	45.5	221.0	-1279.0
2022-11-24	2022-12-12	1	58.5	104.0	221.0	-1279.0
2022-11-24	2022-12-13	1	-131.5	-27.5	221.0	-1279.0
2022-11-24	2022-12-14	1	-79.0	-106.5	221.0	-1279.0
2022-11-24	2022-12-15	1	-7.0	-113.5	221.0	-1279.0
2022-11-24	2022-12-16	1	124.5	11.0	221.0	-1279.0
2022-11-24	2022-12-19	1	-121.5	-110.5	221.0	-1279.0
2022-11-24	2022-12-20	1	-46.0	-156.5	221.0	-1279.0
2022-11-24	2022-12-21	1	163.0	6.5	221.0	-1279.0
2022-11-24	2022-12-22	1	-4.0	2.5	221.0	-1279.0
2022-11-24	2022-12-23	1	-27.5	-25.0	221.0	-1279.0
2022-11-24	2022-12-27	1	-18.0	-43.0	221.0	-1279.0
2022-11-24	2022-12-28	1	-127.5	-170.5	221.0	-1279.0
2022-11-24	2022-12-29	1	250.0	79.5	221.0	-1279.0
2022-11-24	2022-12-30	1	-323.5	-244.0	221.0	-1279.0
2022-11-24	2023-01-03	1	303.5	59.5	221.0	-1279.0
2022-11-24	2023-01-04	1	62.5	122.0	221.0	-1279.0
2022-11-24	2023-01-05	1	-36.5	85.5	221.0	-1279.0
2022-11-24	2023-01-06	1	677.0	762.5	762.5	-737.5
2022-11-24	2023-01-09	1	110.0	872.5	872.5	-627.5
2022-11-24	2023-01-10	1	-1.5	871.0	872.5	-627.5
2022-11-24	2023-01-11	1	36.0	907.0	924.0	-576.0
2022-11-24	2023-01-12	1	80.0	987.0	987.0	-513.0
2022-11-24	2023-01-13	1	-19.5	967.5	1016.5	-483.5
2022-11-24	2023-01-16	1	92.5	1060.0	1082.0	-418.0
2022-11-24	2023-01-17	1	-91.0	969.0	1082.0	-418.0
2022-11-24	2023-01-18	1	48.5	1017.5	1082.0	-418.0
2022-11-24	2023-01-19	1	40.0	1057.5	1082.0	-418.0
2022-11-24	2023-01-20	1	336.0	1393.5	1393.5	-106.5
2022-11-24	2023-01-23	1	-78.5	1315.0	1422.5	-77.5
2022-11-24	2023-01-24	1	-31.5	1283.5	1422.5	-77.5
2022-11-24	2023-01-25	1	216.5	1500.0	1422.5	-77.5
2023-01-26	2023-01-26	1	189.0	189.0	189.0	-1311.0
2023-01-26	2023-01-27	1	174.0	363.0	363.0	-1137.0
2023-01-26	2023-01-30	1	-217.0	146.0	363.0	-1137.0
2023-01-26	2023-01-31	1	152.5	298.5	363.0	-1137.0
2023-01-26	2023-02-01	1	-28.5	270.0	363.0	-1137.0
2023-01-26	2023-02-02	1	359.5	629.5	629.5	-870.5
2023-01-26	2023-02-03	1	369.0	998.5	998.5	-501.5
2023-01-26	2023-02-06	1	-345.0	653.5	998.5	-501.5
2023-01-26	2023-02-07	1	582.0	1235.5	1235.5	-264.5
2023-01-26	2023-02-08	1	-204.0	1031.5	1309.5	-190.5
2023-01-26	2023-02-09	1	67.5	1099.0	1309.5	-190.5
2023-01-26	2023-02-10	1	257.0	1356.0	1356.0	-144.0
2023-01-26	2023-02-13	1	144.0	1500.0	1356.0	-144.0
2023-02-14	2023-02-14	1	-118.5	-118.5	68.5	-1431.5
2023-02-14	2023-02-15	1	68.5	-50.0	68.5	-1431.5
2023-02-14	2023-02-16	1	-59.0	-109.0	68.5	-1431.5
2023-02-14	2023-02-17	1	-110.5	-219.5	68.5	-1431.5
2023-02-14	2023-02-20	1	27.5	-192.0	68.5	-1431.5
2023-02-14	2023-02-21	1	-316.0	-508.0	68.5	-1431.5
2023-02-14	2023-02-22	1	-132.5	-640.5	68.5	-1431.5
2023-02-14	2023-02-23	1	248.0	-392.5	68.5	-1431.5
2023-02-14	2023-02-24	1	-35.5	-428.0	68.5	-1431.5
2023-02-14	2023-02-27	1	32.5	-395.5	68.5	-1431.5
2023-02-14	2023-02-28	1	83.5	-312.0	68.5	-1431.5
2023-02-14	2023-03-01	1	-68.5	-380.5	68.5	-1431.5
2023-02-14	2023-03-02	1	60.0	-320.5	68.5	-1431.5
2023-02-14	2023-03-03	1	236.5	-84.0	68.5	-1431.5
2023-02-14	2023-03-06	1	-89.0	-173.0	68.5	-1431.5
2023-02-14	2023-03-07	1	-15.5	-188.5	68.5	-1431.5
2023-02-14	2023-03-08	1	-24.0	-212.5	68.5	-1431.5
2023-02-14	2023-03-09	1	282.5	70.0	70.0	-1430.0
2023-02-14	2023-03-10	1	-390.0	-320.0	70.0	-1430.0
2023-02-14	2023-03-13	1	-21.0	-341.0	70.0	-1430.0
2023-02-14	2023-03-14	1	304.5	-36.5	70.0	-1430.0
2023-02-14	2023-03-15	1	93.0	56.5	70.0	-1430.0
2023-02-14	2023-03-16	1	267.0	323.5	323.5	-1176.5
2023-02-14	2023-03-17	1	-30.0	293.5	333.0	-1167.0
2023-02-14	2023-03-20	1	72.5	366.0	515.0	-985.0
2023-02-14	2023-03-21	1	290.5	656.5	656.5	-843.5
2023-02-14	2023-03-22	1	-156.5	500.0	688.0	-812.0
2023-02-14	2023-03-23	1	-6.0	494.0	751.0	-749.0
2023-02-14	2023-03-24	1	49.5	543.5	751.0	-749.0
2023-02-14	2023-03-27	1	74.0	617.5	751.0	-749.0
2023-02-14	2023-03-28	1	-4.5	613.0	751.0	-749.0
2023-02-14	2023-03-29	1	249.0	862.0	862.0	-638.0
2023-02-14	2023-03-30	1	48.0	910.0	957.0	-543.0
2023-02-14	2023-03-31	1	200.0	1110.0	1110.0	-390.0
2023-02-14	2023-04-03	1	28.5	1138.5	1138.5	-361.5
2023-02-14	2023-04-04	1	-156.0	982.5	1142.0	-358.0
2023-02-14	2023-04-05	1	-51.0	931.5	1142.0	-358.0
2023-02-14	2023-04-06	1	80.5	1012.0	1142.0	-358.0
2023-02-14	2023-04-07	1	8.5	1020.5	1142.0	-358.0
2023-02-14	2023-04-10	1	95.0	1115.5	1142.0	-358.0
2023-02-14	2023-04-11	1	-109.5	1006.0	1142.0	-358.0
2023-02-14	2023-04-12	1	21.5	1027.5	1142.0	-358.0
2023-02-14	2023-04-13	1	315.0	1342.5	1342.5	-157.5
2023-02-14	2023-04-14	1	121.5	1464.0	1464.0	-36.0
2023-02-14	2023-04-17	1	-68.0	1396.0	1464.0	-36.0
2023-02-14	2023-04-18	1	-179.0	1217.0	1464.0	-36.0
2023-02-14	2023-04-19	1	-137.0	1080.0	1464.0	-36.0
2023-02-14	2023-04-20	1	-15.5	1064.5	1464.0	-36.0
2023-02-14	2023-04-21	1	-108.5	956.0	1464.0	-36.0
2023-02-14	2023-04-24	1	129.0	1085.0	1464.0	-36.0
2023-02-14	2023-04-25	1	-188.5	896.5	1464.0	-36.0
2023-02-14	2023-04-26	1	-207.5	689.0	1464.0	-36.0
2023-02-14	2023-04-27	1	88.0	777.0	1464.0	-36.0
2023-02-14	2023-04-28	1	-15.5	761.5	1464.0	-36.0
2023-02-14	2023-05-01	1	-74.0	687.5	1464.0	-36.0
2023-02-14	2023-05-02	1	-173.0	514.5	1464.0	-36.0
2023-02-14	2023-05-03	1	212.5	727.0	1464.0	-36.0
2023-02-14	2023-05-04	1	-148.0	579.0	1464.0	-36.0
2023-02-14	2023-05-05	1	249.5	828.5	1464.0	-36.0
2023-02-14	2023-05-08	1	-4.5	824.0	1464.0	-36.0
2023-02-14	2023-05-09	1	-109.5	714.5	1464.0	-36.0
2023-02-14	2023-05-10	1	13.5	728.0	1464.0	-36.0
2023-02-14	2023-05-11	1	-172.0	556.0	1464.0	-36.0
2023-02-14	2023-05-12	1	-119.5	436.5	1464.0	-36.0
2023-02-14	2023-05-15	1	16.0	452.5	1464.0	-36.0
2023-02-14	2023-05-16	1	-205.5	247.0	1464.0	-36.0
2023-02-14	2023-05-17	1	31.5	278.5	1464.0	-36.0
2023-02-14	2023-05-18	1	184.0	462.5	1464.0	-36.0
2023-02-14	2023-05-19	1	-131.0	331.5	1464.0	-36.0
2023-02-14	2023-05-22	1	138.5	470.0	1464.0	-36.0
2023-02-14	2023-05-23	1	-51.5	418.5	1464.0	-36.0
2023-02-14	2023-05-24	1	41.5	460.0	1464.0	-36.0
2023-02-14	2023-05-25	1	188.0	648.0	1464.0	-36.0
2023-02-14	2023-05-26	1	369.0	1017.0	1464.0	-36.0
2023-02-14	2023-05-29	1	-135.0	882.0	1464.0	-36.0
2023-02-14	2023-05-30	1	-108.0	774.0	1464.0	-36.0
2023-02-14	2023-05-31	1	-11.0	763.0	1464.0	-36.0
2023-02-14	2023-06-01	1	57.0	820.0	1464.0	-36.0
2023-02-14	2023-06-02	1	-173.0	647.0	1464.0	-36.0
2023-02-14	2023-06-05	1	40.5	687.5	1464.0	-36.0
2023-02-14	2023-06-06	1	-202.0	485.5	1464.0	-36.0
2023-02-14	2023-06-07	1	26.0	511.5	1464.0	-36.0
2023-02-14	2023-06-08	1	102.0	613.5	1464.0	-36.0
2023-02-14	2023-06-09	1	86.5	700.0	1464.0	-36.0
2023-02-14	2023-06-12	1	226.5	926.5	1464.0	-36.0
2023-02-14	2023-06-13	1	-16.5	910.0	1464.0	-36.0
2023-02-14	2023-06-14	1	122.0	1032.0	1464.0	-36.0
2023-02-14	2023-06-15	1	-21.0	1011.0	1464.0	-36.0
2023-02-14	2023-06-16	1	161.0	1172.0	1464.0	-36.0
2023-02-14	2023-06-19	1	-62.0	1110.0	1464.0	-36.0
2023-02-14	2023-06-20	1	-40.5	1069.5	1464.0	-36.0
2023-02-14	2023-06-21	1	9.0	1078.5	1464.0	-36.0
2023-02-14	2023-06-22	1	15.5	1094.0	1464.0	-36.0
2023-02-14	2023-06-23	1	-3.5	1090.5	1464.0	-36.0
2023-02-14	2023-06-26	1	137.5	1228.0	1464.0	-36.0
2023-02-14	2023-06-27	1	142.0	1370.0	1464.0	-36.0
2023-02-14	2023-06-28	1	-345.5	1024.5	1464.0	-36.0
2023-02-14	2023-06-29	1	-49.5	975.0	1464.0	-36.0
2023-02-14	2023-06-30	1	221.0	1196.0	1464.0	-36.0
2023-02-14	2023-07-03	1	131.0	1327.0	1464.0	-36.0
2023-02-14	2023-07-04	1	-12.5	1314.5	1464.0	-36.0
2023-02-14	2023-07-05	1	-116.5	1198.0	1464.0	-36.0
2023-02-14	2023-07-06	1	-8.5	1189.5	1464.0	-36.0
2023-02-14	2023-07-07	1	165.5	1355.0	1464.0	-36.0
2023-02-14	2023-07-10	1	94.0	1449.0	1464.0	-36.0
2023-02-14	2023-07-11	1	-8.5	1440.5	1499.0	-1.0
2023-02-14	2023-07-12	1	2.5	1443.0	1499.0	-1.0
2023-02-14	2023-07-13	1	57.0	1500.0	1499.0	-1.0
2023-07-14	2023-07-14	1	183.5	183.5	183.5	-1316.5
2023-07-14	2023-07-17	1	165.5	349.0	349.0	-1151.0
2023-07-14	2023-07-18	1	232.0	581.0	581.0	-919.0
2023-07-14	2023-07-19	1	-54.5	526.5	678.5	-821.5
2023-07-14	2023-07-20	1	-208.5	318.0	678.5	-821.5
2023-07-14	2023-07-21	1	73.5	391.5	678.5	-821.5
2023-07-14	2023-07-24	1	-275.0	116.5	678.5	-821.5
2023-07-14	2023-07-25	1	180.5	297.0	678.5	-821.5
2023-07-14	2023-07-26	1	-104.0	193.0	678.5	-821.5
2023-07-14	2023-07-27	1	83.5	276.5	678.5	-821.5
2023-07-14	2023-07-28	1	111.5	388.0	678.5	-821.5
2023-07-14	2023-07-31	1	-264.5	123.5	678.5	-821.5
2023-07-14	2023-08-01	1	-36.0	87.5	678.5	-821.5
2023-07-14	2023-08-02	1	39.0	126.5	678.5	-821.5
2023-07-14	2023-08-03	1	-16.0	110.5	678.5	-821.5
2023-07-14	2023-08-04	1	-185.5	-75.0	678.5	-821.5
2023-07-14	2023-08-07	1	-10.5	-85.5	678.5	-821.5
2023-07-14	2023-08-08	1	38.5	-47.0	678.5	-821.5
2023-07-14	2023-08-09	1	34.0	-13.0	678.5	-821.5
2023-07-14	2023-08-10	1	80.5	67.5	678.5	-821.5
2023-07-14	2023-08-11	1	-231.5	-164.0	678.5	-821.5
2023-07-14	2023-08-14	1	181.0	17.0	678.5	-821.5
2023-07-14	2023-08-15	1	-160.5	-143.5	678.5	-821.5
2023-07-14	2023-08-16	1	-221.0	-364.5	678.5	-821.5
2023-07-14	2023-08-17	1	252.0	-112.5	678.5	-821.5
2023-07-14	2023-08-18	1	-96.5	-209.0	678.5	-821.5
2023-07-14	2023-08-21	1	378.0	169.0	678.5	-821.5
2023-07-14	2023-08-22	1	-93.0	76.0	678.5	-821.5
2023-07-14	2023-08-23	1	268.0	344.0	678.5	-821.5
2023-07-14	2023-08-24	1	-357.0	-13.0	678.5	-821.5
2023-07-14	2023-08-25	1	396.5	383.5	678.5	-821.5
2023-07-14	2023-08-28	1	172.5	556.0	678.5	-821.5
2023-07-14	2023-08-29	1	19.0	575.0	678.5	-821.5
2023-07-14	2023-08-30	1	125.0	700.0	700.0	-800.0
2023-07-14	2023-08-31	1	61.0	761.0	852.5	-647.5
2023-07-14	2023-09-01	1	98.5	859.5	881.5	-618.5
2023-07-14	2023-09-04	1	63.5	923.0	923.0	-577.0
2023-07-14	2023-09-05	1	14.0	937.0	937.0	-563.0
2023-07-14	2023-09-06	1	-5.5	931.5	937.0	-563.0
2023-07-14	2023-09-07	1	-214.0	717.5	937.0	-563.0
2023-07-14	2023-09-08	1	-47.5	670.0	937.0	-563.0
2023-07-14	2023-09-11	1	181.5	851.5	937.0	-563.0
2023-07-14	2023-09-12	1	52.5	904.0	937.0	-563.0
2023-07-14	2023-09-13	1	72.0	976.0	979.0	-521.0
2023-07-14	2023-09-14	1	-67.5	908.5	1001.0	-499.0
2023-07-14	2023-09-15	1	-37.5	871.0	1001.0	-499.0
2023-07-14	2023-09-18	1	11.5	882.5	1001.0	-499.0
2023-07-14	2023-09-19	1	71.0	953.5	1001.0	-499.0
2023-07-14	2023-09-20	1	-401.5	552.0	1001.0	-499.0
2023-07-14	2023-09-21	1	-143.5	408.5	1001.0	-499.0
2023-07-14	2023-09-22	1	-44.5	364.0	1001.0	-499.0
2023-07-14	2023-09-25	1	203.5	567.5	1001.0	-499.0
2023-07-14	2023-09-26	1	-246.0	321.5	1001.0	-499.0
2023-07-14	2023-09-27	1	164.0	485.5	1001.0	-499.0
2023-07-14	2023-09-28	1	-18.5	467.0	1001.0	-499.0
2023-07-14	2023-09-29	1	56.5	523.5	1001.0	-499.0
2023-07-14	2023-10-02	1	-59.0	464.5	1001.0	-499.0
2023-07-14	2023-10-03	1	-180.5	284.0	1001.0	-499.0
2023-07-14	2023-10-04	1	211.5	495.5	1001.0	-499.0
2023-07-14	2023-10-05	1	-42.5	453.0	1001.0	-499.0
2023-07-14	2023-10-06	1	143.0	596.0	1001.0	-499.0
2023-07-14	2023-10-09	1	228.5	824.5	1001.0	-499.0
2023-07-14	2023-10-10	1	-98.5	726.0	1001.0	-499.0
2023-07-14	2023-10-11	1	-25.0	701.0	1001.0	-499.0
2023-07-14	2023-10-12	1	-45.0	656.0	1001.0	-499.0
2023-07-14	2023-10-13	1	-123.0	533.0	1001.0	-499.0
2023-07-14	2023-10-16	1	-158.0	375.0	1001.0	-499.0
2023-07-14	2023-10-17	1	-165.5	209.5	1001.0	-499.0
2023-07-14	2023-10-18	1	-448.5	-239.0	1001.0	-499.0
2023-07-14	2023-10-19	1	-140.0	-379.0	1001.0	-499.0
2023-07-14	2023-10-20	1	-267.5	-646.5	1001.0	-499.0
2023-07-14	2023-10-20	1	-120.0	-499.0	1001.0	-499.0
2023-10-23	2023-10-23	1	-243.0	-243.0	0.0	-1500.0
2023-10-23	2023-10-24	1	105.0	-138.0	0.0	-1500.0
2023-10-23	2023-10-25	1	-505.0	-643.0	0.0	-1500.0
2023-10-23	2023-10-26	1	-126.0	-769.0	0.0	-1500.0
2023-10-23	2023-10-27	1	107.5	-661.5	0.0	-1500.0
2023-10-23	2023-10-30	1	-129.0	-790.5	0.0	-1500.0
2023-10-23	2023-10-31	1	119.0	-671.5	0.0	-1500.0
2023-10-23	2023-11-01	1	26.5	-645.0	0.0	-1500.0
2023-10-23	2023-11-02	1	120.5	-524.5	0.0	-1500.0
2023-10-23	2023-11-03	1	166.0	-358.5	0.0	-1500.0
2023-10-23	2023-11-06	1	-83.5	-442.0	0.0	-1500.0
2023-10-23	2023-11-07	1	-4.5	-446.5	0.0	-1500.0
2023-10-23	2023-11-08	1	-76.5	-523.0	0.0	-1500.0
2023-10-23	2023-11-09	1	-80.0	-603.0	0.0	-1500.0
2023-10-23	2023-11-10	1	233.5	-369.5	0.0	-1500.0
2023-10-23	2023-11-13	1	-19.5	-389.0	0.0	-1500.0
2023-10-23	2023-11-14	1	-129.5	-518.5	0.0	-1500.0
2023-10-23	2023-11-15	1	-4.5	-523.0	0.0	-1500.0
2023-10-23	2023-11-16	1	35.0	-488.0	0.0	-1500.0
2023-10-23	2023-11-17	1	85.5	-402.5	0.0	-1500.0
2023-10-23	2023-11-20	1	293.5	-109.0	0.0	-1500.0
2023-10-23	2023-11-21	1	-97.5	-206.5	0.0	-1500.0
2023-10-23	2023-11-22	1	142.0	-64.5	0.0	-1500.0
2023-10-23	2023-11-23	1	-23.0	-87.5	0.0	-1500.0
2023-10-23	2023-11-24	1	-142.5	-230.0	0.0	-1500.0
2023-10-23	2023-11-27	1	12.0	-218.0	0.0	-1500.0
2023-10-23	2023-11-28	1	-78.5	-296.5	0.0	-1500.0
2023-10-23	2023-11-29	1	117.5	-179.0	0.0	-1500.0
2023-10-23	2023-11-30	1	-57.5	-236.5	0.0	-1500.0
2023-10-23	2023-12-01	1	-41.0	-277.5	0.0	-1500.0
2023-10-23	2023-12-04	1	21.0	-256.5	0.0	-1500.0
2023-10-23	2023-12-05	1	65.0	-191.5	0.0	-1500.0
2023-10-23	2023-12-06	1	55.5	-136.0	0.0	-1500.0
2023-10-23	2023-12-07	1	31.0	-105.0	0.0	-1500.0
2023-10-23	2023-12-08	1	195.5	90.5	90.5	-1409.5
2023-10-23	2023-12-11	1	223.0	313.5	313.5	-1186.5
2023-10-23	2023-12-12	1	206.0	519.5	519.5	-980.5
2023-10-23	2023-12-13	1	-55.5	464.0	568.0	-932.0
2023-10-23	2023-12-14	1	-295.5	168.5	568.0	-932.0
2023-10-23	2023-12-15	1	-29.0	139.5	568.0	-932.0
2023-10-23	2023-12-18	1	168.5	308.0	568.0	-932.0
2023-10-23	2023-12-19	1	125.5	433.5	568.0	-932.0
2023-10-23	2023-12-20	1	-53.0	380.5	568.0	-932.0
2023-10-23	2023-12-21	1	-67.5	313.0	583.0	-917.0
2023-10-23	2023-12-22	1	-47.0	266.0	583.0	-917.0
2023-10-23	2023-12-26	1	23.0	289.0	583.0	-917.0
2023-10-23	2023-12-27	1	35.5	324.5	583.0	-917.0
2023-10-23	2023-12-28	1	-53.5	271.0	583.0	-917.0
2023-10-23	2023-12-29	1	139.0	410.0	583.0	-917.0
2023-10-23	2024-01-02	1	100.5	510.5	583.0	-917.0
2023-10-23	2024-01-03	1	-115.5	395.0	583.0	-917.0
2023-10-23	2024-01-04	1	-73.5	321.5	583.0	-917.0
2023-10-23	2024-01-05	1	-159.5	162.0	583.0	-917.0
2023-10-23	2024-01-08	1	119.0	281.0	583.0	-917.0
2023-10-23	2024-01-09	1	-181.0	100.0	583.0	-917.0
2023-10-23	2024-01-10	1	84.0	184.0	583.0	-917.0
2023-10-23	2024-01-11	1	260.0	444.0	583.0	-917.0
2023-10-23	2024-01-12	1	-72.5	371.5	583.0	-917.0
2023-10-23	2024-01-15	1	-8.0	363.5	583.0	-917.0
2023-10-23	2024-01-16	1	-113.5	250.0	583.0	-917.0
2023-10-23	2024-01-17	1	29.0	279.0	583.0	-917.0
2023-10-23	2024-01-18	1	251.0	530.0	583.0	-917.0
2023-10-23	2024-01-19	1	45.5	575.5	714.5	-785.5
2023-10-23	2024-01-22	1	-105.5	470.0	714.5	-785.5
2023-10-23	2024-01-23	1	-21.5	448.5	714.5	-785.5
2023-10-23	2024-01-24	1	255.5	704.0	714.5	-785.5
2023-10-23	2024-01-25	1	48.5	752.5	830.5	-669.5
2023-10-23	2024-01-26	1	-121.5	631.0	830.5	-669.5
2023-10-23	2024-01-29	1	133.5	764.5	830.5	-669.5
2023-10-23	2024-01-30	1	-106.5	658.0	830.5	-669.5
2023-10-23	2024-01-31	1	60.0	718.0	830.5	-669.5
2023-10-23	2024-02-01	1	-11.0	707.0	830.5	-669.5
2023-10-23	2024-02-02	1	164.0	871.0	871.0	-629.0
2023-10-23	2024-02-05	1	220.5	1091.5	1091.5	-408.5
2023-10-23	2024-02-06	1	-57.0	1034.5	1221.5	-278.5
2023-10-23	2024-02-07	1	249.5	1284.0	1382.0	-118.0
2023-10-23	2024-02-08	1	-125.5	1158.5	1382.0	-118.0
2023-10-23	2024-02-09	1	201.0	1359.5	1382.0	-118.0
2023-10-23	2024-02-12	1	-50.0	1309.5	1393.5	-106.5
2023-10-23	2024-02-13	1	14.0	1323.5	1402.5	-97.5
2023-10-23	2024-02-14	1	40.0	1363.5	1402.5	-97.5
2023-10-23	2024-02-15	1	43.5	1407.0	1427.5	-72.5
2023-10-23	2024-02-16	1	31.5	1438.5	1550.0	50.0
2023-10-23	2024-02-19	1	-82.0	1356.5	1550.0	50.0
2023-10-23	2024-02-20	1	-168.0	1188.5	1550.0	50.0
2023-10-23	2024-02-21	1	-186.5	1002.0	1550.0	50.0
2023-10-23	2024-02-22	1	351.0	1353.0	1550.0	50.0
2023-10-23	2024-02-23	1	9.0	1362.0	1550.0	50.0
2023-10-23	2024-02-26	1	-97.0	1265.0	1550.0	50.0
2023-10-23	2024-02-27	1	-90.0	1175.0	1550.0	50.0
2023-10-23	2024-02-28	1	-161.5	1013.5	1550.0	50.0
2023-10-23	2024-02-29	1	387.0	1400.5	1550.0	50.0
2023-10-23	2024-03-01	1	9.0	1409.5	1550.0	50.0
2023-10-23	2024-03-04	1	19.5	1429.0	1550.0	50.0
2023-10-23	2024-03-05	1	-324.5	1104.5	1550.0	50.0
2023-10-23	2024-03-06	1	335.5	1440.0	1550.0	50.0
2023-10-23	2024-03-07	1	-21.5	1418.5	1550.0	50.0
2023-10-23	2024-03-08	1	30.0	1448.5	1550.0	50.0
2023-10-23	2024-03-11	1	-585.5	863.0	1550.0	50.0
2023-10-23	2024-03-12	1	-101.5	761.5	1550.0	50.0
2023-10-23	2024-03-13	1	-57.0	704.5	1550.0	50.0
2023-10-23	2024-03-14	1	-29.0	675.5	1550.0	50.0
2023-10-23	2024-03-15	1	61.0	736.5	1550.0	50.0
2023-10-23	2024-03-18	1	81.5	818.0	1550.0	50.0
2023-10-23	2024-03-19	1	0.5	818.5	1550.0	50.0
2023-10-23	2024-03-20	1	210.5	1029.0	1550.0	50.0
2023-10-23	2024-03-21	1	-54.0	975.0	1550.0	50.0
2023-10-23	2024-03-22	1	66.0	1041.0	1550.0	50.0
2023-10-23	2024-03-25	1	28.0	1069.0	1550.0	50.0
2023-10-23	2024-03-26	1	-19.5	1049.5	1550.0	50.0
2023-10-23	2024-03-27	1	238.5	1288.0	1550.0	50.0
2023-10-23	2024-03-28	1	-137.5	1150.5	1550.0	50.0
2023-10-23	2024-04-01	1	197.5	1348.0	1550.0	50.0
2023-10-23	2024-04-02	1	-85.5	1262.5	1550.0	50.0
2023-10-23	2024-04-03	1	-123.0	1139.5	1550.0	50.0
2023-10-23	2024-04-04	1	34.5	1174.0	1550.0	50.0
2023-10-23	2024-04-05	1	55.5	1229.5	1550.0	50.0
2023-10-23	2024-04-08	1	51.0	1280.5	1550.0	50.0
2023-10-23	2024-04-09	1	219.0	1499.5	1550.0	50.0
2023-10-23	2024-04-10	1	-294.0	1205.5	1550.0	50.0
2023-10-23	2024-04-11	1	294.5	1500.0	1550.0	50.0
2024-04-12	2024-04-12	1	-459.5	-459.5	0.0	-1500.0
2024-04-12	2024-04-15	1	-106.5	-566.0	0.0	-1500.0
2024-04-12	2024-04-16	1	-261.0	-827.0	0.0	-1500.0
2024-04-12	2024-04-17	1	27.5	-799.5	0.0	-1500.0
2024-04-12	2024-04-18	1	-201.0	-1000.5	0.0	-1500.0
2024-04-12	2024-04-19	1	122.0	-878.5	0.0	-1500.0
2024-04-12	2024-04-22	1	298.0	-580.5	0.0	-1500.0
2024-04-12	2024-04-23	1	296.0	-284.5	0.0	-1500.0
2024-04-12	2024-04-24	1	13.0	-271.5	0.0	-1500.0
2024-04-12	2024-04-25	1	101.5	-170.0	0.0	-1500.0
2024-04-12	2024-04-26	1	-79.5	-249.5	0.0	-1500.0
2024-04-12	2024-04-29	1	221.5	-28.0	0.0	-1500.0
2024-04-12	2024-04-30	1	-323.5	-351.5	0.0	-1500.0
2024-04-12	2024-05-01	1	24.5	-327.0	0.0	-1500.0
2024-04-12	2024-05-02	1	174.5	-152.5	0.0	-1500.0
2024-04-12	2024-05-03	1	305.0	152.5	152.5	-1347.5
2024-04-12	2024-05-06	1	127.5	280.0	280.0	-1220.0
2024-04-12	2024-05-07	1	-141.0	139.0	283.0	-1217.0
2024-04-12	2024-05-08	1	115.5	254.5	283.0	-1217.0
2024-04-12	2024-05-09	1	-4.5	250.0	283.0	-1217.0
2024-04-12	2024-05-10	1	74.0	324.0	324.0	-1176.0
2024-04-12	2024-05-13	1	-74.0	250.0	414.0	-1086.0
2024-04-12	2024-05-14	1	52.0	302.0	414.0	-1086.0
2024-04-12	2024-05-15	1	154.5	456.5	456.5	-1043.5
2024-04-12	2024-05-16	1	-118.5	338.0	456.5	-1043.5
2024-04-12	2024-05-17	1	21.0	359.0	456.5	-1043.5
2024-04-12	2024-05-20	1	96.0	455.0	556.5	-943.5
2024-04-12	2024-05-21	1	56.5	511.5	556.5	-943.5
2024-04-12	2024-05-22	1	34.5	546.0	631.0	-869.0
2024-04-12	2024-05-23	1	-63.0	483.0	718.0	-782.0
2024-04-12	2024-05-24	1	-142.5	340.5	718.0	-782.0
2024-04-12	2024-05-27	1	91.0	431.5	718.0	-782.0
2024-04-12	2024-05-28	1	146.5	578.0	718.0	-782.0
2024-04-12	2024-05-29	1	-338.0	240.0	718.0	-782.0
2024-04-12	2024-05-30	1	-121.0	119.0	718.0	-782.0
2024-04-12	2024-05-31	1	353.0	472.0	718.0	-782.0
2024-04-12	2024-06-03	1	397.5	869.5	869.5	-630.5
2024-04-12	2024-06-04	1	227.0	1096.5	1117.5	-382.5
2024-04-12	2024-06-05	1	282.0	1378.5	1378.5	-121.5
2024-04-12	2024-06-06	1	-223.5	1155.0	1378.5	-121.5
2024-04-12	2024-06-07	1	133.0	1288.0	1378.5	-121.5
2024-04-12	2024-06-10	1	-287.5	1000.5	1378.5	-121.5
2024-04-12	2024-06-11	1	113.0	1113.5	1378.5	-121.5
2024-04-12	2024-06-12	1	-31.5	1082.0	1378.5	-121.5
2024-04-12	2024-06-13	1	4.5	1086.5	1378.5	-121.5
2024-04-12	2024-06-14	1	148.0	1234.5	1378.5	-121.5
2024-04-12	2024-06-17	1	60.0	1294.5	1378.5	-121.5
2024-04-12	2024-06-18	1	205.5	1500.0	1378.5	-121.5
2024-06-19	2024-06-19	1	-9.5	-9.5	30.5	-1469.5
2024-06-19	2024-06-20	1	62.5	53.0	95.0	-1405.0
2024-06-19	2024-06-21	1	-122.5	-69.5	97.5	-1402.5
2024-06-19	2024-06-24	1	-186.5	-256.0	97.5	-1402.5
2024-06-19	2024-06-25	1	227.0	-29.0	97.5	-1402.5
2024-06-19	2024-06-26	1	186.0	157.0	157.0	-1343.0
2024-06-19	2024-06-27	1	308.5	465.5	465.5	-1034.5
2024-06-19	2024-06-28	1	120.5	586.0	707.0	-793.0
2024-06-19	2024-07-01	1	242.0	828.0	828.0	-672.0
2024-06-19	2024-07-02	1	362.0	1190.0	1190.0	-310.0
2024-06-19	2024-07-03	1	245.0	1435.0	1435.0	-65.0
2024-06-19	2024-07-04	1	-77.0	1358.0	1435.0	-65.0
2024-06-19	2024-07-05	1	-50.0	1308.0	1435.0	-65.0
2024-06-19	2024-07-08	1	-7.0	1301.0	1435.0	-65.0
2024-06-19	2024-07-09	1	38.5	1339.5	1435.0	-65.0
2024-06-19	2024-07-10	1	160.5	1500.0	1435.0	-65.0
2024-07-11	2024-07-11	1	-83.0	-83.0	16.0	-1484.0
2024-07-11	2024-07-12	1	306.5	223.5	223.5	-1276.5
2024-07-11	2024-07-15	1	-187.5	36.0	241.5	-1258.5
2024-07-11	2024-07-16	1	-32.5	3.5	241.5	-1258.5
2024-07-11	2024-07-17	1	-222.5	-219.0	241.5	-1258.5
2024-07-11	2024-07-18	1	-15.0	-234.0	241.5	-1258.5
2024-07-11	2024-07-19	1	-78.0	-312.0	241.5	-1258.5
2024-07-11	2024-07-22	1	13.0	-299.0	241.5	-1258.5
2024-07-11	2024-07-23	1	-309.5	-608.5	241.5	-1258.5
2024-07-11	2024-07-24	1	-384.5	-993.0	241.5	-1258.5
2024-07-11	2024-07-25	1	-645.5	-1638.5	241.5	-1258.5
2024-07-11	2024-07-25	1	-265.5	-1258.5	241.5	-1258.5
2024-07-26	2024-07-26	1	245.5	245.5	245.5	-1254.5
2024-07-26	2024-07-29	1	170.0	415.5	461.0	-1039.0
2024-07-26	2024-07-30	1	219.0	634.5	651.5	-848.5
2024-07-26	2024-07-31	1	564.0	1198.5	1198.5	-301.5
2024-07-26	2024-08-01	1	7.5	1206.0	1206.0	-294.0
2024-07-26	2024-08-02	1	-898.0	308.0	1206.0	-294.0
2024-07-26	2024-08-05	1	175.0	483.0	1206.0	-294.0
2024-07-26	2024-08-06	1	-253.0	230.0	1206.0	-294.0
2024-07-26	2024-08-07	1	84.0	314.0	1206.0	-294.0
2024-07-26	2024-08-08	1	618.5	932.5	1206.0	-294.0
2024-07-26	2024-08-09	1	263.0	1195.5	1232.0	-268.0
2024-07-26	2024-08-12	1	-32.5	1163.0	1259.5	-240.5
2024-07-26	2024-08-13	1	303.5	1466.5	1466.5	-33.5
2024-07-26	2024-08-14	1	33.5	1500.0	1466.5	-33.5
2024-08-15	2024-08-15	1	406.5	406.5	406.5	-1093.5
2024-08-15	2024-08-16	1	162.5	569.0	579.0	-921.0
2024-08-15	2024-08-19	1	77.5	646.5	646.5	-853.5
2024-08-15	2024-08-20	1	54.5	701.0	749.0	-751.0
2024-08-15	2024-08-21	1	-98.0	603.0	749.0	-751.0
2024-08-15	2024-08-22	1	-284.5	318.5	749.0	-751.0
2024-08-15	2024-08-23	1	289.0	607.5	749.0	-751.0
2024-08-15	2024-08-26	1	-252.5	355.0	749.0	-751.0
2024-08-15	2024-08-27	1	-104.0	251.0	749.0	-751.0
2024-08-15	2024-08-28	1	-288.0	-37.0	749.0	-751.0
2024-08-15	2024-08-29	1	124.0	87.0	749.0	-751.0
2024-08-15	2024-08-30	1	84.5	171.5	749.0	-751.0
2024-08-15	2024-09-02	1	42.0	213.5	749.0	-751.0
2024-08-15	2024-09-03	1	-113.5	100.0	749.0	-751.0
2024-08-15	2024-09-04	1	-200.5	-100.5	749.0	-751.0
2024-08-15	2024-09-05	1	120.0	19.5	749.0	-751.0
2024-08-15	2024-09-06	1	114.0	133.5	749.0	-751.0
2024-08-15	2024-09-09	1	501.0	634.5	749.0	-751.0
2024-08-15	2024-09-10	1	-69.5	565.0	749.0	-751.0
2024-08-15	2024-09-11	1	588.5	1153.5	1153.5	-346.5
2024-08-15	2024-09-12	1	-96.0	1057.5	1288.5	-211.5
2024-08-15	2024-09-13	1	14.0	1071.5	1288.5	-211.5
2024-08-15	2024-09-16	1	-71.0	1000.5	1288.5	-211.5
2024-08-15	2024-09-17	1	121.0	1121.5	1288.5	-211.5
2024-08-15	2024-09-18	1	190.0	1311.5	1311.5	-188.5
2024-08-15	2024-09-19	1	188.5	1500.0	1311.5	-188.5
2024-09-20	2024-09-20	1	97.5	97.5	97.5	-1402.5
2024-09-20	2024-09-23	1	-69.5	28.0	139.5	-1360.5
2024-09-20	2024-09-24	1	52.0	80.0	139.5	-1360.5
2024-09-20	2024-09-25	1	97.5	177.5	187.0	-1313.0
2024-09-20	2024-09-26	1	452.0	629.5	648.5	-851.5
2024-09-20	2024-09-27	1	129.0	758.5	865.0	-635.0
2024-09-20	2024-09-30	1	-79.5	679.0	865.0	-635.0
2024-09-20	2024-10-01	1	120.0	799.0	865.0	-635.0
2024-09-20	2024-10-02	1	-468.5	330.5	865.0	-635.0
2024-09-20	2024-10-03	1	-209.0	121.5	865.0	-635.0
2024-09-20	2024-10-04	1	685.0	806.5	865.0	-635.0
2024-09-20	2024-10-07	1	-235.0	571.5	865.0	-635.0
2024-09-20	2024-10-08	1	411.5	983.0	983.0	-517.0
2024-09-20	2024-10-09	1	-99.0	884.0	983.0	-517.0
2024-09-20	2024-10-10	1	-277.5	606.5	983.0	-517.0
2024-09-20	2024-10-11	1	-36.0	570.5	983.0	-517.0
2024-09-20	2024-10-14	1	161.0	731.5	983.0	-517.0
2024-09-20	2024-10-15	1	-195.5	536.0	983.0	-517.0
2024-09-20	2024-10-16	1	-63.5	472.5	983.0	-517.0
2024-09-20	2024-10-17	1	7.0	479.5	983.0	-517.0
2024-09-20	2024-10-18	1	-183.5	296.0	983.0	-517.0
2024-09-20	2024-10-21	1	156.0	452.0	983.0	-517.0
2024-09-20	2024-10-22	1	65.0	517.0	983.0	-517.0
2024-09-20	2024-10-23	1	-205.0	312.0	983.0	-517.0
2024-09-20	2024-10-24	1	223.0	535.0	983.0	-517.0
2024-09-20	2024-10-25	1	311.0	846.0	983.0	-517.0
2024-09-20	2024-10-28	1	-118.5	727.5	1035.0	-465.0
2024-09-20	2024-10-29	1	-37.5	690.0	1035.0	-465.0
2024-09-20	2024-10-30	1	-18.0	672.0	1035.0	-465.0
2024-09-20	2024-10-31	1	-258.5	413.5	1035.0	-465.0
2024-09-20	2024-11-01	1	-111.5	302.0	1035.0	-465.0
2024-09-20	2024-11-04	1	-11.0	291.0	1035.0	-465.0
2024-09-20	2024-11-05	1	103.0	394.0	1035.0	-465.0
2024-09-20	2024-11-06	1	415.5	809.5	1035.0	-465.0
2024-09-20	2024-11-07	1	307.5	1117.0	1117.0	-383.0
2024-09-20	2024-11-08	1	38.0	1155.0	1155.0	-345.0
2024-09-20	2024-11-11	1	175.0	1330.0	1330.0	-170.0
2024-09-20	2024-11-12	1	-127.5	1202.5	1330.0	-170.0
2024-09-20	2024-11-13	1	123.0	1325.5	1383.0	-117.0
2024-09-20	2024-11-14	1	-289.0	1036.5	1383.0	-117.0
2024-09-20	2024-11-15	1	-55.5	981.0	1383.0	-117.0
2024-09-20	2024-11-18	1	-67.5	913.5	1383.0	-117.0
2024-09-20	2024-11-19	1	89.5	1003.0	1383.0	-117.0
2024-09-20	2024-11-20	1	-67.0	936.0	1383.0	-117.0
2024-09-20	2024-11-21	1	417.0	1353.0	1383.0	-117.0
2024-09-20	2024-11-22	1	-31.0	1322.0	1383.0	-117.0
2024-09-20	2024-11-25	1	-86.0	1236.0	1396.0	-104.0
2024-09-20	2024-11-26	1	-124.5	1111.5	1396.0	-104.0
2024-09-20	2024-11-27	1	24.5	1136.0	1396.0	-104.0
2024-09-20	2024-11-28	1	38.5	1174.5	1396.0	-104.0
2024-09-20	2024-11-29	1	-53.0	1121.5	1396.0	-104.0
2024-09-20	2024-12-02	1	-13.0	1108.5	1396.0	-104.0
2024-09-20	2024-12-03	1	3.0	1111.5	1396.0	-104.0
2024-09-20	2024-12-04	1	263.5	1375.0	1396.0	-104.0
2024-09-20	2024-12-05	1	-120.0	1255.0	1396.0	-104.0
2024-09-20	2024-12-06	1	-66.0	1189.0	1396.0	-104.0
2024-09-20	2024-12-09	1	-205.0	984.0	1396.0	-104.0
2024-09-20	2024-12-10	1	-17.5	966.5	1396.0	-104.0
2024-09-20	2024-12-11	1	176.0	1142.5	1396.0	-104.0
2024-09-20	2024-12-12	1	3.0	1145.5	1396.0	-104.0
2024-09-20	2024-12-13	1	293.0	1438.5	1438.5	-61.5
2024-09-20	2024-12-16	1	61.5	1500.0	1438.5	-61.5
2024-12-17	2024-12-17	1	42.0	42.0	120.0	-1380.0
2024-12-17	2024-12-18	1	40.0	82.0	194.0	-1306.0
2024-12-17	2024-12-19	1	3.0	85.0	296.5	-1203.5
2024-12-17	2024-12-20	1	98.0	183.0	296.5	-1203.5
2024-12-17	2024-12-23	1	-122.5	60.5	296.5	-1203.5
2024-12-17	2024-12-24	1	108.5	169.0	296.5	-1203.5
2024-12-17	2024-12-26	1	109.5	278.5	296.5	-1203.5
2024-12-17	2024-12-27	1	123.5	402.0	402.0	-1098.0
2024-12-17	2024-12-30	1	-26.5	375.5	402.0	-1098.0
2024-12-17	2024-12-31	1	113.0	488.5	572.5	-927.5
2024-12-17	2025-01-02	1	-94.0	394.5	886.0	-614.0
2024-12-17	2025-01-03	1	279.5	674.0	886.0	-614.0
2024-12-17	2025-01-06	1	374.0	1048.0	1144.5	-355.5
2024-12-17	2025-01-07	1	-199.0	849.0	1144.5	-355.5
2024-12-17	2025-01-08	1	-353.5	495.5	1144.5	-355.5
2024-12-17	2025-01-09	1	-11.5	484.0	1144.5	-355.5
2024-12-17	2025-01-10	1	211.5	695.5	1144.5	-355.5
2024-12-17	2025-01-13	1	-251.0	444.5	1144.5	-355.5
2024-12-17	2025-01-14	1	38.0	482.5	1144.5	-355.5
2024-12-17	2025-01-15	1	360.0	842.5	1144.5	-355.5
2024-12-17	2025-01-16	1	-519.5	323.0	1144.5	-355.5
2024-12-17	2025-01-17	1	187.0	510.0	1144.5	-355.5
2024-12-17	2025-01-20	1	165.5	675.5	1144.5	-355.5
2024-12-17	2025-01-21	1	256.5	932.0	1144.5	-355.5
2024-12-17	2025-01-22	1	315.5	1247.5	1247.5	-252.5
2024-12-17	2025-01-23	1	-120.5	1127.0	1247.5	-252.5
2024-12-17	2025-01-24	1	-59.5	1067.5	1247.5	-252.5
2024-12-17	2025-01-27	1	225.5	1293.0	1526.0	26.0
2024-12-17	2025-01-28	1	207.0	1500.0	1526.0	26.0
2025-01-29	2025-01-29	1	3.5	3.5	142.0	-1358.0
2025-01-29	2025-01-30	1	119.5	123.0	172.5	-1327.5
2025-01-29	2025-01-31	1	253.5	376.5	486.0	-1014.0
2025-01-29	2025-02-03	1	468.0	844.5	844.5	-655.5
2025-01-29	2025-02-04	1	34.0	878.5	1049.5	-450.5
2025-01-29	2025-02-05	1	-91.5	787.0	1049.5	-450.5
2025-01-29	2025-02-06	1	-102.5	684.5	1049.5	-450.5
2025-01-29	2025-02-07	1	-172.5	512.0	1049.5	-450.5
2025-01-29	2025-02-10	1	402.0	914.0	1049.5	-450.5
2025-01-29	2025-02-11	1	-27.0	887.0	1049.5	-450.5
2025-01-29	2025-02-12	1	10.5	897.5	1049.5	-450.5
2025-01-29	2025-02-13	1	146.0	1043.5	1049.5	-450.5
2025-01-29	2025-02-14	1	-101.5	942.0	1093.5	-406.5
2025-01-29	2025-02-17	1	-7.0	935.0	1093.5	-406.5
2025-01-29	2025-02-18	1	-91.5	843.5	1093.5	-406.5
2025-01-29	2025-02-19	1	183.0	1026.5	1093.5	-406.5
2025-01-29	2025-02-20	1	37.0	1063.5	1093.5	-406.5
2025-01-29	2025-02-21	1	156.5	1220.0	1220.0	-280.0
2025-01-29	2025-02-24	1	218.0	1438.0	1559.0	59.0
2025-01-29	2025-02-25	1	51.5	1489.5	1559.0	59.0
2025-01-29	2025-02-26	1	-14.0	1475.5	1559.0	59.0
2025-01-29	2025-02-27	1	-176.5	1299.0	1728.0	228.0
2025-01-29	2025-02-28	1	-96.5	1202.5	1728.0	228.0
2025-01-29	2025-03-03	1	-91.5	1111.0	1728.0	228.0
2025-01-29	2025-03-04	1	330.5	1441.5	1728.0	228.0
2025-01-29	2025-03-05	1	-76.5	1365.0	1728.0	228.0
2025-01-29	2025-03-06	1	-762.5	602.5	1728.0	228.0
2025-01-29	2025-03-07	1	4.0	606.5	1728.0	228.0
2025-01-29	2025-03-10	1	-880.5	-274.0	1728.0	228.0
2025-01-29	2025-03-10	1	-378.5	228.0	1728.0	228.0
2025-03-11	2025-03-11	1	392.5	392.5	492.5	-1007.5
2025-03-11	2025-03-12	1	210.0	602.5	810.0	-690.0
2025-03-11	2025-03-13	1	375.0	977.5	977.5	-522.5
2025-03-11	2025-03-14	1	446.5	1424.0	1424.0	-76.0
2025-03-11	2025-03-17	1	76.0	1500.0	1424.0	-76.0
