Run_Start	Date	Contracts	PnL_Today	Cumulative_PnL	Peak_PnL	Trailing_Floor
2025-05-01	2025-05-01	2	-700.0	-700.0	0.0	-1500.0
2025-05-01	2025-05-02	2	382.0	-318.0	0.0	-1500.0
2025-05-01	2025-05-05	2	-354.0	-672.0	0.0	-1500.0
2025-05-01	2025-05-06	2	-1327.0	-1999.0	0.0	-1500.0
2025-05-02	2025-05-02	2	382.0	382.0	0.0	-1500.0
2025-05-02	2025-05-05	2	-354.0	28.0	496.5	-1003.5
2025-05-02	2025-05-06	2	-1327.0	-1299.0	496.5	-1003.5
2025-05-05	2025-05-05	2	-354.0	-354.0	0.0	-1500.0
2025-05-05	2025-05-06	2	-1327.0	-1681.0	0.0	-1500.0
2025-05-06	2025-05-06	2	-1327.0	-1327.0	0.0	-1500.0
2025-05-06	2025-05-07	2	-931.0	-2258.0	0.0	-1500.0
2025-05-07	2025-05-07	2	-931.0	-931.0	0.0	-1500.0
2025-05-07	2025-05-08	2	638.0	-293.0	0.0	-1500.0
2025-05-07	2025-05-09	2	346.0	53.0	0.0	-1500.0
2025-05-07	2025-05-12	2	1440.0	1493.0	53.0	-1447.0
2025-05-07	2025-05-13	2	486.0	1979.0	1572.5	72.5
2025-05-08	2025-05-08	2	638.0	638.0	0.0	-1500.0
2025-05-08	2025-05-09	2	346.0	984.0	758.0	-742.0
2025-05-08	2025-05-12	2	1440.0	2424.0	984.0	-516.0
2025-05-09	2025-05-09	2	346.0	346.0	0.0	-1500.0
2025-05-09	2025-05-12	2	1440.0	1786.0	346.0	-1154.0
2025-05-12	2025-05-12	2	1440.0	1440.0	0.0	-1500.0
2025-05-12	2025-05-13	2	486.0	1926.0	1519.5	19.5
2025-05-13	2025-05-13	2	486.0	486.0	0.0	-1500.0
2025-05-13	2025-05-14	2	396.0	882.0	601.0	-899.0
2025-05-13	2025-05-15	2	200.0	1082.0	896.0	-604.0
2025-05-13	2025-05-16	2	287.0	1369.0	1082.0	-418.0
2025-05-13	2025-05-19	2	487.0	1856.0	1369.0	-131.0
2025-05-14	2025-05-14	2	396.0	396.0	0.0	-1500.0
2025-05-14	2025-05-15	2	200.0	596.0	410.0	-1090.0
2025-05-14	2025-05-16	2	287.0	883.0	596.0	-904.0
2025-05-14	2025-05-19	2	487.0	1370.0	883.0	-617.0
2025-05-14	2025-05-20	2	156.0	1526.0	1453.0	-47.0
2025-05-15	2025-05-15	2	200.0	200.0	0.0	-1500.0
2025-05-15	2025-05-16	2	287.0	487.0	200.0	-1300.0
2025-05-15	2025-05-19	2	487.0	974.0	487.0	-1013.0
2025-05-15	2025-05-20	2	156.0	1130.0	1057.0	-443.0
2025-05-15	2025-05-21	2	-781.0	349.0	1161.5	-338.5
2025-05-15	2025-05-22	2	257.0	606.0	1161.5	-338.5
2025-05-15	2025-05-23	2	191.0	797.0	1161.5	-338.5
2025-05-15	2025-05-26	2	353.0	1150.0	1161.5	-338.5
2025-05-15	2025-05-27	2	-327.0	823.0	1161.5	-338.5
2025-05-15	2025-05-28	2	-852.0	-29.0	1161.5	-338.5
2025-05-15	2025-05-29	2	299.0	270.0	1161.5	-338.5
2025-05-15	2025-05-30	2	158.0	428.0	1161.5	-338.5
2025-05-15	2025-06-02	2	139.0	567.0	1161.5	-338.5
2025-05-15	2025-06-03	2	54.0	621.0	1161.5	-338.5
2025-05-15	2025-06-04	2	-279.0	342.0	1161.5	-338.5
2025-05-15	2025-06-05	2	-179.0	163.0	1161.5	-338.5
2025-05-15	2025-06-06	2	23.0	186.0	1161.5	-338.5
2025-05-15	2025-06-09	2	-99.0	87.0	1161.5	-338.5
2025-05-15	2025-06-10	2	-36.0	51.0	1161.5	-338.5
2025-05-15	2025-06-11	2	98.0	149.0	1161.5	-338.5
2025-05-15	2025-06-12	2	-98.0	51.0	1161.5	-338.5
2025-05-15	2025-06-13	2	-647.0	-596.0	1161.5	-338.5
2025-05-16	2025-05-16	2	287.0	287.0	0.0	-1500.0
2025-05-16	2025-05-19	2	487.0	774.0	287.0	-1213.0
2025-05-16	2025-05-20	2	156.0	930.0	857.0	-643.0
2025-05-16	2025-05-21	2	-781.0	149.0	961.5	-538.5
2025-05-16	2025-05-22	2	257.0	406.0	961.5	-538.5
2025-05-16	2025-05-23	2	191.0	597.0	961.5	-538.5
2025-05-16	2025-05-26	2	353.0	950.0	961.5	-538.5
2025-05-16	2025-05-27	2	-327.0	623.0	961.5	-538.5
2025-05-16	2025-05-28	2	-852.0	-229.0	961.5	-538.5
2025-05-16	2025-05-29	2	299.0	70.0	961.5	-538.5
2025-05-16	2025-05-30	2	158.0	228.0	961.5	-538.5
2025-05-16	2025-06-02	2	139.0	367.0	961.5	-538.5
2025-05-16	2025-06-03	2	54.0	421.0	961.5	-538.5
2025-05-16	2025-06-04	2	-279.0	142.0	961.5	-538.5
2025-05-16	2025-06-05	2	-179.0	-37.0	961.5	-538.5
2025-05-16	2025-06-06	2	23.0	-14.0	961.5	-538.5
2025-05-16	2025-06-09	2	-99.0	-113.0	961.5	-538.5
2025-05-16	2025-06-10	2	-36.0	-149.0	961.5	-538.5
2025-05-16	2025-06-11	2	98.0	-51.0	961.5	-538.5
2025-05-16	2025-06-12	2	-98.0	-149.0	961.5	-538.5
2025-05-16	2025-06-13	2	-647.0	-796.0	961.5	-538.5
2025-05-19	2025-05-19	2	487.0	487.0	0.0	-1500.0
2025-05-19	2025-05-20	2	156.0	643.0	570.0	-930.0
2025-05-19	2025-05-21	2	-781.0	-138.0	674.5	-825.5
2025-05-19	2025-05-22	2	257.0	119.0	674.5	-825.5
2025-05-19	2025-05-23	2	191.0	310.0	674.5	-825.5
2025-05-19	2025-05-26	2	353.0	663.0	674.5	-825.5
2025-05-19	2025-05-27	2	-327.0	336.0	674.5	-825.5
2025-05-19	2025-05-28	2	-852.0	-516.0	674.5	-825.5
2025-05-19	2025-05-29	2	299.0	-217.0	674.5	-825.5
2025-05-19	2025-05-30	2	158.0	-59.0	674.5	-825.5
2025-05-19	2025-06-02	2	139.0	80.0	674.5	-825.5
2025-05-19	2025-06-03	2	54.0	134.0	674.5	-825.5
2025-05-19	2025-06-04	2	-279.0	-145.0	674.5	-825.5
2025-05-19	2025-06-05	2	-179.0	-324.0	674.5	-825.5
2025-05-19	2025-06-06	2	23.0	-301.0	674.5	-825.5
2025-05-19	2025-06-09	2	-99.0	-400.0	674.5	-825.5
2025-05-19	2025-06-10	2	-36.0	-436.0	674.5	-825.5
2025-05-19	2025-06-11	2	98.0	-338.0	674.5	-825.5
2025-05-19	2025-06-12	2	-98.0	-436.0	674.5	-825.5
2025-05-19	2025-06-13	2	-647.0	-1083.0	674.5	-825.5
2025-05-20	2025-05-20	2	156.0	156.0	0.0	-1500.0
2025-05-20	2025-05-21	2	-781.0	-625.0	187.5	-1312.5
2025-05-20	2025-05-22	2	257.0	-368.0	187.5	-1312.5
2025-05-20	2025-05-23	2	191.0	-177.0	187.5	-1312.5
2025-05-20	2025-05-26	2	353.0	176.0	187.5	-1312.5
2025-05-20	2025-05-27	2	-327.0	-151.0	187.5	-1312.5
2025-05-20	2025-05-28	2	-852.0	-1003.0	187.5	-1312.5
2025-05-20	2025-05-29	2	299.0	-704.0	187.5	-1312.5
2025-05-20	2025-05-30	2	158.0	-546.0	187.5	-1312.5
2025-05-20	2025-06-02	2	139.0	-407.0	187.5	-1312.5
2025-05-20	2025-06-03	2	54.0	-353.0	187.5	-1312.5
2025-05-20	2025-06-04	2	-279.0	-632.0	187.5	-1312.5
2025-05-20	2025-06-05	2	-179.0	-811.0	187.5	-1312.5
2025-05-20	2025-06-06	2	23.0	-788.0	187.5	-1312.5
2025-05-20	2025-06-09	2	-99.0	-887.0	187.5	-1312.5
2025-05-20	2025-06-10	2	-36.0	-923.0	187.5	-1312.5
2025-05-20	2025-06-11	2	98.0	-825.0	187.5	-1312.5
2025-05-20	2025-06-12	2	-98.0	-923.0	187.5	-1312.5
2025-05-20	2025-06-13	2	-647.0	-1570.0	187.5	-1312.5
2025-05-21	2025-05-21	2	-781.0	-781.0	0.0	-1500.0
2025-05-21	2025-05-22	2	257.0	-524.0	0.0	-1500.0
2025-05-21	2025-05-23	2	191.0	-333.0	0.0	-1500.0
2025-05-21	2025-05-26	2	353.0	20.0	0.0	-1500.0
2025-05-21	2025-05-27	2	-327.0	-307.0	25.0	-1475.0
2025-05-21	2025-05-28	2	-852.0	-1159.0	25.0	-1475.0
2025-05-21	2025-05-29	2	299.0	-860.0	25.0	-1475.0
2025-05-21	2025-05-30	2	158.0	-702.0	25.0	-1475.0
2025-05-21	2025-06-02	2	139.0	-563.0	25.0	-1475.0
2025-05-21	2025-06-03	2	54.0	-509.0	25.0	-1475.0
2025-05-21	2025-06-04	2	-279.0	-788.0	25.0	-1475.0
2025-05-21	2025-06-05	2	-179.0	-967.0	25.0	-1475.0
2025-05-21	2025-06-06	2	23.0	-944.0	25.0	-1475.0
2025-05-21	2025-06-09	2	-99.0	-1043.0	25.0	-1475.0
2025-05-21	2025-06-10	2	-36.0	-1079.0	25.0	-1475.0
2025-05-21	2025-06-11	2	98.0	-981.0	25.0	-1475.0
2025-05-21	2025-06-12	2	-98.0	-1079.0	25.0	-1475.0
2025-05-21	2025-06-13	2	-647.0	-1726.0	25.0	-1475.0
2025-05-22	2025-05-22	2	257.0	257.0	0.0	-1500.0
2025-05-22	2025-05-23	2	191.0	448.0	464.0	-1036.0
2025-05-22	2025-05-26	2	353.0	801.0	471.0	-1029.0
2025-05-22	2025-05-27	2	-327.0	474.0	806.0	-694.0
2025-05-22	2025-05-28	2	-852.0	-378.0	806.0	-694.0
2025-05-22	2025-05-29	2	299.0	-79.0	806.0	-694.0
2025-05-22	2025-05-30	2	158.0	79.0	806.0	-694.0
2025-05-22	2025-06-02	2	139.0	218.0	806.0	-694.0
2025-05-22	2025-06-03	2	54.0	272.0	806.0	-694.0
2025-05-22	2025-06-04	2	-279.0	-7.0	806.0	-694.0
2025-05-22	2025-06-05	2	-179.0	-186.0	806.0	-694.0
2025-05-22	2025-06-06	2	23.0	-163.0	806.0	-694.0
2025-05-22	2025-06-09	2	-99.0	-262.0	806.0	-694.0
2025-05-22	2025-06-10	2	-36.0	-298.0	806.0	-694.0
2025-05-22	2025-06-11	2	98.0	-200.0	806.0	-694.0
2025-05-22	2025-06-12	2	-98.0	-298.0	806.0	-694.0
2025-05-22	2025-06-13	2	-647.0	-945.0	806.0	-694.0
2025-05-23	2025-05-23	2	191.0	191.0	0.0	-1500.0
2025-05-23	2025-05-26	2	353.0	544.0	214.0	-1286.0
2025-05-23	2025-05-27	2	-327.0	217.0	549.0	-951.0
2025-05-23	2025-05-28	2	-852.0	-635.0	549.0	-951.0
2025-05-23	2025-05-29	2	299.0	-336.0	549.0	-951.0
2025-05-23	2025-05-30	2	158.0	-178.0	549.0	-951.0
2025-05-23	2025-06-02	2	139.0	-39.0	549.0	-951.0
2025-05-23	2025-06-03	2	54.0	15.0	549.0	-951.0
2025-05-23	2025-06-04	2	-279.0	-264.0	549.0	-951.0
2025-05-23	2025-06-05	2	-179.0	-443.0	549.0	-951.0
2025-05-23	2025-06-06	2	23.0	-420.0	549.0	-951.0
2025-05-23	2025-06-09	2	-99.0	-519.0	549.0	-951.0
2025-05-23	2025-06-10	2	-36.0	-555.0	549.0	-951.0
2025-05-23	2025-06-11	2	98.0	-457.0	549.0	-951.0
2025-05-23	2025-06-12	2	-98.0	-555.0	549.0	-951.0
2025-05-23	2025-06-13	2	-647.0	-1202.0	549.0	-951.0
2025-05-26	2025-05-26	2	353.0	353.0	0.0	-1500.0
2025-05-26	2025-05-27	2	-327.0	26.0	358.0	-1142.0
2025-05-26	2025-05-28	2	-852.0	-826.0	358.0	-1142.0
2025-05-26	2025-05-29	2	299.0	-527.0	358.0	-1142.0
2025-05-26	2025-05-30	2	158.0	-369.0	358.0	-1142.0
2025-05-26	2025-06-02	2	139.0	-230.0	358.0	-1142.0
2025-05-26	2025-06-03	2	54.0	-176.0	358.0	-1142.0
2025-05-26	2025-06-04	2	-279.0	-455.0	358.0	-1142.0
2025-05-26	2025-06-05	2	-179.0	-634.0	358.0	-1142.0
2025-05-26	2025-06-06	2	23.0	-611.0	358.0	-1142.0
2025-05-26	2025-06-09	2	-99.0	-710.0	358.0	-1142.0
2025-05-26	2025-06-10	2	-36.0	-746.0	358.0	-1142.0
2025-05-26	2025-06-11	2	98.0	-648.0	358.0	-1142.0
2025-05-26	2025-06-12	2	-98.0	-746.0	358.0	-1142.0
2025-05-26	2025-06-13	2	-647.0	-1393.0	358.0	-1142.0
2025-05-27	2025-05-27	2	-327.0	-327.0	0.0	-1500.0
2025-05-27	2025-05-28	2	-852.0	-1179.0	0.0	-1500.0
2025-05-27	2025-05-29	2	299.0	-880.0	0.0	-1500.0
2025-05-27	2025-05-30	2	158.0	-722.0	0.0	-1500.0
2025-05-27	2025-06-02	2	139.0	-583.0	0.0	-1500.0
2025-05-27	2025-06-03	2	54.0	-529.0	0.0	-1500.0
2025-05-27	2025-06-04	2	-279.0	-808.0	0.0	-1500.0
2025-05-27	2025-06-05	2	-179.0	-987.0	0.0	-1500.0
2025-05-27	2025-06-06	2	23.0	-964.0	0.0	-1500.0
2025-05-27	2025-06-09	2	-99.0	-1063.0	0.0	-1500.0
2025-05-27	2025-06-10	2	-36.0	-1099.0	0.0	-1500.0
2025-05-27	2025-06-11	2	98.0	-1001.0	0.0	-1500.0
2025-05-27	2025-06-12	2	-98.0	-1099.0	0.0	-1500.0
2025-05-27	2025-06-13	2	-647.0	-1746.0	0.0	-1500.0
2025-05-28	2025-05-28	2	-852.0	-852.0	0.0	-1500.0
2025-05-28	2025-05-29	2	299.0	-553.0	0.0	-1500.0
2025-05-28	2025-05-30	2	158.0	-395.0	0.0	-1500.0
2025-05-28	2025-06-02	2	139.0	-256.0	0.0	-1500.0
2025-05-28	2025-06-03	2	54.0	-202.0	0.0	-1500.0
2025-05-28	2025-06-04	2	-279.0	-481.0	0.0	-1500.0
2025-05-28	2025-06-05	2	-179.0	-660.0	0.0	-1500.0
2025-05-28	2025-06-06	2	23.0	-637.0	0.0	-1500.0
2025-05-28	2025-06-09	2	-99.0	-736.0	0.0	-1500.0
2025-05-28	2025-06-10	2	-36.0	-772.0	0.0	-1500.0
2025-05-28	2025-06-11	2	98.0	-674.0	0.0	-1500.0
2025-05-28	2025-06-12	2	-98.0	-772.0	0.0	-1500.0
2025-05-28	2025-06-13	2	-647.0	-1419.0	0.0	-1500.0
2025-05-28	2025-06-16	2	459.0	-960.0	0.0	-1500.0
2025-05-28	2025-06-17	2	-766.0	-1726.0	0.0	-1500.0
2025-05-29	2025-05-29	2	299.0	299.0	0.0	-1500.0
2025-05-29	2025-05-30	2	158.0	457.0	442.5	-1057.5
2025-05-29	2025-06-02	2	139.0	596.0	457.0	-1043.0
2025-05-29	2025-06-03	2	54.0	650.0	596.0	-904.0
2025-05-29	2025-06-04	2	-279.0	371.0	690.5	-809.5
2025-05-29	2025-06-05	2	-179.0	192.0	690.5	-809.5
2025-05-29	2025-06-06	2	23.0	215.0	690.5	-809.5
2025-05-29	2025-06-09	2	-99.0	116.0	690.5	-809.5
2025-05-29	2025-06-10	2	-36.0	80.0	690.5	-809.5
2025-05-29	2025-06-11	2	98.0	178.0	690.5	-809.5
2025-05-29	2025-06-12	2	-98.0	80.0	690.5	-809.5
2025-05-29	2025-06-13	2	-647.0	-567.0	690.5	-809.5
2025-05-29	2025-06-16	2	459.0	-108.0	690.5	-809.5
2025-05-29	2025-06-17	2	-766.0	-874.0	690.5	-809.5
2025-05-30	2025-05-30	2	158.0	158.0	0.0	-1500.0
2025-05-30	2025-06-02	2	139.0	297.0	158.0	-1342.0
2025-05-30	2025-06-03	2	54.0	351.0	297.0	-1203.0
2025-05-30	2025-06-04	2	-279.0	72.0	391.5	-1108.5
2025-05-30	2025-06-05	2	-179.0	-107.0	391.5	-1108.5
2025-05-30	2025-06-06	2	23.0	-84.0	391.5	-1108.5
2025-05-30	2025-06-09	2	-99.0	-183.0	391.5	-1108.5
2025-05-30	2025-06-10	2	-36.0	-219.0	391.5	-1108.5
2025-05-30	2025-06-11	2	98.0	-121.0	391.5	-1108.5
2025-05-30	2025-06-12	2	-98.0	-219.0	391.5	-1108.5
2025-05-30	2025-06-13	2	-647.0	-866.0	391.5	-1108.5
2025-05-30	2025-06-16	2	459.0	-407.0	391.5	-1108.5
2025-05-30	2025-06-17	2	-766.0	-1173.0	391.5	-1108.5
2025-06-02	2025-06-02	2	139.0	139.0	0.0	-1500.0
2025-06-02	2025-06-03	2	54.0	193.0	139.0	-1361.0
2025-06-02	2025-06-04	2	-279.0	-86.0	233.5	-1266.5
2025-06-02	2025-06-05	2	-179.0	-265.0	233.5	-1266.5
2025-06-02	2025-06-06	2	23.0	-242.0	233.5	-1266.5
2025-06-02	2025-06-09	2	-99.0	-341.0	233.5	-1266.5
2025-06-02	2025-06-10	2	-36.0	-377.0	233.5	-1266.5
2025-06-02	2025-06-11	2	98.0	-279.0	233.5	-1266.5
2025-06-02	2025-06-12	2	-98.0	-377.0	233.5	-1266.5
2025-06-02	2025-06-13	2	-647.0	-1024.0	233.5	-1266.5
2025-06-02	2025-06-16	2	459.0	-565.0	233.5	-1266.5
2025-06-02	2025-06-17	2	-766.0	-1331.0	233.5	-1266.5
2025-06-03	2025-06-03	2	54.0	54.0	0.0	-1500.0
2025-06-03	2025-06-04	2	-279.0	-225.0	94.5	-1405.5
2025-06-03	2025-06-05	2	-179.0	-404.0	94.5	-1405.5
2025-06-03	2025-06-06	2	23.0	-381.0	94.5	-1405.5
2025-06-03	2025-06-09	2	-99.0	-480.0	94.5	-1405.5
2025-06-03	2025-06-10	2	-36.0	-516.0	94.5	-1405.5
2025-06-03	2025-06-11	2	98.0	-418.0	94.5	-1405.5
2025-06-03	2025-06-12	2	-98.0	-516.0	94.5	-1405.5
2025-06-03	2025-06-13	2	-647.0	-1163.0	94.5	-1405.5
2025-06-03	2025-06-16	2	459.0	-704.0	94.5	-1405.5
2025-06-03	2025-06-17	2	-766.0	-1470.0	94.5	-1405.5
2025-06-04	2025-06-04	2	-279.0	-279.0	0.0	-1500.0
2025-06-04	2025-06-05	2	-179.0	-458.0	0.0	-1500.0
2025-06-04	2025-06-06	2	23.0	-435.0	0.0	-1500.0
2025-06-04	2025-06-09	2	-99.0	-534.0	0.0	-1500.0
2025-06-04	2025-06-10	2	-36.0	-570.0	0.0	-1500.0
2025-06-04	2025-06-11	2	98.0	-472.0	0.0	-1500.0
2025-06-04	2025-06-12	2	-98.0	-570.0	0.0	-1500.0
2025-06-04	2025-06-13	2	-647.0	-1217.0	0.0	-1500.0
2025-06-04	2025-06-16	2	459.0	-758.0	0.0	-1500.0
2025-06-04	2025-06-17	2	-766.0	-1524.0	0.0	-1500.0
2025-06-05	2025-06-05	2	-179.0	-179.0	0.0	-1500.0
2025-06-05	2025-06-06	2	23.0	-156.0	0.0	-1500.0
2025-06-05	2025-06-09	2	-99.0	-255.0	25.5	-1474.5
2025-06-05	2025-06-10	2	-36.0	-291.0	25.5	-1474.5
2025-06-05	2025-06-11	2	98.0	-193.0	25.5	-1474.5
2025-06-05	2025-06-12	2	-98.0	-291.0	25.5	-1474.5
2025-06-05	2025-06-13	2	-647.0	-938.0	25.5	-1474.5
2025-06-05	2025-06-16	2	459.0	-479.0	25.5	-1474.5
2025-06-05	2025-06-17	2	-766.0	-1245.0	25.5	-1474.5
2025-06-05	2025-06-18	2	-235.0	-1480.0	25.5	-1474.5
2025-06-06	2025-06-06	2	23.0	23.0	0.0	-1500.0
2025-06-06	2025-06-09	2	-99.0	-76.0	204.5	-1295.5
2025-06-06	2025-06-10	2	-36.0	-112.0	204.5	-1295.5
2025-06-06	2025-06-11	2	98.0	-14.0	204.5	-1295.5
2025-06-06	2025-06-12	2	-98.0	-112.0	204.5	-1295.5
2025-06-06	2025-06-13	2	-647.0	-759.0	204.5	-1295.5
2025-06-06	2025-06-16	2	459.0	-300.0	204.5	-1295.5
2025-06-06	2025-06-17	2	-766.0	-1066.0	204.5	-1295.5
2025-06-06	2025-06-18	2	-235.0	-1301.0	204.5	-1295.5
2025-06-09	2025-06-09	2	-99.0	-99.0	0.0	-1500.0
2025-06-09	2025-06-10	2	-36.0	-135.0	11.5	-1488.5
2025-06-09	2025-06-11	2	98.0	-37.0	11.5	-1488.5
2025-06-09	2025-06-12	2	-98.0	-135.0	139.5	-1360.5
2025-06-09	2025-06-13	2	-647.0	-782.0	139.5	-1360.5
2025-06-09	2025-06-16	2	459.0	-323.0	139.5	-1360.5
2025-06-09	2025-06-17	2	-766.0	-1089.0	139.5	-1360.5
2025-06-09	2025-06-18	2	-235.0	-1324.0	139.5	-1360.5
2025-06-09	2025-06-19	2	-166.0	-1490.0	139.5	-1360.5
2025-06-10	2025-06-10	2	-36.0	-36.0	0.0	-1500.0
2025-06-10	2025-06-11	2	98.0	62.0	42.5	-1457.5
2025-06-10	2025-06-12	2	-98.0	-36.0	238.5	-1261.5
2025-06-10	2025-06-13	2	-647.0	-683.0	238.5	-1261.5
2025-06-10	2025-06-16	2	459.0	-224.0	238.5	-1261.5
2025-06-10	2025-06-17	2	-766.0	-990.0	238.5	-1261.5
2025-06-10	2025-06-18	2	-235.0	-1225.0	238.5	-1261.5
2025-06-10	2025-06-19	2	-166.0	-1391.0	238.5	-1261.5
2025-06-11	2025-06-11	2	98.0	98.0	0.0	-1500.0
2025-06-11	2025-06-12	2	-98.0	0.0	274.5	-1225.5
2025-06-11	2025-06-13	2	-647.0	-647.0	274.5	-1225.5
2025-06-11	2025-06-16	2	459.0	-188.0	274.5	-1225.5
2025-06-11	2025-06-17	2	-766.0	-954.0	274.5	-1225.5
2025-06-11	2025-06-18	2	-235.0	-1189.0	274.5	-1225.5
2025-06-11	2025-06-19	2	-166.0	-1355.0	274.5	-1225.5
2025-06-12	2025-06-12	2	-98.0	-98.0	0.0	-1500.0
2025-06-12	2025-06-13	2	-647.0	-745.0	0.0	-1500.0
2025-06-12	2025-06-16	2	459.0	-286.0	0.0	-1500.0
2025-06-12	2025-06-17	2	-766.0	-1052.0	0.0	-1500.0
2025-06-12	2025-06-18	2	-235.0	-1287.0	0.0	-1500.0
2025-06-12	2025-06-19	2	-166.0	-1453.0	0.0	-1500.0
2025-06-12	2025-06-20	2	664.0	-789.0	0.0	-1500.0
2025-06-12	2025-06-23	2	462.0	-327.0	0.0	-1500.0
2025-06-12	2025-06-24	2	501.0	174.0	0.0	-1500.0
2025-06-12	2025-06-25	2	81.0	255.0	389.0	-1111.0
2025-06-12	2025-06-26	2	245.0	500.0	389.0	-1111.0
2025-06-12	2025-06-27	2	300.0	800.0	521.0	-979.0
2025-06-12	2025-06-30	2	43.0	843.0	800.0	-700.0
2025-06-12	2025-07-01	2	-381.0	462.0	917.0	-583.0
2025-06-12	2025-07-02	2	285.0	747.0	917.0	-583.0
2025-06-12	2025-07-03	2	77.0	824.0	917.0	-583.0
2025-06-12	2025-07-04	2	-548.0	276.0	917.0	-583.0
2025-06-12	2025-07-07	2	-765.0	-489.0	917.0	-583.0
2025-06-12	2025-07-08	2	-6.0	-495.0	917.0	-583.0
2025-06-12	2025-07-09	2	508.0	13.0	917.0	-583.0
2025-06-12	2025-07-10	2	28.0	41.0	917.0	-583.0
2025-06-12	2025-07-11	2	-148.0	-107.0	917.0	-583.0
2025-06-12	2025-07-14	2	455.0	348.0	917.0	-583.0
2025-06-12	2025-07-15	2	169.0	517.0	917.0	-583.0
2025-06-12	2025-07-16	2	22.0	539.0	917.0	-583.0
2025-06-12	2025-07-17	2	-61.0	478.0	917.0	-583.0
2025-06-12	2025-07-18	2	242.0	720.0	917.0	-583.0
2025-06-12	2025-07-21	2	282.0	1002.0	917.0	-583.0
2025-06-12	2025-07-22	2	-70.0	932.0	1107.0	-393.0
2025-06-12	2025-07-23	2	341.0	1273.0	1107.0	-393.0
2025-06-12	2025-07-24	2	-320.0	953.0	1273.0	-227.0
2025-06-12	2025-07-25	2	-290.0	663.0	1273.0	-227.0
2025-06-12	2025-07-28	2	-97.0	566.0	1273.0	-227.0
2025-06-12	2025-07-29	2	-285.0	281.0	1273.0	-227.0
2025-06-12	2025-07-30	2	-211.0	70.0	1273.0	-227.0
2025-06-12	2025-07-31	2	-554.0	-484.0	1273.0	-227.0
2025-06-13	2025-06-13	2	-647.0	-647.0	0.0	-1500.0
2025-06-13	2025-06-16	2	459.0	-188.0	0.0	-1500.0
2025-06-13	2025-06-17	2	-766.0	-954.0	0.0	-1500.0
2025-06-13	2025-06-18	2	-235.0	-1189.0	0.0	-1500.0
2025-06-13	2025-06-19	2	-166.0	-1355.0	0.0	-1500.0
2025-06-13	2025-06-20	2	664.0	-691.0	0.0	-1500.0
2025-06-13	2025-06-23	2	462.0	-229.0	0.0	-1500.0
2025-06-13	2025-06-24	2	501.0	272.0	0.0	-1500.0
2025-06-13	2025-06-25	2	81.0	353.0	487.0	-1013.0
2025-06-13	2025-06-26	2	245.0	598.0	487.0	-1013.0
2025-06-13	2025-06-27	2	300.0	898.0	619.0	-881.0
2025-06-13	2025-06-30	2	43.0	941.0	898.0	-602.0
2025-06-13	2025-07-01	2	-381.0	560.0	1015.0	-485.0
2025-06-13	2025-07-02	2	285.0	845.0	1015.0	-485.0
2025-06-13	2025-07-03	2	77.0	922.0	1015.0	-485.0
2025-06-13	2025-07-04	2	-548.0	374.0	1015.0	-485.0
2025-06-13	2025-07-07	2	-765.0	-391.0	1015.0	-485.0
2025-06-13	2025-07-08	2	-6.0	-397.0	1015.0	-485.0
2025-06-13	2025-07-09	2	508.0	111.0	1015.0	-485.0
2025-06-13	2025-07-10	2	28.0	139.0	1015.0	-485.0
2025-06-13	2025-07-11	2	-148.0	-9.0	1015.0	-485.0
2025-06-13	2025-07-14	2	455.0	446.0	1015.0	-485.0
2025-06-13	2025-07-15	2	169.0	615.0	1015.0	-485.0
2025-06-13	2025-07-16	2	22.0	637.0	1015.0	-485.0
2025-06-13	2025-07-17	2	-61.0	576.0	1015.0	-485.0
2025-06-13	2025-07-18	2	242.0	818.0	1015.0	-485.0
2025-06-13	2025-07-21	2	282.0	1100.0	1015.0	-485.0
2025-06-13	2025-07-22	2	-70.0	1030.0	1205.0	-295.0
2025-06-13	2025-07-23	2	341.0	1371.0	1205.0	-295.0
2025-06-13	2025-07-24	2	-320.0	1051.0	1371.0	-129.0
2025-06-13	2025-07-25	2	-290.0	761.0	1371.0	-129.0
2025-06-13	2025-07-28	2	-97.0	664.0	1371.0	-129.0
2025-06-13	2025-07-29	2	-285.0	379.0	1371.0	-129.0
2025-06-13	2025-07-30	2	-211.0	168.0	1371.0	-129.0
2025-06-13	2025-07-31	2	-554.0	-386.0	1371.0	-129.0
2025-06-16	2025-06-16	2	459.0	459.0	0.0	-1500.0
2025-06-16	2025-06-17	2	-766.0	-307.0	610.0	-890.0
2025-06-16	2025-06-18	2	-235.0	-542.0	610.0	-890.0
2025-06-16	2025-06-19	2	-166.0	-708.0	610.0	-890.0
2025-06-16	2025-06-20	2	664.0	-44.0	610.0	-890.0
2025-06-16	2025-06-23	2	462.0	418.0	610.0	-890.0
2025-06-16	2025-06-24	2	501.0	919.0	610.0	-890.0
2025-06-16	2025-06-25	2	81.0	1000.0	1134.0	-366.0
2025-06-16	2025-06-26	2	245.0	1245.0	1134.0	-366.0
2025-06-16	2025-06-27	2	300.0	1545.0	1266.0	-234.0
2025-06-17	2025-06-17	2	-766.0	-766.0	0.0	-1500.0
2025-06-17	2025-06-18	2	-235.0	-1001.0	0.0	-1500.0
2025-06-17	2025-06-19	2	-166.0	-1167.0	0.0	-1500.0
2025-06-17	2025-06-20	2	664.0	-503.0	0.0	-1500.0
2025-06-17	2025-06-23	2	462.0	-41.0	0.0	-1500.0
2025-06-17	2025-06-24	2	501.0	460.0	0.0	-1500.0
2025-06-17	2025-06-25	2	81.0	541.0	675.0	-825.0
2025-06-17	2025-06-26	2	245.0	786.0	675.0	-825.0
2025-06-17	2025-06-27	2	300.0	1086.0	807.0	-693.0
2025-06-17	2025-06-30	2	43.0	1129.0	1086.0	-414.0
2025-06-17	2025-07-01	2	-381.0	748.0	1203.0	-297.0
2025-06-17	2025-07-02	2	285.0	1033.0	1203.0	-297.0
2025-06-17	2025-07-03	2	77.0	1110.0	1203.0	-297.0
2025-06-17	2025-07-04	2	-548.0	562.0	1203.0	-297.0
2025-06-17	2025-07-07	2	-765.0	-203.0	1203.0	-297.0
2025-06-17	2025-07-08	2	-6.0	-209.0	1203.0	-297.0
2025-06-17	2025-07-09	2	508.0	299.0	1203.0	-297.0
2025-06-17	2025-07-10	2	28.0	327.0	1203.0	-297.0
2025-06-17	2025-07-11	2	-148.0	179.0	1203.0	-297.0
2025-06-17	2025-07-14	2	455.0	634.0	1203.0	-297.0
2025-06-17	2025-07-15	2	169.0	803.0	1203.0	-297.0
2025-06-17	2025-07-16	2	22.0	825.0	1203.0	-297.0
2025-06-17	2025-07-17	2	-61.0	764.0	1203.0	-297.0
2025-06-17	2025-07-18	2	242.0	1006.0	1203.0	-297.0
2025-06-17	2025-07-21	2	282.0	1288.0	1203.0	-297.0
2025-06-17	2025-07-22	2	-70.0	1218.0	1393.0	-107.0
2025-06-17	2025-07-23	2	341.0	1559.0	1393.0	-107.0
2025-06-18	2025-06-18	2	-235.0	-235.0	0.0	-1500.0
2025-06-18	2025-06-19	2	-166.0	-401.0	3.5	-1496.5
2025-06-18	2025-06-20	2	664.0	263.0	3.5	-1496.5
2025-06-18	2025-06-23	2	462.0	725.0	263.0	-1237.0
2025-06-18	2025-06-24	2	501.0	1226.0	725.0	-775.0
2025-06-18	2025-06-25	2	81.0	1307.0	1441.0	-59.0
2025-06-18	2025-06-26	2	245.0	1552.0	1441.0	-59.0
2025-06-19	2025-06-19	2	-166.0	-166.0	0.0	-1500.0
2025-06-19	2025-06-20	2	664.0	498.0	0.0	-1500.0
2025-06-19	2025-06-23	2	462.0	960.0	498.0	-1002.0
2025-06-19	2025-06-24	2	501.0	1461.0	960.0	-540.0
2025-06-19	2025-06-25	2	81.0	1542.0	1676.0	176.0
2025-06-20	2025-06-20	2	664.0	664.0	0.0	-1500.0
2025-06-20	2025-06-23	2	462.0	1126.0	664.0	-836.0
2025-06-20	2025-06-24	2	501.0	1627.0	1126.0	-374.0
2025-06-23	2025-06-23	2	462.0	462.0	0.0	-1500.0
2025-06-23	2025-06-24	2	501.0	963.0	462.0	-1038.0
2025-06-23	2025-06-25	2	81.0	1044.0	1178.0	-322.0
2025-06-23	2025-06-26	2	245.0	1289.0	1178.0	-322.0
2025-06-23	2025-06-27	2	300.0	1589.0	1310.0	-190.0
2025-06-24	2025-06-24	2	501.0	501.0	0.0	-1500.0
2025-06-24	2025-06-25	2	81.0	582.0	716.0	-784.0
2025-06-24	2025-06-26	2	245.0	827.0	716.0	-784.0
2025-06-24	2025-06-27	2	300.0	1127.0	848.0	-652.0
2025-06-24	2025-06-30	2	43.0	1170.0	1127.0	-373.0
2025-06-24	2025-07-01	2	-381.0	789.0	1244.0	-256.0
2025-06-24	2025-07-02	2	285.0	1074.0	1244.0	-256.0
2025-06-24	2025-07-03	2	77.0	1151.0	1244.0	-256.0
2025-06-24	2025-07-04	2	-548.0	603.0	1244.0	-256.0
2025-06-24	2025-07-07	2	-765.0	-162.0	1244.0	-256.0
2025-06-24	2025-07-08	2	-6.0	-168.0	1244.0	-256.0
2025-06-24	2025-07-09	2	508.0	340.0	1244.0	-256.0
2025-06-24	2025-07-10	2	28.0	368.0	1244.0	-256.0
2025-06-24	2025-07-11	2	-148.0	220.0	1244.0	-256.0
2025-06-24	2025-07-14	2	455.0	675.0	1244.0	-256.0
2025-06-24	2025-07-15	2	169.0	844.0	1244.0	-256.0
2025-06-24	2025-07-16	2	22.0	866.0	1244.0	-256.0
2025-06-24	2025-07-17	2	-61.0	805.0	1244.0	-256.0
2025-06-24	2025-07-18	2	242.0	1047.0	1244.0	-256.0
2025-06-24	2025-07-21	2	282.0	1329.0	1244.0	-256.0
2025-06-24	2025-07-22	2	-70.0	1259.0	1434.0	-66.0
2025-06-24	2025-07-23	2	341.0	1600.0	1434.0	-66.0
2025-06-25	2025-06-25	2	81.0	81.0	0.0	-1500.0
2025-06-25	2025-06-26	2	245.0	326.0	125.0	-1375.0
2025-06-25	2025-06-27	2	300.0	626.0	347.0	-1153.0
2025-06-25	2025-06-30	2	43.0	669.0	626.0	-874.0
2025-06-25	2025-07-01	2	-381.0	288.0	743.0	-757.0
2025-06-25	2025-07-02	2	285.0	573.0	743.0	-757.0
2025-06-25	2025-07-03	2	77.0	650.0	743.0	-757.0
2025-06-25	2025-07-04	2	-548.0	102.0	743.0	-757.0
2025-06-25	2025-07-07	2	-765.0	-663.0	743.0	-757.0
2025-06-25	2025-07-08	2	-6.0	-669.0	743.0	-757.0
2025-06-25	2025-07-09	2	508.0	-161.0	743.0	-757.0
2025-06-25	2025-07-10	2	28.0	-133.0	743.0	-757.0
2025-06-25	2025-07-11	2	-148.0	-281.0	743.0	-757.0
2025-06-25	2025-07-14	2	455.0	174.0	743.0	-757.0
2025-06-25	2025-07-15	2	169.0	343.0	743.0	-757.0
2025-06-25	2025-07-16	2	22.0	365.0	743.0	-757.0
2025-06-25	2025-07-17	2	-61.0	304.0	743.0	-757.0
2025-06-25	2025-07-18	2	242.0	546.0	743.0	-757.0
2025-06-25	2025-07-21	2	282.0	828.0	743.0	-757.0
2025-06-25	2025-07-22	2	-70.0	758.0	933.0	-567.0
2025-06-25	2025-07-23	2	341.0	1099.0	933.0	-567.0
2025-06-25	2025-07-24	2	-320.0	779.0	1099.0	-401.0
2025-06-25	2025-07-25	2	-290.0	489.0	1099.0	-401.0
2025-06-25	2025-07-28	2	-97.0	392.0	1099.0	-401.0
2025-06-25	2025-07-29	2	-285.0	107.0	1099.0	-401.0
2025-06-25	2025-07-30	2	-211.0	-104.0	1099.0	-401.0
2025-06-25	2025-07-31	2	-554.0	-658.0	1099.0	-401.0
2025-06-26	2025-06-26	2	245.0	245.0	0.0	-1500.0
2025-06-26	2025-06-27	2	300.0	545.0	266.0	-1234.0
2025-06-26	2025-06-30	2	43.0	588.0	545.0	-955.0
2025-06-26	2025-07-01	2	-381.0	207.0	662.0	-838.0
2025-06-26	2025-07-02	2	285.0	492.0	662.0	-838.0
2025-06-26	2025-07-03	2	77.0	569.0	662.0	-838.0
2025-06-26	2025-07-04	2	-548.0	21.0	662.0	-838.0
2025-06-26	2025-07-07	2	-765.0	-744.0	662.0	-838.0
2025-06-26	2025-07-08	2	-6.0	-750.0	662.0	-838.0
2025-06-26	2025-07-09	2	508.0	-242.0	662.0	-838.0
2025-06-26	2025-07-10	2	28.0	-214.0	662.0	-838.0
2025-06-26	2025-07-11	2	-148.0	-362.0	662.0	-838.0
2025-06-26	2025-07-14	2	455.0	93.0	662.0	-838.0
2025-06-26	2025-07-15	2	169.0	262.0	662.0	-838.0
2025-06-26	2025-07-16	2	22.0	284.0	662.0	-838.0
2025-06-26	2025-07-17	2	-61.0	223.0	662.0	-838.0
2025-06-26	2025-07-18	2	242.0	465.0	662.0	-838.0
2025-06-26	2025-07-21	2	282.0	747.0	662.0	-838.0
2025-06-26	2025-07-22	2	-70.0	677.0	852.0	-648.0
2025-06-26	2025-07-23	2	341.0	1018.0	852.0	-648.0
2025-06-26	2025-07-24	2	-320.0	698.0	1018.0	-482.0
2025-06-26	2025-07-25	2	-290.0	408.0	1018.0	-482.0
2025-06-26	2025-07-28	2	-97.0	311.0	1018.0	-482.0
2025-06-26	2025-07-29	2	-285.0	26.0	1018.0	-482.0
2025-06-26	2025-07-30	2	-211.0	-185.0	1018.0	-482.0
2025-06-26	2025-07-31	2	-554.0	-739.0	1018.0	-482.0
2025-06-27	2025-06-27	2	300.0	300.0	0.0	-1500.0
2025-06-27	2025-06-30	2	43.0	343.0	300.0	-1200.0
2025-06-27	2025-07-01	2	-381.0	-38.0	417.0	-1083.0
2025-06-27	2025-07-02	2	285.0	247.0	417.0	-1083.0
2025-06-27	2025-07-03	2	77.0	324.0	417.0	-1083.0
2025-06-27	2025-07-04	2	-548.0	-224.0	417.0	-1083.0
2025-06-27	2025-07-07	2	-765.0	-989.0	417.0	-1083.0
2025-06-27	2025-07-08	2	-6.0	-995.0	417.0	-1083.0
2025-06-27	2025-07-09	2	508.0	-487.0	417.0	-1083.0
2025-06-27	2025-07-10	2	28.0	-459.0	417.0	-1083.0
2025-06-27	2025-07-11	2	-148.0	-607.0	417.0	-1083.0
2025-06-27	2025-07-14	2	455.0	-152.0	417.0	-1083.0
2025-06-27	2025-07-15	2	169.0	17.0	417.0	-1083.0
2025-06-27	2025-07-16	2	22.0	39.0	417.0	-1083.0
2025-06-27	2025-07-17	2	-61.0	-22.0	417.0	-1083.0
2025-06-27	2025-07-18	2	242.0	220.0	417.0	-1083.0
2025-06-27	2025-07-21	2	282.0	502.0	417.0	-1083.0
2025-06-27	2025-07-22	2	-70.0	432.0	607.0	-893.0
2025-06-27	2025-07-23	2	341.0	773.0	607.0	-893.0
2025-06-27	2025-07-24	2	-320.0	453.0	773.0	-727.0
2025-06-27	2025-07-25	2	-290.0	163.0	773.0	-727.0
2025-06-27	2025-07-28	2	-97.0	66.0	773.0	-727.0
2025-06-27	2025-07-29	2	-285.0	-219.0	773.0	-727.0
2025-06-27	2025-07-30	2	-211.0	-430.0	773.0	-727.0
2025-06-27	2025-07-31	2	-554.0	-984.0	773.0	-727.0
2025-06-30	2025-06-30	2	43.0	43.0	0.0	-1500.0
2025-06-30	2025-07-01	2	-381.0	-338.0	117.0	-1383.0
2025-06-30	2025-07-02	2	285.0	-53.0	117.0	-1383.0
2025-06-30	2025-07-03	2	77.0	24.0	117.0	-1383.0
2025-06-30	2025-07-04	2	-548.0	-524.0	117.0	-1383.0
2025-06-30	2025-07-07	2	-765.0	-1289.0	117.0	-1383.0
2025-06-30	2025-07-08	2	-6.0	-1295.0	117.0	-1383.0
2025-06-30	2025-07-09	2	508.0	-787.0	117.0	-1383.0
2025-06-30	2025-07-10	2	28.0	-759.0	117.0	-1383.0
2025-06-30	2025-07-11	2	-148.0	-907.0	117.0	-1383.0
2025-06-30	2025-07-14	2	455.0	-452.0	117.0	-1383.0
2025-06-30	2025-07-15	2	169.0	-283.0	117.0	-1383.0
2025-06-30	2025-07-16	2	22.0	-261.0	117.0	-1383.0
2025-06-30	2025-07-17	2	-61.0	-322.0	117.0	-1383.0
2025-06-30	2025-07-18	2	242.0	-80.0	117.0	-1383.0
2025-06-30	2025-07-21	2	282.0	202.0	117.0	-1383.0
2025-06-30	2025-07-22	2	-70.0	132.0	307.0	-1193.0
2025-06-30	2025-07-23	2	341.0	473.0	307.0	-1193.0
2025-06-30	2025-07-24	2	-320.0	153.0	473.0	-1027.0
2025-06-30	2025-07-25	2	-290.0	-137.0	473.0	-1027.0
2025-06-30	2025-07-28	2	-97.0	-234.0	473.0	-1027.0
2025-06-30	2025-07-29	2	-285.0	-519.0	473.0	-1027.0
2025-06-30	2025-07-30	2	-211.0	-730.0	473.0	-1027.0
2025-06-30	2025-07-31	2	-554.0	-1284.0	473.0	-1027.0
2025-07-01	2025-07-01	2	-381.0	-381.0	0.0	-1500.0
2025-07-01	2025-07-02	2	285.0	-96.0	0.0	-1500.0
2025-07-01	2025-07-03	2	77.0	-19.0	0.0	-1500.0
2025-07-01	2025-07-04	2	-548.0	-567.0	50.5	-1449.5
2025-07-01	2025-07-07	2	-765.0	-1332.0	50.5	-1449.5
2025-07-01	2025-07-08	2	-6.0	-1338.0	50.5	-1449.5
2025-07-01	2025-07-09	2	508.0	-830.0	50.5	-1449.5
2025-07-01	2025-07-10	2	28.0	-802.0	50.5	-1449.5
2025-07-01	2025-07-11	2	-148.0	-950.0	50.5	-1449.5
2025-07-01	2025-07-14	2	455.0	-495.0	50.5	-1449.5
2025-07-01	2025-07-15	2	169.0	-326.0	50.5	-1449.5
2025-07-01	2025-07-16	2	22.0	-304.0	50.5	-1449.5
2025-07-01	2025-07-17	2	-61.0	-365.0	50.5	-1449.5
2025-07-01	2025-07-18	2	242.0	-123.0	50.5	-1449.5
2025-07-01	2025-07-21	2	282.0	159.0	50.5	-1449.5
2025-07-01	2025-07-22	2	-70.0	89.0	264.0	-1236.0
2025-07-01	2025-07-23	2	341.0	430.0	264.0	-1236.0
2025-07-01	2025-07-24	2	-320.0	110.0	430.0	-1070.0
2025-07-01	2025-07-25	2	-290.0	-180.0	430.0	-1070.0
2025-07-01	2025-07-28	2	-97.0	-277.0	430.0	-1070.0
2025-07-01	2025-07-29	2	-285.0	-562.0	430.0	-1070.0
2025-07-01	2025-07-30	2	-211.0	-773.0	430.0	-1070.0
2025-07-01	2025-07-31	2	-554.0	-1327.0	430.0	-1070.0
2025-07-02	2025-07-02	2	285.0	285.0	0.0	-1500.0
2025-07-02	2025-07-03	2	77.0	362.0	293.0	-1207.0
2025-07-02	2025-07-04	2	-548.0	-186.0	431.5	-1068.5
2025-07-02	2025-07-07	2	-765.0	-951.0	431.5	-1068.5
2025-07-02	2025-07-08	2	-6.0	-957.0	431.5	-1068.5
2025-07-02	2025-07-09	2	508.0	-449.0	431.5	-1068.5
2025-07-02	2025-07-10	2	28.0	-421.0	431.5	-1068.5
2025-07-02	2025-07-11	2	-148.0	-569.0	431.5	-1068.5
2025-07-02	2025-07-14	2	455.0	-114.0	431.5	-1068.5
2025-07-02	2025-07-15	2	169.0	55.0	431.5	-1068.5
2025-07-02	2025-07-16	2	22.0	77.0	431.5	-1068.5
2025-07-02	2025-07-17	2	-61.0	16.0	431.5	-1068.5
2025-07-02	2025-07-18	2	242.0	258.0	431.5	-1068.5
2025-07-02	2025-07-21	2	282.0	540.0	431.5	-1068.5
2025-07-02	2025-07-22	2	-70.0	470.0	645.0	-855.0
2025-07-02	2025-07-23	2	341.0	811.0	645.0	-855.0
2025-07-02	2025-07-24	2	-320.0	491.0	811.0	-689.0
2025-07-02	2025-07-25	2	-290.0	201.0	811.0	-689.0
2025-07-02	2025-07-28	2	-97.0	104.0	811.0	-689.0
2025-07-02	2025-07-29	2	-285.0	-181.0	811.0	-689.0
2025-07-02	2025-07-30	2	-211.0	-392.0	811.0	-689.0
2025-07-02	2025-07-31	2	-554.0	-946.0	811.0	-689.0
2025-07-03	2025-07-03	2	77.0	77.0	0.0	-1500.0
2025-07-03	2025-07-04	2	-548.0	-471.0	146.5	-1353.5
2025-07-03	2025-07-07	2	-765.0	-1236.0	146.5	-1353.5
2025-07-03	2025-07-08	2	-6.0	-1242.0	146.5	-1353.5
2025-07-03	2025-07-09	2	508.0	-734.0	146.5	-1353.5
2025-07-03	2025-07-10	2	28.0	-706.0	146.5	-1353.5
2025-07-03	2025-07-11	2	-148.0	-854.0	146.5	-1353.5
2025-07-03	2025-07-14	2	455.0	-399.0	146.5	-1353.5
2025-07-03	2025-07-15	2	169.0	-230.0	146.5	-1353.5
2025-07-03	2025-07-16	2	22.0	-208.0	146.5	-1353.5
2025-07-03	2025-07-17	2	-61.0	-269.0	146.5	-1353.5
2025-07-03	2025-07-18	2	242.0	-27.0	146.5	-1353.5
2025-07-03	2025-07-21	2	282.0	255.0	146.5	-1353.5
2025-07-03	2025-07-22	2	-70.0	185.0	360.0	-1140.0
2025-07-03	2025-07-23	2	341.0	526.0	360.0	-1140.0
2025-07-03	2025-07-24	2	-320.0	206.0	526.0	-974.0
2025-07-03	2025-07-25	2	-290.0	-84.0	526.0	-974.0
2025-07-03	2025-07-28	2	-97.0	-181.0	526.0	-974.0
2025-07-03	2025-07-29	2	-285.0	-466.0	526.0	-974.0
2025-07-03	2025-07-30	2	-211.0	-677.0	526.0	-974.0
2025-07-03	2025-07-31	2	-554.0	-1231.0	526.0	-974.0
2025-07-04	2025-07-04	2	-548.0	-548.0	0.0	-1500.0
2025-07-04	2025-07-07	2	-765.0	-1313.0	0.0	-1500.0
2025-07-04	2025-07-08	2	-6.0	-1319.0	0.0	-1500.0
2025-07-04	2025-07-09	2	508.0	-811.0	0.0	-1500.0
2025-07-04	2025-07-10	2	28.0	-783.0	0.0	-1500.0
2025-07-04	2025-07-11	2	-148.0	-931.0	0.0	-1500.0
2025-07-04	2025-07-14	2	455.0	-476.0	0.0	-1500.0
2025-07-04	2025-07-15	2	169.0	-307.0	0.0	-1500.0
2025-07-04	2025-07-16	2	22.0	-285.0	0.0	-1500.0
2025-07-04	2025-07-17	2	-61.0	-346.0	0.0	-1500.0
2025-07-04	2025-07-18	2	242.0	-104.0	0.0	-1500.0
2025-07-04	2025-07-21	2	282.0	178.0	0.0	-1500.0
2025-07-04	2025-07-22	2	-70.0	108.0	283.0	-1217.0
2025-07-04	2025-07-23	2	341.0	449.0	283.0	-1217.0
2025-07-04	2025-07-24	2	-320.0	129.0	449.0	-1051.0
2025-07-04	2025-07-25	2	-290.0	-161.0	449.0	-1051.0
2025-07-04	2025-07-28	2	-97.0	-258.0	449.0	-1051.0
2025-07-04	2025-07-29	2	-285.0	-543.0	449.0	-1051.0
2025-07-04	2025-07-30	2	-211.0	-754.0	449.0	-1051.0
2025-07-04	2025-07-31	2	-554.0	-1308.0	449.0	-1051.0
2025-07-07	2025-07-07	2	-765.0	-765.0	0.0	-1500.0
2025-07-07	2025-07-08	2	-6.0	-771.0	0.0	-1500.0
2025-07-07	2025-07-09	2	508.0	-263.0	0.0	-1500.0
2025-07-07	2025-07-10	2	28.0	-235.0	0.0	-1500.0
2025-07-07	2025-07-11	2	-148.0	-383.0	0.0	-1500.0
2025-07-07	2025-07-14	2	455.0	72.0	0.0	-1500.0
2025-07-07	2025-07-15	2	169.0	241.0	72.0	-1428.0
2025-07-07	2025-07-16	2	22.0	263.0	523.0	-977.0
2025-07-07	2025-07-17	2	-61.0	202.0	523.0	-977.0
2025-07-07	2025-07-18	2	242.0	444.0	523.0	-977.0
2025-07-07	2025-07-21	2	282.0	726.0	523.0	-977.0
2025-07-07	2025-07-22	2	-70.0	656.0	831.0	-669.0
2025-07-07	2025-07-23	2	341.0	997.0	831.0	-669.0
2025-07-07	2025-07-24	2	-320.0	677.0	997.0	-503.0
2025-07-07	2025-07-25	2	-290.0	387.0	997.0	-503.0
2025-07-07	2025-07-28	2	-97.0	290.0	997.0	-503.0
2025-07-07	2025-07-29	2	-285.0	5.0	997.0	-503.0
2025-07-07	2025-07-30	2	-211.0	-206.0	997.0	-503.0
2025-07-07	2025-07-31	2	-554.0	-760.0	997.0	-503.0
2025-07-08	2025-07-08	2	-6.0	-6.0	0.0	-1500.0
2025-07-08	2025-07-09	2	508.0	502.0	183.0	-1317.0
2025-07-08	2025-07-10	2	28.0	530.0	502.0	-998.0
2025-07-08	2025-07-11	2	-148.0	382.0	530.0	-970.0
2025-07-08	2025-07-14	2	455.0	837.0	530.0	-970.0
2025-07-08	2025-07-15	2	169.0	1006.0	837.0	-663.0
2025-07-08	2025-07-16	2	22.0	1028.0	1288.0	-212.0
2025-07-08	2025-07-17	2	-61.0	967.0	1288.0	-212.0
2025-07-08	2025-07-18	2	242.0	1209.0	1288.0	-212.0
2025-07-08	2025-07-21	2	282.0	1491.0	1288.0	-212.0
2025-07-08	2025-07-22	2	-70.0	1421.0	1596.0	96.0
2025-07-08	2025-07-23	2	341.0	1762.0	1596.0	96.0
2025-07-09	2025-07-09	2	508.0	508.0	0.0	-1500.0
2025-07-09	2025-07-10	2	28.0	536.0	508.0	-992.0
2025-07-09	2025-07-11	2	-148.0	388.0	536.0	-964.0
2025-07-09	2025-07-14	2	455.0	843.0	536.0	-964.0
2025-07-09	2025-07-15	2	169.0	1012.0	843.0	-657.0
2025-07-09	2025-07-16	2	22.0	1034.0	1294.0	-206.0
2025-07-09	2025-07-17	2	-61.0	973.0	1294.0	-206.0
2025-07-09	2025-07-18	2	242.0	1215.0	1294.0	-206.0
2025-07-09	2025-07-21	2	282.0	1497.0	1294.0	-206.0
2025-07-09	2025-07-22	2	-70.0	1427.0	1602.0	102.0
2025-07-09	2025-07-23	2	341.0	1768.0	1602.0	102.0
2025-07-10	2025-07-10	2	28.0	28.0	0.0	-1500.0
2025-07-10	2025-07-11	2	-148.0	-120.0	28.0	-1472.0
2025-07-10	2025-07-14	2	455.0	335.0	28.0	-1472.0
2025-07-10	2025-07-15	2	169.0	504.0	335.0	-1165.0
2025-07-10	2025-07-16	2	22.0	526.0	786.0	-714.0
2025-07-10	2025-07-17	2	-61.0	465.0	786.0	-714.0
2025-07-10	2025-07-18	2	242.0	707.0	786.0	-714.0
2025-07-10	2025-07-21	2	282.0	989.0	786.0	-714.0
2025-07-10	2025-07-22	2	-70.0	919.0	1094.0	-406.0
2025-07-10	2025-07-23	2	341.0	1260.0	1094.0	-406.0
2025-07-10	2025-07-24	2	-320.0	940.0	1260.0	-240.0
2025-07-10	2025-07-25	2	-290.0	650.0	1260.0	-240.0
2025-07-10	2025-07-28	2	-97.0	553.0	1260.0	-240.0
2025-07-10	2025-07-29	2	-285.0	268.0	1260.0	-240.0
2025-07-10	2025-07-30	2	-211.0	57.0	1260.0	-240.0
2025-07-10	2025-07-31	2	-554.0	-497.0	1260.0	-240.0
2025-07-11	2025-07-11	2	-148.0	-148.0	0.0	-1500.0
2025-07-11	2025-07-14	2	455.0	307.0	0.0	-1500.0
2025-07-11	2025-07-15	2	169.0	476.0	307.0	-1193.0
2025-07-11	2025-07-16	2	22.0	498.0	758.0	-742.0
2025-07-11	2025-07-17	2	-61.0	437.0	758.0	-742.0
2025-07-11	2025-07-18	2	242.0	679.0	758.0	-742.0
2025-07-11	2025-07-21	2	282.0	961.0	758.0	-742.0
2025-07-11	2025-07-22	2	-70.0	891.0	1066.0	-434.0
2025-07-11	2025-07-23	2	341.0	1232.0	1066.0	-434.0
2025-07-11	2025-07-24	2	-320.0	912.0	1232.0	-268.0
2025-07-11	2025-07-25	2	-290.0	622.0	1232.0	-268.0
2025-07-11	2025-07-28	2	-97.0	525.0	1232.0	-268.0
2025-07-11	2025-07-29	2	-285.0	240.0	1232.0	-268.0
2025-07-11	2025-07-30	2	-211.0	29.0	1232.0	-268.0
2025-07-11	2025-07-31	2	-554.0	-525.0	1232.0	-268.0
2025-07-14	2025-07-14	2	455.0	455.0	0.0	-1500.0
2025-07-14	2025-07-15	2	169.0	624.0	455.0	-1045.0
2025-07-14	2025-07-16	2	22.0	646.0	906.0	-594.0
2025-07-14	2025-07-17	2	-61.0	585.0	906.0	-594.0
2025-07-14	2025-07-18	2	242.0	827.0	906.0	-594.0
2025-07-14	2025-07-21	2	282.0	1109.0	906.0	-594.0
2025-07-14	2025-07-22	2	-70.0	1039.0	1214.0	-286.0
2025-07-14	2025-07-23	2	341.0	1380.0	1214.0	-286.0
2025-07-14	2025-07-24	2	-320.0	1060.0	1380.0	-120.0
2025-07-14	2025-07-25	2	-290.0	770.0	1380.0	-120.0
2025-07-14	2025-07-28	2	-97.0	673.0	1380.0	-120.0
2025-07-14	2025-07-29	2	-285.0	388.0	1380.0	-120.0
2025-07-14	2025-07-30	2	-211.0	177.0	1380.0	-120.0
2025-07-14	2025-07-31	2	-554.0	-377.0	1380.0	-120.0
2025-07-15	2025-07-15	2	169.0	169.0	0.0	-1500.0
2025-07-15	2025-07-16	2	22.0	191.0	451.0	-1049.0
2025-07-15	2025-07-17	2	-61.0	130.0	451.0	-1049.0
2025-07-15	2025-07-18	2	242.0	372.0	451.0	-1049.0
2025-07-15	2025-07-21	2	282.0	654.0	451.0	-1049.0
2025-07-15	2025-07-22	2	-70.0	584.0	759.0	-741.0
2025-07-15	2025-07-23	2	341.0	925.0	759.0	-741.0
2025-07-15	2025-07-24	2	-320.0	605.0	925.0	-575.0
2025-07-15	2025-07-25	2	-290.0	315.0	925.0	-575.0
2025-07-15	2025-07-28	2	-97.0	218.0	925.0	-575.0
2025-07-15	2025-07-29	2	-285.0	-67.0	925.0	-575.0
2025-07-15	2025-07-30	2	-211.0	-278.0	925.0	-575.0
2025-07-15	2025-07-31	2	-554.0	-832.0	925.0	-575.0
2025-07-16	2025-07-16	2	22.0	22.0	0.0	-1500.0
2025-07-16	2025-07-17	2	-61.0	-39.0	57.0	-1443.0
2025-07-16	2025-07-18	2	242.0	203.0	57.0	-1443.0
2025-07-16	2025-07-21	2	282.0	485.0	203.0	-1297.0
2025-07-16	2025-07-22	2	-70.0	415.0	590.0	-910.0
2025-07-16	2025-07-23	2	341.0	756.0	590.0	-910.0
2025-07-16	2025-07-24	2	-320.0	436.0	756.0	-744.0
2025-07-16	2025-07-25	2	-290.0	146.0	756.0	-744.0
2025-07-16	2025-07-28	2	-97.0	49.0	756.0	-744.0
2025-07-16	2025-07-29	2	-285.0	-236.0	756.0	-744.0
2025-07-16	2025-07-30	2	-211.0	-447.0	756.0	-744.0
2025-07-16	2025-07-31	2	-554.0	-1001.0	756.0	-744.0
2025-07-17	2025-07-17	2	-61.0	-61.0	0.0	-1500.0
2025-07-17	2025-07-18	2	242.0	181.0	25.0	-1475.0
2025-07-17	2025-07-21	2	282.0	463.0	181.0	-1319.0
2025-07-17	2025-07-22	2	-70.0	393.0	568.0	-932.0
2025-07-17	2025-07-23	2	341.0	734.0	568.0	-932.0
2025-07-17	2025-07-24	2	-320.0	414.0	734.0	-766.0
2025-07-17	2025-07-25	2	-290.0	124.0	734.0	-766.0
2025-07-17	2025-07-28	2	-97.0	27.0	734.0	-766.0
2025-07-17	2025-07-29	2	-285.0	-258.0	734.0	-766.0
2025-07-17	2025-07-30	2	-211.0	-469.0	734.0	-766.0
2025-07-17	2025-07-31	2	-554.0	-1023.0	734.0	-766.0
2025-07-18	2025-07-18	2	242.0	242.0	0.0	-1500.0
2025-07-18	2025-07-21	2	282.0	524.0	242.0	-1258.0
2025-07-18	2025-07-22	2	-70.0	454.0	629.0	-871.0
2025-07-18	2025-07-23	2	341.0	795.0	629.0	-871.0
2025-07-18	2025-07-24	2	-320.0	475.0	795.0	-705.0
2025-07-18	2025-07-25	2	-290.0	185.0	795.0	-705.0
2025-07-18	2025-07-28	2	-97.0	88.0	795.0	-705.0
2025-07-18	2025-07-29	2	-285.0	-197.0	795.0	-705.0
2025-07-18	2025-07-30	2	-211.0	-408.0	795.0	-705.0
2025-07-18	2025-07-31	2	-554.0	-962.0	795.0	-705.0
2025-07-21	2025-07-21	2	282.0	282.0	0.0	-1500.0
2025-07-21	2025-07-22	2	-70.0	212.0	387.0	-1113.0
2025-07-21	2025-07-23	2	341.0	553.0	387.0	-1113.0
2025-07-21	2025-07-24	2	-320.0	233.0	553.0	-947.0
2025-07-21	2025-07-25	2	-290.0	-57.0	553.0	-947.0
2025-07-21	2025-07-28	2	-97.0	-154.0	553.0	-947.0
2025-07-21	2025-07-29	2	-285.0	-439.0	553.0	-947.0
2025-07-21	2025-07-30	2	-211.0	-650.0	553.0	-947.0
2025-07-21	2025-07-31	2	-554.0	-1204.0	553.0	-947.0
2025-07-22	2025-07-22	2	-70.0	-70.0	0.0	-1500.0
2025-07-22	2025-07-23	2	341.0	271.0	37.0	-1463.0
2025-07-22	2025-07-24	2	-320.0	-49.0	271.0	-1229.0
2025-07-22	2025-07-25	2	-290.0	-339.0	271.0	-1229.0
2025-07-22	2025-07-28	2	-97.0	-436.0	271.0	-1229.0
2025-07-22	2025-07-29	2	-285.0	-721.0	271.0	-1229.0
2025-07-22	2025-07-30	2	-211.0	-932.0	271.0	-1229.0
2025-07-22	2025-07-31	2	-554.0	-1486.0	271.0	-1229.0
2025-07-23	2025-07-23	2	341.0	341.0	0.0	-1500.0
2025-07-23	2025-07-24	2	-320.0	21.0	341.0	-1159.0
2025-07-23	2025-07-25	2	-290.0	-269.0	341.0	-1159.0
2025-07-23	2025-07-28	2	-97.0	-366.0	341.0	-1159.0
2025-07-23	2025-07-29	2	-285.0	-651.0	341.0	-1159.0
2025-07-23	2025-07-30	2	-211.0	-862.0	341.0	-1159.0
2025-07-23	2025-07-31	2	-554.0	-1416.0	341.0	-1159.0
2025-07-24	2025-07-24	2	-320.0	-320.0	0.0	-1500.0
2025-07-24	2025-07-25	2	-290.0	-610.0	0.0	-1500.0
2025-07-24	2025-07-28	2	-97.0	-707.0	0.0	-1500.0
2025-07-24	2025-07-29	2	-285.0	-992.0	0.0	-1500.0
2025-07-24	2025-07-30	2	-211.0	-1203.0	0.0	-1500.0
2025-07-24	2025-07-31	2	-554.0	-1757.0	0.0	-1500.0
2025-07-25	2025-07-25	2	-290.0	-290.0	0.0	-1500.0
2025-07-25	2025-07-28	2	-97.0	-387.0	0.0	-1500.0
2025-07-25	2025-07-29	2	-285.0	-672.0	0.0	-1500.0
2025-07-25	2025-07-30	2	-211.0	-883.0	0.0	-1500.0
2025-07-25	2025-07-31	2	-554.0	-1437.0	0.0	-1500.0
2025-07-25	2025-08-01	2	-822.0	-2259.0	0.0	-1500.0
2025-07-28	2025-07-28	2	-97.0	-97.0	0.0	-1500.0
2025-07-28	2025-07-29	2	-285.0	-382.0	0.0	-1500.0
2025-07-28	2025-07-30	2	-211.0	-593.0	0.0	-1500.0
2025-07-28	2025-07-31	2	-554.0	-1147.0	0.0	-1500.0
2025-07-28	2025-08-01	2	-822.0	-1969.0	0.0	-1500.0
2025-07-29	2025-07-29	2	-285.0	-285.0	0.0	-1500.0
2025-07-29	2025-07-30	2	-211.0	-496.0	0.0	-1500.0
2025-07-29	2025-07-31	2	-554.0	-1050.0	0.0	-1500.0
2025-07-29	2025-08-01	2	-822.0	-1872.0	0.0	-1500.0
2025-07-30	2025-07-30	2	-211.0	-211.0	0.0	-1500.0
2025-07-30	2025-07-31	2	-554.0	-765.0	0.0	-1500.0
2025-07-30	2025-08-01	2	-822.0	-1587.0	0.0	-1500.0
2025-07-31	2025-07-31	2	-554.0	-554.0	0.0	-1500.0
2025-07-31	2025-08-01	2	-822.0	-1376.0	0.0	-1500.0
2025-07-31	2025-08-04	2	376.0	-1000.0	0.0	-1500.0
2025-07-31	2025-08-05	2	-129.0	-1129.0	0.0	-1500.0
2025-07-31	2025-08-06	2	627.0	-502.0	0.0	-1500.0
2025-07-31	2025-08-07	2	509.0	7.0	0.0	-1500.0
2025-07-31	2025-08-08	2	450.0	457.0	7.0	-1493.0
2025-07-31	2025-08-11	2	-228.0	229.0	457.0	-1043.0
2025-07-31	2025-08-12	2	533.0	762.0	457.0	-1043.0
2025-07-31	2025-08-13	2	401.0	1163.0	830.0	-670.0
2025-07-31	2025-08-14	2	-38.0	1125.0	1163.0	-337.0
2025-07-31	2025-08-15	2	-29.0	1096.0	1163.0	-337.0
2025-07-31	2025-08-18	2	-81.0	1015.0	1197.5	-302.5
2025-07-31	2025-08-19	2	-174.0	841.0	1197.5	-302.5
2025-07-31	2025-08-20	2	516.0	1357.0	1197.5	-302.5
2025-07-31	2025-08-21	2	-403.0	954.0	1357.0	-143.0
2025-07-31	2025-08-22	2	275.0	1229.0	1357.0	-143.0
2025-07-31	2025-08-26	2	129.0	1358.0	1357.0	-143.0
2025-07-31	2025-08-27	2	-282.0	1076.0	1358.0	-142.0
2025-07-31	2025-08-28	2	314.0	1390.0	1358.0	-142.0
2025-07-31	2025-08-29	2	-869.0	521.0	1428.5	-71.5
2025-07-31	2025-09-01	2	-48.0	473.0	1428.5	-71.5
2025-07-31	2025-09-02	2	492.0	965.0	1428.5	-71.5
2025-07-31	2025-09-03	2	-301.0	664.0	1428.5	-71.5
2025-07-31	2025-09-04	2	23.0	687.0	1428.5	-71.5
2025-07-31	2025-09-05	2	100.0	787.0	1428.5	-71.5
2025-07-31	2025-09-08	2	97.0	884.0	1428.5	-71.5
2025-07-31	2025-09-09	2	91.0	975.0	1428.5	-71.5
2025-07-31	2025-09-10	2	431.0	1406.0	1428.5	-71.5
2025-07-31	2025-09-11	2	975.0	2381.0	1428.5	-71.5
2025-08-01	2025-08-01	2	-822.0	-822.0	0.0	-1500.0
2025-08-01	2025-08-04	2	376.0	-446.0	0.0	-1500.0
2025-08-01	2025-08-05	2	-129.0	-575.0	0.0	-1500.0
2025-08-01	2025-08-06	2	627.0	52.0	0.0	-1500.0
2025-08-01	2025-08-07	2	509.0	561.0	104.0	-1396.0
2025-08-01	2025-08-08	2	450.0	1011.0	561.0	-939.0
2025-08-01	2025-08-11	2	-228.0	783.0	1011.0	-489.0
2025-08-01	2025-08-12	2	533.0	1316.0	1011.0	-489.0
2025-08-01	2025-08-13	2	401.0	1717.0	1384.0	-116.0
2025-08-04	2025-08-04	2	376.0	376.0	0.0	-1500.0
2025-08-04	2025-08-05	2	-129.0	247.0	420.0	-1080.0
2025-08-04	2025-08-06	2	627.0	874.0	441.0	-1059.0
2025-08-04	2025-08-07	2	509.0	1383.0	926.0	-574.0
2025-08-04	2025-08-08	2	450.0	1833.0	1383.0	-117.0
2025-08-05	2025-08-05	2	-129.0	-129.0	0.0	-1500.0
2025-08-05	2025-08-06	2	627.0	498.0	65.0	-1435.0
2025-08-05	2025-08-07	2	509.0	1007.0	550.0	-950.0
2025-08-05	2025-08-08	2	450.0	1457.0	1007.0	-493.0
2025-08-05	2025-08-11	2	-228.0	1229.0	1457.0	-43.0
2025-08-05	2025-08-12	2	533.0	1762.0	1457.0	-43.0
2025-08-06	2025-08-06	2	627.0	627.0	0.0	-1500.0
2025-08-06	2025-08-07	2	509.0	1136.0	679.0	-821.0
2025-08-06	2025-08-08	2	450.0	1586.0	1136.0	-364.0
2025-08-07	2025-08-07	2	509.0	509.0	0.0	-1500.0
2025-08-07	2025-08-08	2	450.0	959.0	509.0	-991.0
2025-08-07	2025-08-11	2	-228.0	731.0	959.0	-541.0
2025-08-07	2025-08-12	2	533.0	1264.0	959.0	-541.0
2025-08-07	2025-08-13	2	401.0	1665.0	1332.0	-168.0
2025-08-08	2025-08-08	2	450.0	450.0	0.0	-1500.0
2025-08-08	2025-08-11	2	-228.0	222.0	450.0	-1050.0
2025-08-08	2025-08-12	2	533.0	755.0	450.0	-1050.0
2025-08-08	2025-08-13	2	401.0	1156.0	823.0	-677.0
2025-08-08	2025-08-14	2	-38.0	1118.0	1156.0	-344.0
2025-08-08	2025-08-15	2	-29.0	1089.0	1156.0	-344.0
2025-08-08	2025-08-18	2	-81.0	1008.0	1190.5	-309.5
2025-08-08	2025-08-19	2	-174.0	834.0	1190.5	-309.5
2025-08-08	2025-08-20	2	516.0	1350.0	1190.5	-309.5
2025-08-08	2025-08-21	2	-403.0	947.0	1350.0	-150.0
2025-08-08	2025-08-22	2	275.0	1222.0	1350.0	-150.0
2025-08-08	2025-08-26	2	129.0	1351.0	1350.0	-150.0
2025-08-08	2025-08-27	2	-282.0	1069.0	1351.0	-149.0
2025-08-08	2025-08-28	2	314.0	1383.0	1351.0	-149.0
2025-08-08	2025-08-29	2	-869.0	514.0	1421.5	-78.5
2025-08-08	2025-09-01	2	-48.0	466.0	1421.5	-78.5
2025-08-08	2025-09-02	2	492.0	958.0	1421.5	-78.5
2025-08-08	2025-09-03	2	-301.0	657.0	1421.5	-78.5
2025-08-08	2025-09-04	2	23.0	680.0	1421.5	-78.5
2025-08-08	2025-09-05	2	100.0	780.0	1421.5	-78.5
2025-08-08	2025-09-08	2	97.0	877.0	1421.5	-78.5
2025-08-08	2025-09-09	2	91.0	968.0	1421.5	-78.5
2025-08-08	2025-09-10	2	431.0	1399.0	1421.5	-78.5
2025-08-08	2025-09-11	2	975.0	2374.0	1421.5	-78.5
2025-08-11	2025-08-11	2	-228.0	-228.0	0.0	-1500.0
2025-08-11	2025-08-12	2	533.0	305.0	0.0	-1500.0
2025-08-11	2025-08-13	2	401.0	706.0	373.0	-1127.0
2025-08-11	2025-08-14	2	-38.0	668.0	706.0	-794.0
2025-08-11	2025-08-15	2	-29.0	639.0	706.0	-794.0
2025-08-11	2025-08-18	2	-81.0	558.0	740.5	-759.5
2025-08-11	2025-08-19	2	-174.0	384.0	740.5	-759.5
2025-08-11	2025-08-20	2	516.0	900.0	740.5	-759.5
2025-08-11	2025-08-21	2	-403.0	497.0	900.0	-600.0
2025-08-11	2025-08-22	2	275.0	772.0	900.0	-600.0
2025-08-11	2025-08-26	2	129.0	901.0	900.0	-600.0
2025-08-11	2025-08-27	2	-282.0	619.0	901.0	-599.0
2025-08-11	2025-08-28	2	314.0	933.0	901.0	-599.0
2025-08-11	2025-08-29	2	-869.0	64.0	971.5	-528.5
2025-08-11	2025-09-01	2	-48.0	16.0	971.5	-528.5
2025-08-11	2025-09-02	2	492.0	508.0	971.5	-528.5
2025-08-11	2025-09-03	2	-301.0	207.0	971.5	-528.5
2025-08-11	2025-09-04	2	23.0	230.0	971.5	-528.5
2025-08-11	2025-09-05	2	100.0	330.0	971.5	-528.5
2025-08-11	2025-09-08	2	97.0	427.0	971.5	-528.5
2025-08-11	2025-09-09	2	91.0	518.0	971.5	-528.5
2025-08-11	2025-09-10	2	431.0	949.0	971.5	-528.5
2025-08-11	2025-09-11	2	975.0	1924.0	971.5	-528.5
2025-08-12	2025-08-12	2	533.0	533.0	0.0	-1500.0
2025-08-12	2025-08-13	2	401.0	934.0	601.0	-899.0
2025-08-12	2025-08-14	2	-38.0	896.0	934.0	-566.0
2025-08-12	2025-08-15	2	-29.0	867.0	934.0	-566.0
2025-08-12	2025-08-18	2	-81.0	786.0	968.5	-531.5
2025-08-12	2025-08-19	2	-174.0	612.0	968.5	-531.5
2025-08-12	2025-08-20	2	516.0	1128.0	968.5	-531.5
2025-08-12	2025-08-21	2	-403.0	725.0	1128.0	-372.0
2025-08-12	2025-08-22	2	275.0	1000.0	1128.0	-372.0
2025-08-12	2025-08-26	2	129.0	1129.0	1128.0	-372.0
2025-08-12	2025-08-27	2	-282.0	847.0	1129.0	-371.0
2025-08-12	2025-08-28	2	314.0	1161.0	1129.0	-371.0
2025-08-12	2025-08-29	2	-869.0	292.0	1199.5	-300.5
2025-08-12	2025-09-01	2	-48.0	244.0	1199.5	-300.5
2025-08-12	2025-09-02	2	492.0	736.0	1199.5	-300.5
2025-08-12	2025-09-03	2	-301.0	435.0	1199.5	-300.5
2025-08-12	2025-09-04	2	23.0	458.0	1199.5	-300.5
2025-08-12	2025-09-05	2	100.0	558.0	1199.5	-300.5
2025-08-12	2025-09-08	2	97.0	655.0	1199.5	-300.5
2025-08-12	2025-09-09	2	91.0	746.0	1199.5	-300.5
2025-08-12	2025-09-10	2	431.0	1177.0	1199.5	-300.5
2025-08-12	2025-09-11	2	975.0	2152.0	1199.5	-300.5
2025-08-13	2025-08-13	2	401.0	401.0	0.0	-1500.0
2025-08-13	2025-08-14	2	-38.0	363.0	401.0	-1099.0
2025-08-13	2025-08-15	2	-29.0	334.0	401.0	-1099.0
2025-08-13	2025-08-18	2	-81.0	253.0	435.5	-1064.5
2025-08-13	2025-08-19	2	-174.0	79.0	435.5	-1064.5
2025-08-13	2025-08-20	2	516.0	595.0	435.5	-1064.5
2025-08-13	2025-08-21	2	-403.0	192.0	595.0	-905.0
2025-08-13	2025-08-22	2	275.0	467.0	595.0	-905.0
2025-08-13	2025-08-26	2	129.0	596.0	595.0	-905.0
2025-08-13	2025-08-27	2	-282.0	314.0	596.0	-904.0
2025-08-13	2025-08-28	2	314.0	628.0	596.0	-904.0
2025-08-13	2025-08-29	2	-869.0	-241.0	666.5	-833.5
2025-08-13	2025-09-01	2	-48.0	-289.0	666.5	-833.5
2025-08-13	2025-09-02	2	492.0	203.0	666.5	-833.5
2025-08-13	2025-09-03	2	-301.0	-98.0	666.5	-833.5
2025-08-13	2025-09-04	2	23.0	-75.0	666.5	-833.5
2025-08-13	2025-09-05	2	100.0	25.0	666.5	-833.5
2025-08-13	2025-09-08	2	97.0	122.0	666.5	-833.5
2025-08-13	2025-09-09	2	91.0	213.0	666.5	-833.5
2025-08-13	2025-09-10	2	431.0	644.0	666.5	-833.5
2025-08-13	2025-09-11	2	975.0	1619.0	666.5	-833.5
2025-08-14	2025-08-14	2	-38.0	-38.0	0.0	-1500.0
2025-08-14	2025-08-15	2	-29.0	-67.0	0.0	-1500.0
2025-08-14	2025-08-18	2	-81.0	-148.0	34.5	-1465.5
2025-08-14	2025-08-19	2	-174.0	-322.0	34.5	-1465.5
2025-08-14	2025-08-20	2	516.0	194.0	34.5	-1465.5
2025-08-14	2025-08-21	2	-403.0	-209.0	194.0	-1306.0
2025-08-14	2025-08-22	2	275.0	66.0	194.0	-1306.0
2025-08-14	2025-08-26	2	129.0	195.0	194.0	-1306.0
2025-08-14	2025-08-27	2	-282.0	-87.0	195.0	-1305.0
2025-08-14	2025-08-28	2	314.0	227.0	195.0	-1305.0
2025-08-14	2025-08-29	2	-869.0	-642.0	265.5	-1234.5
2025-08-14	2025-09-01	2	-48.0	-690.0	265.5	-1234.5
2025-08-14	2025-09-02	2	492.0	-198.0	265.5	-1234.5
2025-08-14	2025-09-03	2	-301.0	-499.0	265.5	-1234.5
2025-08-14	2025-09-04	2	23.0	-476.0	265.5	-1234.5
2025-08-14	2025-09-05	2	100.0	-376.0	265.5	-1234.5
2025-08-14	2025-09-08	2	97.0	-279.0	265.5	-1234.5
2025-08-14	2025-09-09	2	91.0	-188.0	265.5	-1234.5
2025-08-14	2025-09-10	2	431.0	243.0	265.5	-1234.5
2025-08-14	2025-09-11	2	975.0	1218.0	265.5	-1234.5
2025-08-14	2025-09-12	2	120.0	1338.0	1269.5	-230.5
2025-08-14	2025-09-15	2	287.0	1625.0	1338.0	-162.0
2025-08-15	2025-08-15	2	-29.0	-29.0	0.0	-1500.0
2025-08-15	2025-08-18	2	-81.0	-110.0	72.5	-1427.5
2025-08-15	2025-08-19	2	-174.0	-284.0	72.5	-1427.5
2025-08-15	2025-08-20	2	516.0	232.0	72.5	-1427.5
2025-08-15	2025-08-21	2	-403.0	-171.0	232.0	-1268.0
2025-08-15	2025-08-22	2	275.0	104.0	232.0	-1268.0
2025-08-15	2025-08-26	2	129.0	233.0	232.0	-1268.0
2025-08-15	2025-08-27	2	-282.0	-49.0	233.0	-1267.0
2025-08-15	2025-08-28	2	314.0	265.0	233.0	-1267.0
2025-08-15	2025-08-29	2	-869.0	-604.0	303.5	-1196.5
2025-08-15	2025-09-01	2	-48.0	-652.0	303.5	-1196.5
2025-08-15	2025-09-02	2	492.0	-160.0	303.5	-1196.5
2025-08-15	2025-09-03	2	-301.0	-461.0	303.5	-1196.5
2025-08-15	2025-09-04	2	23.0	-438.0	303.5	-1196.5
2025-08-15	2025-09-05	2	100.0	-338.0	303.5	-1196.5
2025-08-15	2025-09-08	2	97.0	-241.0	303.5	-1196.5
2025-08-15	2025-09-09	2	91.0	-150.0	303.5	-1196.5
2025-08-15	2025-09-10	2	431.0	281.0	303.5	-1196.5
2025-08-15	2025-09-11	2	975.0	1256.0	303.5	-1196.5
2025-08-15	2025-09-12	2	120.0	1376.0	1307.5	-192.5
2025-08-15	2025-09-15	2	287.0	1663.0	1376.0	-124.0
2025-08-18	2025-08-18	2	-81.0	-81.0	0.0	-1500.0
2025-08-18	2025-08-19	2	-174.0	-255.0	1.0	-1499.0
2025-08-18	2025-08-20	2	516.0	261.0	1.0	-1499.0
2025-08-18	2025-08-21	2	-403.0	-142.0	261.0	-1239.0
2025-08-18	2025-08-22	2	275.0	133.0	261.0	-1239.0
2025-08-18	2025-08-26	2	129.0	262.0	261.0	-1239.0
2025-08-18	2025-08-27	2	-282.0	-20.0	262.0	-1238.0
2025-08-18	2025-08-28	2	314.0	294.0	262.0	-1238.0
2025-08-18	2025-08-29	2	-869.0	-575.0	332.5	-1167.5
2025-08-18	2025-09-01	2	-48.0	-623.0	332.5	-1167.5
2025-08-18	2025-09-02	2	492.0	-131.0	332.5	-1167.5
2025-08-18	2025-09-03	2	-301.0	-432.0	332.5	-1167.5
2025-08-18	2025-09-04	2	23.0	-409.0	332.5	-1167.5
2025-08-18	2025-09-05	2	100.0	-309.0	332.5	-1167.5
2025-08-18	2025-09-08	2	97.0	-212.0	332.5	-1167.5
2025-08-18	2025-09-09	2	91.0	-121.0	332.5	-1167.5
2025-08-18	2025-09-10	2	431.0	310.0	332.5	-1167.5
2025-08-18	2025-09-11	2	975.0	1285.0	332.5	-1167.5
2025-08-18	2025-09-12	2	120.0	1405.0	1336.5	-163.5
2025-08-18	2025-09-15	2	287.0	1692.0	1405.0	-95.0
2025-08-19	2025-08-19	2	-174.0	-174.0	0.0	-1500.0
2025-08-19	2025-08-20	2	516.0	342.0	0.0	-1500.0
2025-08-19	2025-08-21	2	-403.0	-61.0	342.0	-1158.0
2025-08-19	2025-08-22	2	275.0	214.0	342.0	-1158.0
2025-08-19	2025-08-26	2	129.0	343.0	342.0	-1158.0
2025-08-19	2025-08-27	2	-282.0	61.0	343.0	-1157.0
2025-08-19	2025-08-28	2	314.0	375.0	343.0	-1157.0
2025-08-19	2025-08-29	2	-869.0	-494.0	413.5	-1086.5
2025-08-19	2025-09-01	2	-48.0	-542.0	413.5	-1086.5
2025-08-19	2025-09-02	2	492.0	-50.0	413.5	-1086.5
2025-08-19	2025-09-03	2	-301.0	-351.0	413.5	-1086.5
2025-08-19	2025-09-04	2	23.0	-328.0	413.5	-1086.5
2025-08-19	2025-09-05	2	100.0	-228.0	413.5	-1086.5
2025-08-19	2025-09-08	2	97.0	-131.0	413.5	-1086.5
2025-08-19	2025-09-09	2	91.0	-40.0	413.5	-1086.5
2025-08-19	2025-09-10	2	431.0	391.0	413.5	-1086.5
2025-08-19	2025-09-11	2	975.0	1366.0	413.5	-1086.5
2025-08-19	2025-09-12	2	120.0	1486.0	1417.5	-82.5
2025-08-19	2025-09-15	2	287.0	1773.0	1486.0	-14.0
2025-08-20	2025-08-20	2	516.0	516.0	0.0	-1500.0
2025-08-20	2025-08-21	2	-403.0	113.0	516.0	-984.0
2025-08-20	2025-08-22	2	275.0	388.0	516.0	-984.0
2025-08-20	2025-08-26	2	129.0	517.0	516.0	-984.0
2025-08-20	2025-08-27	2	-282.0	235.0	517.0	-983.0
2025-08-20	2025-08-28	2	314.0	549.0	517.0	-983.0
2025-08-20	2025-08-29	2	-869.0	-320.0	587.5	-912.5
2025-08-20	2025-09-01	2	-48.0	-368.0	587.5	-912.5
2025-08-20	2025-09-02	2	492.0	124.0	587.5	-912.5
2025-08-20	2025-09-03	2	-301.0	-177.0	587.5	-912.5
2025-08-20	2025-09-04	2	23.0	-154.0	587.5	-912.5
2025-08-20	2025-09-05	2	100.0	-54.0	587.5	-912.5
2025-08-20	2025-09-08	2	97.0	43.0	587.5	-912.5
2025-08-20	2025-09-09	2	91.0	134.0	587.5	-912.5
2025-08-20	2025-09-10	2	431.0	565.0	587.5	-912.5
2025-08-20	2025-09-11	2	975.0	1540.0	587.5	-912.5
2025-08-21	2025-08-21	2	-403.0	-403.0	0.0	-1500.0
2025-08-21	2025-08-22	2	275.0	-128.0	0.0	-1500.0
2025-08-21	2025-08-26	2	129.0	1.0	0.0	-1500.0
2025-08-21	2025-08-27	2	-282.0	-281.0	1.0	-1499.0
2025-08-21	2025-08-28	2	314.0	33.0	1.0	-1499.0
2025-08-21	2025-08-29	2	-869.0	-836.0	71.5	-1428.5
2025-08-21	2025-09-01	2	-48.0	-884.0	71.5	-1428.5
2025-08-21	2025-09-02	2	492.0	-392.0	71.5	-1428.5
2025-08-21	2025-09-03	2	-301.0	-693.0	71.5	-1428.5
2025-08-21	2025-09-04	2	23.0	-670.0	71.5	-1428.5
2025-08-21	2025-09-05	2	100.0	-570.0	71.5	-1428.5
2025-08-21	2025-09-08	2	97.0	-473.0	71.5	-1428.5
2025-08-21	2025-09-09	2	91.0	-382.0	71.5	-1428.5
2025-08-21	2025-09-10	2	431.0	49.0	71.5	-1428.5
2025-08-21	2025-09-11	2	975.0	1024.0	71.5	-1428.5
2025-08-21	2025-09-12	2	120.0	1144.0	1075.5	-424.5
2025-08-21	2025-09-15	2	287.0	1431.0	1144.0	-356.0
2025-08-21	2025-09-16	2	-134.0	1297.0	1431.0	-69.0
2025-08-21	2025-09-17	2	-547.0	750.0	1431.0	-69.0
2025-08-21	2025-09-18	2	105.0	855.0	1431.0	-69.0
2025-08-21	2025-09-19	2	195.0	1050.0	1431.0	-69.0
2025-08-21	2025-09-22	2	312.0	1362.0	1431.0	-69.0
2025-08-21	2025-09-23	2	-289.0	1073.0	1431.0	-69.0
2025-08-21	2025-09-24	2	24.0	1097.0	1431.0	-69.0
2025-08-21	2025-09-25	2	-317.0	780.0	1431.0	-69.0
2025-08-21	2025-09-26	2	356.0	1136.0	1431.0	-69.0
2025-08-21	2025-09-29	2	19.0	1155.0	1431.0	-69.0
2025-08-21	2025-09-30	2	-272.0	883.0	1431.0	-69.0
2025-08-21	2025-10-01	2	395.0	1278.0	1431.0	-69.0
2025-08-21	2025-10-02	2	568.0	1846.0	1431.0	-69.0
2025-08-22	2025-08-22	2	275.0	275.0	0.0	-1500.0
2025-08-22	2025-08-26	2	129.0	404.0	275.0	-1225.0
2025-08-22	2025-08-27	2	-282.0	122.0	404.0	-1096.0
2025-08-22	2025-08-28	2	314.0	436.0	404.0	-1096.0
2025-08-22	2025-08-29	2	-869.0	-433.0	474.5	-1025.5
2025-08-22	2025-09-01	2	-48.0	-481.0	474.5	-1025.5
2025-08-22	2025-09-02	2	492.0	11.0	474.5	-1025.5
2025-08-22	2025-09-03	2	-301.0	-290.0	474.5	-1025.5
2025-08-22	2025-09-04	2	23.0	-267.0	474.5	-1025.5
2025-08-22	2025-09-05	2	100.0	-167.0	474.5	-1025.5
2025-08-22	2025-09-08	2	97.0	-70.0	474.5	-1025.5
2025-08-22	2025-09-09	2	91.0	21.0	474.5	-1025.5
2025-08-22	2025-09-10	2	431.0	452.0	474.5	-1025.5
2025-08-22	2025-09-11	2	975.0	1427.0	474.5	-1025.5
2025-08-22	2025-09-12	2	120.0	1547.0	1478.5	-21.5
2025-08-26	2025-08-26	2	129.0	129.0	0.0	-1500.0
2025-08-26	2025-08-27	2	-282.0	-153.0	129.0	-1371.0
2025-08-26	2025-08-28	2	314.0	161.0	129.0	-1371.0
2025-08-26	2025-08-29	2	-869.0	-708.0	199.5	-1300.5
2025-08-26	2025-09-01	2	-48.0	-756.0	199.5	-1300.5
2025-08-26	2025-09-02	2	492.0	-264.0	199.5	-1300.5
2025-08-26	2025-09-03	2	-301.0	-565.0	199.5	-1300.5
2025-08-26	2025-09-04	2	23.0	-542.0	199.5	-1300.5
2025-08-26	2025-09-05	2	100.0	-442.0	199.5	-1300.5
2025-08-26	2025-09-08	2	97.0	-345.0	199.5	-1300.5
2025-08-26	2025-09-09	2	91.0	-254.0	199.5	-1300.5
2025-08-26	2025-09-10	2	431.0	177.0	199.5	-1300.5
2025-08-26	2025-09-11	2	975.0	1152.0	199.5	-1300.5
2025-08-26	2025-09-12	2	120.0	1272.0	1203.5	-296.5
2025-08-26	2025-09-15	2	287.0	1559.0	1272.0	-228.0
2025-08-27	2025-08-27	2	-282.0	-282.0	0.0	-1500.0
2025-08-27	2025-08-28	2	314.0	32.0	0.0	-1500.0
2025-08-27	2025-08-29	2	-869.0	-837.0	70.5	-1429.5
2025-08-27	2025-09-01	2	-48.0	-885.0	70.5	-1429.5
2025-08-27	2025-09-02	2	492.0	-393.0	70.5	-1429.5
2025-08-27	2025-09-03	2	-301.0	-694.0	70.5	-1429.5
2025-08-27	2025-09-04	2	23.0	-671.0	70.5	-1429.5
2025-08-27	2025-09-05	2	100.0	-571.0	70.5	-1429.5
2025-08-27	2025-09-08	2	97.0	-474.0	70.5	-1429.5
2025-08-27	2025-09-09	2	91.0	-383.0	70.5	-1429.5
2025-08-27	2025-09-10	2	431.0	48.0	70.5	-1429.5
2025-08-27	2025-09-11	2	975.0	1023.0	70.5	-1429.5
2025-08-27	2025-09-12	2	120.0	1143.0	1074.5	-425.5
2025-08-27	2025-09-15	2	287.0	1430.0	1143.0	-357.0
2025-08-27	2025-09-16	2	-134.0	1296.0	1430.0	-70.0
2025-08-27	2025-09-17	2	-547.0	749.0	1430.0	-70.0
2025-08-27	2025-09-18	2	105.0	854.0	1430.0	-70.0
2025-08-27	2025-09-19	2	195.0	1049.0	1430.0	-70.0
2025-08-27	2025-09-22	2	312.0	1361.0	1430.0	-70.0
2025-08-27	2025-09-23	2	-289.0	1072.0	1430.0	-70.0
2025-08-27	2025-09-24	2	24.0	1096.0	1430.0	-70.0
2025-08-27	2025-09-25	2	-317.0	779.0	1430.0	-70.0
2025-08-27	2025-09-26	2	356.0	1135.0	1430.0	-70.0
2025-08-27	2025-09-29	2	19.0	1154.0	1430.0	-70.0
2025-08-27	2025-09-30	2	-272.0	882.0	1430.0	-70.0
2025-08-27	2025-10-01	2	395.0	1277.0	1430.0	-70.0
2025-08-27	2025-10-02	2	568.0	1845.0	1430.0	-70.0
2025-08-28	2025-08-28	2	314.0	314.0	0.0	-1500.0
2025-08-28	2025-08-29	2	-869.0	-555.0	352.5	-1147.5
2025-08-28	2025-09-01	2	-48.0	-603.0	352.5	-1147.5
2025-08-28	2025-09-02	2	492.0	-111.0	352.5	-1147.5
2025-08-28	2025-09-03	2	-301.0	-412.0	352.5	-1147.5
2025-08-28	2025-09-04	2	23.0	-389.0	352.5	-1147.5
2025-08-28	2025-09-05	2	100.0	-289.0	352.5	-1147.5
2025-08-28	2025-09-08	2	97.0	-192.0	352.5	-1147.5
2025-08-28	2025-09-09	2	91.0	-101.0	352.5	-1147.5
2025-08-28	2025-09-10	2	431.0	330.0	352.5	-1147.5
2025-08-28	2025-09-11	2	975.0	1305.0	352.5	-1147.5
2025-08-28	2025-09-12	2	120.0	1425.0	1356.5	-143.5
2025-08-28	2025-09-15	2	287.0	1712.0	1425.0	-75.0
2025-08-29	2025-08-29	2	-869.0	-869.0	0.0	-1500.0
2025-08-29	2025-09-01	2	-48.0	-917.0	0.0	-1500.0
2025-08-29	2025-09-02	2	492.0	-425.0	0.0	-1500.0
2025-08-29	2025-09-03	2	-301.0	-726.0	0.0	-1500.0
2025-08-29	2025-09-04	2	23.0	-703.0	0.0	-1500.0
2025-08-29	2025-09-05	2	100.0	-603.0	0.0	-1500.0
2025-08-29	2025-09-08	2	97.0	-506.0	0.0	-1500.0
2025-08-29	2025-09-09	2	91.0	-415.0	0.0	-1500.0
2025-08-29	2025-09-10	2	431.0	16.0	0.0	-1500.0
2025-08-29	2025-09-11	2	975.0	991.0	16.0	-1484.0
2025-08-29	2025-09-12	2	120.0	1111.0	1042.5	-457.5
2025-08-29	2025-09-15	2	287.0	1398.0	1111.0	-389.0
2025-08-29	2025-09-16	2	-134.0	1264.0	1398.0	-102.0
2025-08-29	2025-09-17	2	-547.0	717.0	1398.0	-102.0
2025-08-29	2025-09-18	2	105.0	822.0	1398.0	-102.0
2025-08-29	2025-09-19	2	195.0	1017.0	1398.0	-102.0
2025-08-29	2025-09-22	2	312.0	1329.0	1398.0	-102.0
2025-08-29	2025-09-23	2	-289.0	1040.0	1398.0	-102.0
2025-08-29	2025-09-24	2	24.0	1064.0	1398.0	-102.0
2025-08-29	2025-09-25	2	-317.0	747.0	1398.0	-102.0
2025-08-29	2025-09-26	2	356.0	1103.0	1398.0	-102.0
2025-08-29	2025-09-29	2	19.0	1122.0	1398.0	-102.0
2025-08-29	2025-09-30	2	-272.0	850.0	1398.0	-102.0
2025-08-29	2025-10-01	2	395.0	1245.0	1398.0	-102.0
2025-08-29	2025-10-02	2	568.0	1813.0	1398.0	-102.0
2025-09-01	2025-09-01	2	-48.0	-48.0	0.0	-1500.0
2025-09-01	2025-09-02	2	492.0	444.0	0.0	-1500.0
2025-09-01	2025-09-03	2	-301.0	143.0	444.0	-1056.0
2025-09-01	2025-09-04	2	23.0	166.0	444.0	-1056.0
2025-09-01	2025-09-05	2	100.0	266.0	444.0	-1056.0
2025-09-01	2025-09-08	2	97.0	363.0	444.0	-1056.0
2025-09-01	2025-09-09	2	91.0	454.0	449.0	-1051.0
2025-09-01	2025-09-10	2	431.0	885.0	490.5	-1009.5
2025-09-01	2025-09-11	2	975.0	1860.0	885.0	-615.0
2025-09-02	2025-09-02	2	492.0	492.0	0.0	-1500.0
2025-09-02	2025-09-03	2	-301.0	191.0	492.0	-1008.0
2025-09-02	2025-09-04	2	23.0	214.0	492.0	-1008.0
2025-09-02	2025-09-05	2	100.0	314.0	492.0	-1008.0
2025-09-02	2025-09-08	2	97.0	411.0	492.0	-1008.0
2025-09-02	2025-09-09	2	91.0	502.0	497.0	-1003.0
2025-09-02	2025-09-10	2	431.0	933.0	538.5	-961.5
2025-09-02	2025-09-11	2	975.0	1908.0	933.0	-567.0
2025-09-03	2025-09-03	2	-301.0	-301.0	0.0	-1500.0
2025-09-03	2025-09-04	2	23.0	-278.0	0.0	-1500.0
2025-09-03	2025-09-05	2	100.0	-178.0	0.0	-1500.0
2025-09-03	2025-09-08	2	97.0	-81.0	0.0	-1500.0
2025-09-03	2025-09-09	2	91.0	10.0	5.0	-1495.0
2025-09-03	2025-09-10	2	431.0	441.0	46.5	-1453.5
2025-09-03	2025-09-11	2	975.0	1416.0	441.0	-1059.0
2025-09-03	2025-09-12	2	120.0	1536.0	1467.5	-32.5
2025-09-04	2025-09-04	2	23.0	23.0	0.0	-1500.0
2025-09-04	2025-09-05	2	100.0	123.0	85.0	-1415.0
2025-09-04	2025-09-08	2	97.0	220.0	137.0	-1363.0
2025-09-04	2025-09-09	2	91.0	311.0	306.0	-1194.0
2025-09-04	2025-09-10	2	431.0	742.0	347.5	-1152.5
2025-09-04	2025-09-11	2	975.0	1717.0	742.0	-758.0
2025-09-05	2025-09-05	2	100.0	100.0	0.0	-1500.0
2025-09-05	2025-09-08	2	97.0	197.0	114.0	-1386.0
2025-09-05	2025-09-09	2	91.0	288.0	283.0	-1217.0
2025-09-05	2025-09-10	2	431.0	719.0	324.5	-1175.5
2025-09-05	2025-09-11	2	975.0	1694.0	719.0	-781.0
2025-09-08	2025-09-08	2	97.0	97.0	0.0	-1500.0
2025-09-08	2025-09-09	2	91.0	188.0	183.0	-1317.0
2025-09-08	2025-09-10	2	431.0	619.0	224.5	-1275.5
2025-09-08	2025-09-11	2	975.0	1594.0	619.0	-881.0
2025-09-09	2025-09-09	2	91.0	91.0	0.0	-1500.0
2025-09-09	2025-09-10	2	431.0	522.0	127.5	-1372.5
2025-09-09	2025-09-11	2	975.0	1497.0	522.0	-978.0
2025-09-09	2025-09-12	2	120.0	1617.0	1548.5	48.5
2025-09-10	2025-09-10	2	431.0	431.0	0.0	-1500.0
2025-09-10	2025-09-11	2	975.0	1406.0	431.0	-1069.0
2025-09-10	2025-09-12	2	120.0	1526.0	1457.5	-42.5
2025-09-11	2025-09-11	2	975.0	975.0	0.0	-1500.0
2025-09-11	2025-09-12	2	120.0	1095.0	1026.5	-473.5
2025-09-11	2025-09-15	2	287.0	1382.0	1095.0	-405.0
2025-09-11	2025-09-16	2	-134.0	1248.0	1382.0	-118.0
2025-09-11	2025-09-17	2	-547.0	701.0	1382.0	-118.0
2025-09-11	2025-09-18	2	105.0	806.0	1382.0	-118.0
2025-09-11	2025-09-19	2	195.0	1001.0	1382.0	-118.0
2025-09-11	2025-09-22	2	312.0	1313.0	1382.0	-118.0
2025-09-11	2025-09-23	2	-289.0	1024.0	1382.0	-118.0
2025-09-11	2025-09-24	2	24.0	1048.0	1382.0	-118.0
2025-09-11	2025-09-25	2	-317.0	731.0	1382.0	-118.0
2025-09-11	2025-09-26	2	356.0	1087.0	1382.0	-118.0
2025-09-11	2025-09-29	2	19.0	1106.0	1382.0	-118.0
2025-09-11	2025-09-30	2	-272.0	834.0	1382.0	-118.0
2025-09-11	2025-10-01	2	395.0	1229.0	1382.0	-118.0
2025-09-11	2025-10-02	2	568.0	1797.0	1382.0	-118.0
2025-09-12	2025-09-12	2	120.0	120.0	0.0	-1500.0
2025-09-12	2025-09-15	2	287.0	407.0	120.0	-1380.0
2025-09-12	2025-09-16	2	-134.0	273.0	407.0	-1093.0
2025-09-12	2025-09-17	2	-547.0	-274.0	407.0	-1093.0
2025-09-12	2025-09-18	2	105.0	-169.0	407.0	-1093.0
2025-09-12	2025-09-19	2	195.0	26.0	407.0	-1093.0
2025-09-12	2025-09-22	2	312.0	338.0	407.0	-1093.0
2025-09-12	2025-09-23	2	-289.0	49.0	407.0	-1093.0
2025-09-12	2025-09-24	2	24.0	73.0	407.0	-1093.0
2025-09-12	2025-09-25	2	-317.0	-244.0	407.0	-1093.0
2025-09-12	2025-09-26	2	356.0	112.0	407.0	-1093.0
2025-09-12	2025-09-29	2	19.0	131.0	407.0	-1093.0
2025-09-12	2025-09-30	2	-272.0	-141.0	407.0	-1093.0
2025-09-12	2025-10-01	2	395.0	254.0	407.0	-1093.0
2025-09-12	2025-10-02	2	568.0	822.0	407.0	-1093.0
2025-09-12	2025-10-03	2	-245.0	577.0	822.0	-678.0
2025-09-12	2025-10-06	2	363.0	940.0	825.0	-675.0
2025-09-12	2025-10-07	2	184.0	1124.0	940.0	-560.0
2025-09-12	2025-10-08	2	765.0	1889.0	1194.0	-306.0
2025-09-15	2025-09-15	2	287.0	287.0	0.0	-1500.0
2025-09-15	2025-09-16	2	-134.0	153.0	287.0	-1213.0
2025-09-15	2025-09-17	2	-547.0	-394.0	287.0	-1213.0
2025-09-15	2025-09-18	2	105.0	-289.0	287.0	-1213.0
2025-09-15	2025-09-19	2	195.0	-94.0	287.0	-1213.0
2025-09-15	2025-09-22	2	312.0	218.0	287.0	-1213.0
2025-09-15	2025-09-23	2	-289.0	-71.0	287.0	-1213.0
2025-09-15	2025-09-24	2	24.0	-47.0	287.0	-1213.0
2025-09-15	2025-09-25	2	-317.0	-364.0	287.0	-1213.0
2025-09-15	2025-09-26	2	356.0	-8.0	287.0	-1213.0
2025-09-15	2025-09-29	2	19.0	11.0	287.0	-1213.0
2025-09-15	2025-09-30	2	-272.0	-261.0	287.0	-1213.0
2025-09-15	2025-10-01	2	395.0	134.0	287.0	-1213.0
2025-09-15	2025-10-02	2	568.0	702.0	287.0	-1213.0
2025-09-15	2025-10-03	2	-245.0	457.0	702.0	-798.0
2025-09-15	2025-10-06	2	363.0	820.0	705.0	-795.0
2025-09-15	2025-10-07	2	184.0	1004.0	820.0	-680.0
2025-09-15	2025-10-08	2	765.0	1769.0	1074.0	-426.0
2025-09-16	2025-09-16	2	-134.0	-134.0	0.0	-1500.0
2025-09-16	2025-09-17	2	-547.0	-681.0	0.0	-1500.0
2025-09-16	2025-09-18	2	105.0	-576.0	0.0	-1500.0
2025-09-16	2025-09-19	2	195.0	-381.0	0.0	-1500.0
2025-09-16	2025-09-22	2	312.0	-69.0	0.0	-1500.0
2025-09-16	2025-09-23	2	-289.0	-358.0	0.0	-1500.0
2025-09-16	2025-09-24	2	24.0	-334.0	0.0	-1500.0
2025-09-16	2025-09-25	2	-317.0	-651.0	0.0	-1500.0
2025-09-16	2025-09-26	2	356.0	-295.0	0.0	-1500.0
2025-09-16	2025-09-29	2	19.0	-276.0	0.0	-1500.0
2025-09-16	2025-09-30	2	-272.0	-548.0	0.0	-1500.0
2025-09-16	2025-10-01	2	395.0	-153.0	0.0	-1500.0
2025-09-16	2025-10-02	2	568.0	415.0	0.0	-1500.0
2025-09-16	2025-10-03	2	-245.0	170.0	415.0	-1085.0
2025-09-16	2025-10-06	2	363.0	533.0	418.0	-1082.0
2025-09-16	2025-10-07	2	184.0	717.0	533.0	-967.0
2025-09-16	2025-10-08	2	765.0	1482.0	787.0	-713.0
2025-09-16	2025-10-09	2	-217.0	1265.0	1482.0	-18.0
2025-09-16	2025-10-10	2	60.0	1325.0	1482.0	-18.0
2025-09-17	2025-09-17	2	-547.0	-547.0	0.0	-1500.0
2025-09-17	2025-09-18	2	105.0	-442.0	0.0	-1500.0
2025-09-17	2025-09-19	2	195.0	-247.0	0.0	-1500.0
2025-09-17	2025-09-22	2	312.0	65.0	0.0	-1500.0
2025-09-17	2025-09-23	2	-289.0	-224.0	65.0	-1435.0
2025-09-17	2025-09-24	2	24.0	-200.0	65.0	-1435.0
2025-09-17	2025-09-25	2	-317.0	-517.0	65.0	-1435.0
2025-09-17	2025-09-26	2	356.0	-161.0	65.0	-1435.0
2025-09-17	2025-09-29	2	19.0	-142.0	65.0	-1435.0
2025-09-17	2025-09-30	2	-272.0	-414.0	65.0	-1435.0
2025-09-17	2025-10-01	2	395.0	-19.0	65.0	-1435.0
2025-09-17	2025-10-02	2	568.0	549.0	65.0	-1435.0
2025-09-17	2025-10-03	2	-245.0	304.0	549.0	-951.0
2025-09-17	2025-10-06	2	363.0	667.0	552.0	-948.0
2025-09-17	2025-10-07	2	184.0	851.0	667.0	-833.0
2025-09-17	2025-10-08	2	765.0	1616.0	921.0	-579.0
2025-09-18	2025-09-18	2	105.0	105.0	0.0	-1500.0
2025-09-18	2025-09-19	2	195.0	300.0	346.5	-1153.5
2025-09-18	2025-09-22	2	312.0	612.0	346.5	-1153.5
2025-09-18	2025-09-23	2	-289.0	323.0	612.0	-888.0
2025-09-18	2025-09-24	2	24.0	347.0	612.0	-888.0
2025-09-18	2025-09-25	2	-317.0	30.0	612.0	-888.0
2025-09-18	2025-09-26	2	356.0	386.0	612.0	-888.0
2025-09-18	2025-09-29	2	19.0	405.0	612.0	-888.0
2025-09-18	2025-09-30	2	-272.0	133.0	612.0	-888.0
2025-09-18	2025-10-01	2	395.0	528.0	612.0	-888.0
2025-09-18	2025-10-02	2	568.0	1096.0	612.0	-888.0
2025-09-18	2025-10-03	2	-245.0	851.0	1096.0	-404.0
2025-09-18	2025-10-06	2	363.0	1214.0	1099.0	-401.0
2025-09-18	2025-10-07	2	184.0	1398.0	1214.0	-286.0
2025-09-18	2025-10-08	2	765.0	2163.0	1468.0	-32.0
2025-09-19	2025-09-19	2	195.0	195.0	0.0	-1500.0
2025-09-19	2025-09-22	2	312.0	507.0	195.0	-1305.0
2025-09-19	2025-09-23	2	-289.0	218.0	507.0	-993.0
2025-09-19	2025-09-24	2	24.0	242.0	507.0	-993.0
2025-09-19	2025-09-25	2	-317.0	-75.0	507.0	-993.0
2025-09-19	2025-09-26	2	356.0	281.0	507.0	-993.0
2025-09-19	2025-09-29	2	19.0	300.0	507.0	-993.0
2025-09-19	2025-09-30	2	-272.0	28.0	507.0	-993.0
2025-09-19	2025-10-01	2	395.0	423.0	507.0	-993.0
2025-09-19	2025-10-02	2	568.0	991.0	507.0	-993.0
2025-09-19	2025-10-03	2	-245.0	746.0	991.0	-509.0
2025-09-19	2025-10-06	2	363.0	1109.0	994.0	-506.0
2025-09-19	2025-10-07	2	184.0	1293.0	1109.0	-391.0
2025-09-19	2025-10-08	2	765.0	2058.0	1363.0	-137.0
2025-09-22	2025-09-22	2	312.0	312.0	0.0	-1500.0
2025-09-22	2025-09-23	2	-289.0	23.0	312.0	-1188.0
2025-09-22	2025-09-24	2	24.0	47.0	312.0	-1188.0
2025-09-22	2025-09-25	2	-317.0	-270.0	312.0	-1188.0
2025-09-22	2025-09-26	2	356.0	86.0	312.0	-1188.0
2025-09-22	2025-09-29	2	19.0	105.0	312.0	-1188.0
2025-09-22	2025-09-30	2	-272.0	-167.0	312.0	-1188.0
2025-09-22	2025-10-01	2	395.0	228.0	312.0	-1188.0
2025-09-22	2025-10-02	2	568.0	796.0	312.0	-1188.0
2025-09-22	2025-10-03	2	-245.0	551.0	796.0	-704.0
2025-09-22	2025-10-06	2	363.0	914.0	799.0	-701.0
2025-09-22	2025-10-07	2	184.0	1098.0	914.0	-586.0
2025-09-22	2025-10-08	2	765.0	1863.0	1168.0	-332.0
2025-09-23	2025-09-23	2	-289.0	-289.0	0.0	-1500.0
2025-09-23	2025-09-24	2	24.0	-265.0	0.0	-1500.0
2025-09-23	2025-09-25	2	-317.0	-582.0	0.0	-1500.0
2025-09-23	2025-09-26	2	356.0	-226.0	0.0	-1500.0
2025-09-23	2025-09-29	2	19.0	-207.0	0.0	-1500.0
2025-09-23	2025-09-30	2	-272.0	-479.0	0.0	-1500.0
2025-09-23	2025-10-01	2	395.0	-84.0	0.0	-1500.0
2025-09-23	2025-10-02	2	568.0	484.0	0.0	-1500.0
2025-09-23	2025-10-03	2	-245.0	239.0	484.0	-1016.0
2025-09-23	2025-10-06	2	363.0	602.0	487.0	-1013.0
2025-09-23	2025-10-07	2	184.0	786.0	602.0	-898.0
2025-09-23	2025-10-08	2	765.0	1551.0	856.0	-644.0
2025-09-24	2025-09-24	2	24.0	24.0	0.0	-1500.0
2025-09-24	2025-09-25	2	-317.0	-293.0	53.0	-1447.0
2025-09-24	2025-09-26	2	356.0	63.0	53.0	-1447.0
2025-09-24	2025-09-29	2	19.0	82.0	63.0	-1437.0
2025-09-24	2025-09-30	2	-272.0	-190.0	254.5	-1245.5
2025-09-24	2025-10-01	2	395.0	205.0	254.5	-1245.5
2025-09-24	2025-10-02	2	568.0	773.0	254.5	-1245.5
2025-09-24	2025-10-03	2	-245.0	528.0	773.0	-727.0
2025-09-24	2025-10-06	2	363.0	891.0	776.0	-724.0
2025-09-24	2025-10-07	2	184.0	1075.0	891.0	-609.0
2025-09-24	2025-10-08	2	765.0	1840.0	1145.0	-355.0
2025-09-25	2025-09-25	2	-317.0	-317.0	0.0	-1500.0
2025-09-25	2025-09-26	2	356.0	39.0	0.0	-1500.0
2025-09-25	2025-09-29	2	19.0	58.0	39.0	-1461.0
2025-09-25	2025-09-30	2	-272.0	-214.0	230.5	-1269.5
2025-09-25	2025-10-01	2	395.0	181.0	230.5	-1269.5
2025-09-25	2025-10-02	2	568.0	749.0	230.5	-1269.5
2025-09-25	2025-10-03	2	-245.0	504.0	749.0	-751.0
2025-09-25	2025-10-06	2	363.0	867.0	752.0	-748.0
2025-09-25	2025-10-07	2	184.0	1051.0	867.0	-633.0
2025-09-25	2025-10-08	2	765.0	1816.0	1121.0	-379.0
2025-09-26	2025-09-26	2	356.0	356.0	0.0	-1500.0
2025-09-26	2025-09-29	2	19.0	375.0	356.0	-1144.0
2025-09-26	2025-09-30	2	-272.0	103.0	547.5	-952.5
2025-09-26	2025-10-01	2	395.0	498.0	547.5	-952.5
2025-09-26	2025-10-02	2	568.0	1066.0	547.5	-952.5
2025-09-26	2025-10-03	2	-245.0	821.0	1066.0	-434.0
2025-09-26	2025-10-06	2	363.0	1184.0	1069.0	-431.0
2025-09-26	2025-10-07	2	184.0	1368.0	1184.0	-316.0
2025-09-26	2025-10-08	2	765.0	2133.0	1438.0	-62.0
2025-09-29	2025-09-29	2	19.0	19.0	0.0	-1500.0
2025-09-29	2025-09-30	2	-272.0	-253.0	191.5	-1308.5
2025-09-29	2025-10-01	2	395.0	142.0	191.5	-1308.5
2025-09-29	2025-10-02	2	568.0	710.0	191.5	-1308.5
2025-09-29	2025-10-03	2	-245.0	465.0	710.0	-790.0
2025-09-29	2025-10-06	2	363.0	828.0	713.0	-787.0
2025-09-29	2025-10-07	2	184.0	1012.0	828.0	-672.0
2025-09-29	2025-10-08	2	765.0	1777.0	1082.0	-418.0
2025-09-30	2025-09-30	2	-272.0	-272.0	0.0	-1500.0
2025-09-30	2025-10-01	2	395.0	123.0	0.0	-1500.0
2025-09-30	2025-10-02	2	568.0	691.0	123.0	-1377.0
2025-09-30	2025-10-03	2	-245.0	446.0	691.0	-809.0
2025-09-30	2025-10-06	2	363.0	809.0	694.0	-806.0
2025-09-30	2025-10-07	2	184.0	993.0	809.0	-691.0
2025-09-30	2025-10-08	2	765.0	1758.0	1063.0	-437.0
2025-10-01	2025-10-01	2	395.0	395.0	0.0	-1500.0
2025-10-01	2025-10-02	2	568.0	963.0	395.0	-1105.0
2025-10-01	2025-10-03	2	-245.0	718.0	963.0	-537.0
2025-10-01	2025-10-06	2	363.0	1081.0	966.0	-534.0
2025-10-01	2025-10-07	2	184.0	1265.0	1081.0	-419.0
2025-10-01	2025-10-08	2	765.0	2030.0	1335.0	-165.0
2025-10-02	2025-10-02	2	568.0	568.0	0.0	-1500.0
2025-10-02	2025-10-03	2	-245.0	323.0	568.0	-932.0
2025-10-02	2025-10-06	2	363.0	686.0	571.0	-929.0
2025-10-02	2025-10-07	2	184.0	870.0	686.0	-814.0
2025-10-02	2025-10-08	2	765.0	1635.0	940.0	-560.0
2025-10-03	2025-10-03	2	-245.0	-245.0	0.0	-1500.0
2025-10-03	2025-10-06	2	363.0	118.0	3.0	-1497.0
2025-10-03	2025-10-07	2	184.0	302.0	118.0	-1382.0
2025-10-03	2025-10-08	2	765.0	1067.0	372.0	-1128.0
2025-10-03	2025-10-09	2	-217.0	850.0	1067.0	-433.0
2025-10-03	2025-10-10	2	60.0	910.0	1067.0	-433.0
2025-10-06	2025-10-06	2	363.0	363.0	0.0	-1500.0
2025-10-06	2025-10-07	2	184.0	547.0	363.0	-1137.0
2025-10-06	2025-10-08	2	765.0	1312.0	617.0	-883.0
2025-10-06	2025-10-09	2	-217.0	1095.0	1312.0	-188.0
2025-10-06	2025-10-10	2	60.0	1155.0	1312.0	-188.0
2025-10-07	2025-10-07	2	184.0	184.0	0.0	-1500.0
2025-10-07	2025-10-08	2	765.0	949.0	254.0	-1246.0
2025-10-07	2025-10-09	2	-217.0	732.0	949.0	-551.0
2025-10-07	2025-10-10	2	60.0	792.0	949.0	-551.0
2025-10-08	2025-10-08	2	765.0	765.0	0.0	-1500.0
2025-10-08	2025-10-09	2	-217.0	548.0	765.0	-735.0
2025-10-08	2025-10-10	2	60.0	608.0	765.0	-735.0
2025-10-09	2025-10-09	2	-217.0	-217.0	0.0	-1500.0
2025-10-09	2025-10-10	2	60.0	-157.0	0.0	-1500.0
2025-10-10	2025-10-10	2	60.0	60.0	0.0	-1500.0
