Date	P.L
24.05.2019	-55.5
27.05.2019	14
28.05.2019	88
29.05.2019	-81.5
30.05.2019	-6.5
31.05.2019	-122.5
03.06.2019	-29
04.06.2019	82.5
05.06.2019	56
06.06.2019	192.5
07.06.2019	122
10.06.2019	-78
11.06.2019	33.5
12.06.2019	-71.5
13.06.2019	146.5
14.06.2019	-12
17.06.2019	83
18.06.2019	158.5
19.06.2019	-113.5
20.06.2019	81
21.06.2019	-81
24.06.2019	-49
25.06.2019	34
26.06.2019	102.5
27.06.2019	-16.5
28.06.2019	38.5
01.07.2019	24.5
02.07.2019	74
03.07.2019	-31
04.07.2019	52
05.07.2019	11.5
08.07.2019	8
09.07.2019	26.5
10.07.2019	224.5
11.07.2019	-6
12.07.2019	74.5
15.07.2019	57
16.07.2019	-75
17.07.2019	-21
18.07.2019	148.5
19.07.2019	-33
22.07.2019	135
23.07.2019	18.5
24.07.2019	92
25.07.2019	-47.5
26.07.2019	95
29.07.2019	27
30.07.2019	-6.5
31.07.2019	-78
01.08.2019	118.5
02.08.2019	-275
05.08.2019	-128
06.08.2019	446
07.08.2019	209.5
08.08.2019	262.5
09.08.2019	113.5
12.08.2019	-88
13.08.2019	122.5
14.08.2019	-186
15.08.2019	97.5
16.08.2019	32.5
19.08.2019	73.5
20.08.2019	-77.5
21.08.2019	26
22.08.2019	22.5
23.08.2019	-145
26.08.2019	48
27.08.2019	95
28.08.2019	-93
29.08.2019	139.5
30.08.2019	36
02.09.2019	90.5
03.09.2019	57
04.09.2019	102
05.09.2019	125
06.09.2019	-8.5
09.09.2019	13.5
10.09.2019	73.5
11.09.2019	44
12.09.2019	29.5
13.09.2019	-99.5
16.09.2019	110
17.09.2019	34
18.09.2019	-77.5
19.09.2019	-7
20.09.2019	9
23.09.2019	-15.5
24.09.2019	-58
25.09.2019	54
26.09.2019	43.5
27.09.2019	54
30.09.2019	53
01.10.2019	48.5
02.10.2019	-0.5
03.10.2019	100.5
04.10.2019	130.5
07.10.2019	-40.5
08.10.2019	-5
09.10.2019	96.5
10.10.2019	156
11.10.2019	24.5
14.10.2019	-57.5
15.10.2019	8
16.10.2019	-27
17.10.2019	-36.5
18.10.2019	-34.5
21.10.2019	26
22.10.2019	8
23.10.2019	51
24.10.2019	39
25.10.2019	48.5
28.10.2019	52
29.10.2019	-121.5
30.10.2019	56.5
31.10.2019	-80.5
01.11.2019	90
04.11.2019	78
05.11.2019	2.5
06.11.2019	-20.5
07.11.2019	-56
08.11.2019	-2.5
11.11.2019	23.5
12.11.2019	-34.5
13.11.2019	-21.5
14.11.2019	-36.5
15.11.2019	33
18.11.2019	123.5
19.11.2019	49
20.11.2019	-27.5
21.11.2019	42
22.11.2019	38.5
25.11.2019	28
26.11.2019	-13
27.11.2019	-1.5
28.11.2019	29
29.11.2019	-5
02.12.2019	52
03.12.2019	-25.5
04.12.2019	97.5
05.12.2019	-7.5
06.12.2019	80
09.12.2019	47.5
10.12.2019	7
11.12.2019	36.5
12.12.2019	-2.5
13.12.2019	-45.5
16.12.2019	-20.5
17.12.2019	-3.5
18.12.2019	-10.5
19.12.2019	13
20.12.2019	3
23.12.2019	-2.5
24.12.2019	-2.5
26.12.2019	75.5
27.12.2019	-8
30.12.2019	37
31.12.2019	48.5
02.01.2020	118.5
03.01.2020	25.5
06.01.2020	125
07.01.2020	-26.5
08.01.2020	240
09.01.2020	51
10.01.2020	3
13.01.2020	128
14.01.2020	-69
15.01.2020	-63
16.01.2020	19
17.01.2020	-3.5
20.01.2020	-26
21.01.2020	-31
22.01.2020	56.5
23.01.2020	-17
24.01.2020	-36
27.01.2020	-75.5
28.01.2020	182.5
29.01.2020	93
30.01.2020	-103
31.01.2020	-16.5
03.02.2020	179
04.02.2020	85
05.02.2020	88.5
06.02.2020	50.5
07.02.2020	-51.5
10.02.2020	62.5
11.02.2020	-78
12.02.2020	70
13.02.2020	-39.5
14.02.2020	-99
17.02.2020	28.5
18.02.2020	94
19.02.2020	13
20.02.2020	83.5
21.02.2020	-161
24.02.2020	-310
25.02.2020	-155.5
26.02.2020	-7.5
27.02.2020	-667
28.02.2020	108.5
02.03.2020	199.5
03.03.2020	-497.5
04.03.2020	503
05.03.2020	-24.5
06.03.2020	-13.5
09.03.2020	-535
10.03.2020	338.5
11.03.2020	-557.5
12.03.2020	-686.5
13.03.2020	-111.5
16.03.2020	-153
17.03.2020	-185.5
18.03.2020	518
19.03.2020	-755.5
20.03.2020	398
23.03.2020	714.5
24.03.2020	657.5
25.03.2020	25
26.03.2020	-98
27.03.2020	-452
30.03.2020	305
31.03.2020	-126
01.04.2020	-383
02.04.2020	40.5
03.04.2020	-20.5
06.04.2020	205.5
07.04.2020	-27.5
08.04.2020	31.5
09.04.2020	72
13.04.2020	249
14.04.2020	310.5
15.04.2020	-236.5
16.04.2020	-54.5
17.04.2020	-89.5
20.04.2020	-82
21.04.2020	-125
22.04.2020	87.5
23.04.2020	-44.5
24.04.2020	246.5
27.04.2020	16.5
28.04.2020	59
29.04.2020	90.5
30.04.2020	-143.5
01.05.2020	54.5
04.05.2020	336.5
05.05.2020	356
06.05.2020	-4.5
07.05.2020	126
08.05.2020	96
11.05.2020	34
12.05.2020	1.5
13.05.2020	-99
14.05.2020	203.5
15.05.2020	413
18.05.2020	91.5
19.05.2020	175.5
20.05.2020	165.5
21.05.2020	-51.5
22.05.2020	94.5
25.05.2020	93
26.05.2020	-98.5
27.05.2020	292.5
28.05.2020	156.5
29.05.2020	-158
01.06.2020	209.5
02.06.2020	296.5
03.06.2020	54
04.06.2020	-108.5
05.06.2020	-18.5
08.06.2020	73
09.06.2020	1.5
10.06.2020	114
11.06.2020	-368.5
12.06.2020	76.5
15.06.2020	325.5
16.06.2020	-66
17.06.2020	-77.5
18.06.2020	-130.5
19.06.2020	85
22.06.2020	192.5
23.06.2020	103
24.06.2020	-100
25.06.2020	-304.5
26.06.2020	-200.5
29.06.2020	105
30.06.2020	84
01.07.2020	124
02.07.2020	123.5
03.07.2020	-18
06.07.2020	210
07.07.2020	-3.5
08.07.2020	141.5
09.07.2020	170
10.07.2020	139
13.07.2020	35.5
14.07.2020	52
15.07.2020	-65.5
16.07.2020	-280
17.07.2020	63.5
20.07.2020	17.5
21.07.2020	-31
22.07.2020	-56.5
23.07.2020	-49.5
24.07.2020	-148
27.07.2020	378
28.07.2020	-166.5
29.07.2020	74
30.07.2020	-207
31.07.2020	-28.5
03.08.2020	210.5
04.08.2020	25.5
05.08.2020	-165.5
06.08.2020	273
07.08.2020	89
10.08.2020	10
11.08.2020	-154
12.08.2020	246
13.08.2020	11.5
14.08.2020	-46
17.08.2020	89
18.08.2020	107.5
19.08.2020	-31
20.08.2020	313.5
21.08.2020	24.5
24.08.2020	41.5
25.08.2020	52
26.08.2020	-121
27.08.2020	-104
28.08.2020	237.5
31.08.2020	-109
01.09.2020	133
02.09.2020	159.5
03.09.2020	-294.5
04.09.2020	671.5
07.09.2020	-19.5
08.09.2020	-472.5
09.09.2020	423.5
10.09.2020	240.5
11.09.2020	-51
14.09.2020	25
15.09.2020	142.5
16.09.2020	-232.5
17.09.2020	-55.5
18.09.2020	-70.5
21.09.2020	-241
22.09.2020	63.5
23.09.2020	-16
24.09.2020	-91
25.09.2020	-76.5
28.09.2020	382.5
29.09.2020	-126.5
30.09.2020	-211
01.10.2020	-142.5
02.10.2020	-280.5
05.10.2020	21.5
06.10.2020	-302
07.10.2020	220.5
08.10.2020	13.5
09.10.2020	190
12.10.2020	78
13.10.2020	-63.5
14.10.2020	118.5
15.10.2020	279.5
16.10.2020	-10.5
19.10.2020	-250.5
20.10.2020	-115.5
21.10.2020	85
22.10.2020	103
23.10.2020	39.5
26.10.2020	291.5
27.10.2020	83
28.10.2020	-257
29.10.2020	255
30.10.2020	-360
02.11.2020	156
03.11.2020	18.5
04.11.2020	670.5
05.11.2020	193.5
06.11.2020	30
09.11.2020	-465.5
10.11.2020	-175
11.11.2020	57.5
12.11.2020	75.5
13.11.2020	169
16.11.2020	-294
17.11.2020	-151
18.11.2020	39
19.11.2020	144.5
20.11.2020	57.5
23.11.2020	-42.5
24.11.2020	70.5
25.11.2020	21
26.11.2020	-82
27.11.2020	-34
30.11.2020	257.5
01.12.2020	71.5
02.12.2020	82.5
03.12.2020	58.5
04.12.2020	17.5
07.12.2020	1.5
08.12.2020	141.5
09.12.2020	-59
10.12.2020	-98
11.12.2020	-75.5
14.12.2020	122
15.12.2020	134
16.12.2020	119.5
17.12.2020	40
18.12.2020	-17
21.12.2020	196.5
22.12.2020	-32
23.12.2020	-22
24.12.2020	16
28.12.2020	118.5
29.12.2020	-187.5
30.12.2020	35.5
31.12.2020	-8.5
04.01.2021	183.5
05.01.2021	4
06.01.2021	-234
07.01.2021	59
08.01.2021	-22.5
11.01.2021	-167.5
12.01.2021	-71.5
13.01.2021	-24.5
14.01.2021	-75.5
15.01.2021	-111.5
18.01.2021	6
19.01.2021	100.5
20.01.2021	113
21.01.2021	163.5
22.01.2021	-155.5
25.01.2021	167
26.01.2021	58
27.01.2021	-327
28.01.2021	180
29.01.2021	-474
01.02.2021	473
02.02.2021	253.5
03.02.2021	-19.5
04.02.2021	49
05.02.2021	215
08.02.2021	-152
09.02.2021	61.5
10.02.2021	195
11.02.2021	-71
12.02.2021	-42.5
15.02.2021	30.5
16.02.2021	-69
17.02.2021	-145
18.02.2021	-153.5
19.02.2021	75.5
22.02.2021	-183.5
23.02.2021	203
24.02.2021	177.5
25.02.2021	-515
26.02.2021	-101.5
01.03.2021	39.5
02.03.2021	-17.5
03.03.2021	-179
04.03.2021	-441
05.03.2021	842.5
08.03.2021	-451.5
09.03.2021	365.5
10.03.2021	120
11.03.2021	86
12.03.2021	70
15.03.2021	121
16.03.2021	282
17.03.2021	36
18.03.2021	-88.5
19.03.2021	6.5
22.03.2021	189
23.03.2021	-184
24.03.2021	-276
25.03.2021	305.5
26.03.2021	358
29.03.2021	134
30.03.2021	-147
31.03.2021	229
01.04.2021	-28.5
02.04.2021	99
05.04.2021	-9.5
06.04.2021	-63.5
07.04.2021	14
08.04.2021	101
09.04.2021	173.5
12.04.2021	19
13.04.2021	295
14.04.2021	-12.5
15.04.2021	35
16.04.2021	45
19.04.2021	-23.5
20.04.2021	-37.5
21.04.2021	119.5
22.04.2021	-74.5
23.04.2021	112.5
26.04.2021	68.5
27.04.2021	-106
28.04.2021	-143.5
29.04.2021	160
30.04.2021	-112.5
03.05.2021	100.5
04.05.2021	33
05.05.2021	-62
06.05.2021	413
07.05.2021	35.5
10.05.2021	-426
11.05.2021	391.5
12.05.2021	-578.5
13.05.2021	55.5
14.05.2021	124
17.05.2021	-327
18.05.2021	-68.5
19.05.2021	-181.5
20.05.2021	129.5
21.05.2021	-111.5
24.05.2021	287.5
25.05.2021	-157.5
26.05.2021	-139
27.05.2021	-105
28.05.2021	-13
31.05.2021	-68.5
01.06.2021	35.5
02.06.2021	58.5
03.06.2021	-228.5
04.06.2021	18.5
07.06.2021	-71
08.06.2021	38.5
09.06.2021	-16.5
10.06.2021	-80.5
11.06.2021	77
14.06.2021	191
15.06.2021	-142
16.06.2021	-101.5
17.06.2021	281
18.06.2021	-203
21.06.2021	149
22.06.2021	68.5
23.06.2021	-93.5
24.06.2021	41.5
25.06.2021	0
28.06.2021	163.5
29.06.2021	42
30.06.2021	-60
01.07.2021	141.5
02.07.2021	245
05.07.2021	-50
06.07.2021	204
07.07.2021	131.5
08.07.2021	-104.5
09.07.2021	54.5
12.07.2021	60
13.07.2021	-127
14.07.2021	-135.5
15.07.2021	-0.5
16.07.2021	-71.5
19.07.2021	-216
20.07.2021	-132
21.07.2021	194
22.07.2021	88.5
23.07.2021	71
26.07.2021	3
27.07.2021	89.5
28.07.2021	82
29.07.2021	63.5
30.07.2021	227.5
02.08.2021	-85.5
03.08.2021	163
04.08.2021	1.5
05.08.2021	21
06.08.2021	-97
09.08.2021	154.5
10.08.2021	-55
11.08.2021	167.5
12.08.2021	-58
13.08.2021	-32
16.08.2021	8
17.08.2021	7.5
18.08.2021	-15
19.08.2021	-13
20.08.2021	-27.5
23.08.2021	91
24.08.2021	45.5
25.08.2021	18.5
26.08.2021	-137.5
27.08.2021	-55
30.08.2021	264.5
31.08.2021	-94
01.09.2021	42.5
02.09.2021	52.5
03.09.2021	64
06.09.2021	23
07.09.2021	16
08.09.2021	53
09.09.2021	-100.5
10.09.2021	-45.5
13.09.2021	145.5
14.09.2021	-108.5
15.09.2021	120.5
16.09.2021	-44
17.09.2021	-140
20.09.2021	56
21.09.2021	3
22.09.2021	137.5
23.09.2021	116
24.09.2021	12.5
27.09.2021	34.5
28.09.2021	-316.5
29.09.2021	141
30.09.2021	-283
01.10.2021	303
04.10.2021	-35.5
05.10.2021	160.5
06.10.2021	82.5
07.10.2021	175
08.10.2021	-124
11.10.2021	116.5
12.10.2021	-73.5
13.10.2021	167
14.10.2021	159.5
15.10.2021	229
18.10.2021	71
19.10.2021	173
20.10.2021	-67.5
21.10.2021	43
22.10.2021	40
25.10.2021	74
26.10.2021	86
27.10.2021	-122.5
28.10.2021	-15
29.10.2021	289.5
01.11.2021	12
02.11.2021	146.5
03.11.2021	227
04.11.2021	193
05.11.2021	40
08.11.2021	47
09.11.2021	-160.5
10.11.2021	99.5
11.11.2021	89.5
12.11.2021	120
15.11.2021	42.5
16.11.2021	155
17.11.2021	154
18.11.2021	25.5
19.11.2021	-109
22.11.2021	223
23.11.2021	-358
24.11.2021	-5.5
25.11.2021	48
26.11.2021	-422.5
29.11.2021	344.5
30.11.2021	-15.5
01.12.2021	-15.5
02.12.2021	270
03.12.2021	-341.5
06.12.2021	96
07.12.2021	287.5
08.12.2021	31.5
09.12.2021	-67.5
10.12.2021	-127
13.12.2021	99.5
14.12.2021	-74
15.12.2021	-147
16.12.2021	-99.5
17.12.2021	-381.5
20.12.2021	-298
21.12.2021	523
22.12.2021	276
23.12.2021	68.5
27.12.2021	133.5
28.12.2021	3
29.12.2021	9
30.12.2021	-147.5
31.12.2021	-129
03.01.2022	27.5
04.01.2022	-74
05.01.2022	-75
06.01.2022	-405.5
07.01.2022	-19.5
10.01.2022	59.5
11.01.2022	295.5
12.01.2022	-41
13.01.2022	103.5
14.01.2022	-355
17.01.2022	10
18.01.2022	-63
19.01.2022	-178
20.01.2022	49.5
21.01.2022	-572
24.01.2022	438.5
25.01.2022	-121.5
26.01.2022	143
27.01.2022	206.5
28.01.2022	160.5
31.01.2022	-19
01.02.2022	119
02.02.2022	296
03.02.2022	-88.5
04.02.2022	207.5
07.02.2022	322.5
08.02.2022	12.5
09.02.2022	211
10.02.2022	151.5
11.02.2022	-23
14.02.2022	-289
15.02.2022	149
16.02.2022	79
17.02.2022	-49
18.02.2022	113
21.02.2022	183
22.02.2022	821.5
23.02.2022	-224
24.02.2022	221.5
25.02.2022	447
28.02.2022	137
01.03.2022	-57.5
02.03.2022	520.5
03.03.2022	-201.5
04.03.2022	-196.5
07.03.2022	-52
08.03.2022	-364.5
09.03.2022	564.5
10.03.2022	-129
11.03.2022	172.5
14.03.2022	-502
15.03.2022	-27
16.03.2022	53
17.03.2022	262.5
18.03.2022	356
21.03.2022	465
22.03.2022	275.5
23.03.2022	-489
24.03.2022	287.5
25.03.2022	47
28.03.2022	600.5
29.03.2022	282
30.03.2022	-406.5
31.03.2022	-263
01.04.2022	110
04.04.2022	527
05.04.2022	-318
06.04.2022	-554
07.04.2022	252
08.04.2022	-240
11.04.2022	-144
12.04.2022	304.5
13.04.2022	257.5
14.04.2022	-233
18.04.2022	298
19.04.2022	170
20.04.2022	38.5
21.04.2022	243.5
22.04.2022	-230.5
25.04.2022	1
26.04.2022	-415.5
27.04.2022	279
28.04.2022	19
29.04.2022	-398.5
02.05.2022	-373
03.05.2022	62.5
04.05.2022	634
05.05.2022	-82
06.05.2022	-128.5
09.05.2022	-446
10.05.2022	819
11.05.2022	-150.5
12.05.2022	-322.5
13.05.2022	724.5
16.05.2022	-284
17.05.2022	478.5
18.05.2022	-445.5
19.05.2022	-235.5
20.05.2022	280
23.05.2022	-77.5
24.05.2022	-63.5
25.05.2022	-148.5
26.05.2022	529.5
27.05.2022	576
30.05.2022	204
31.05.2022	-52.5
01.06.2022	-269
02.06.2022	425
03.06.2022	-273.5
06.06.2022	105
07.06.2022	-41
08.06.2022	-257.5
09.06.2022	-165.5
10.06.2022	107.5
13.06.2022	-425.5
14.06.2022	-241.5
15.06.2022	-16.5
16.06.2022	-361.5
17.06.2022	587
20.06.2022	-23
21.06.2022	300.5
22.06.2022	-10.5
23.06.2022	318.5
24.06.2022	517.5
27.06.2022	-246.5
28.06.2022	-23.5
29.06.2022	-469
30.06.2022	-256.5
01.07.2022	176.5
04.07.2022	13.5
05.07.2022	255
06.07.2022	398.5
07.07.2022	268
08.07.2022	25
11.07.2022	-277.5
12.07.2022	-130
13.07.2022	-57.5
14.07.2022	211
15.07.2022	156.5
18.07.2022	-154
19.07.2022	124.5
20.07.2022	-175
21.07.2022	148
22.07.2022	34.5
25.07.2022	-57
26.07.2022	-112
27.07.2022	130
28.07.2022	358
29.07.2022	183
01.08.2022	-173
02.08.2022	274.5
03.08.2022	467
04.08.2022	-67
05.08.2022	85
08.08.2022	256.5
09.08.2022	31.5
10.08.2022	27
11.08.2022	-181
12.08.2022	225
15.08.2022	194
16.08.2022	171.5
17.08.2022	98
18.08.2022	92
19.08.2022	-179
22.08.2022	-162
23.08.2022	-10.5
24.08.2022	-94
25.08.2022	378.5
26.08.2022	-129
29.08.2022	27
30.08.2022	130.5
31.08.2022	-148
01.09.2022	-0.5
02.09.2022	114
05.09.2022	-217
06.09.2022	31.5
07.09.2022	356.5
08.09.2022	138
09.09.2022	228.5
12.09.2022	249.5
13.09.2022	29.5
14.09.2022	77.5
15.09.2022	-8
16.09.2022	29.5
19.09.2022	-9
20.09.2022	-9.5
21.09.2022	-777
22.09.2022	133
23.09.2022	-231
26.09.2022	430.5
27.09.2022	226.5
28.09.2022	448
29.09.2022	-200
30.09.2022	-240
03.10.2022	197
04.10.2022	363.5
05.10.2022	-39.5
06.10.2022	-30
07.10.2022	-341.5
10.10.2022	34.5
11.10.2022	-83.5
12.10.2022	-11.5
13.10.2022	566.5
14.10.2022	238.5
17.10.2022	180.5
18.10.2022	71
19.10.2022	-175
20.10.2022	118.5
21.10.2022	246.5
24.10.2022	-79.5
25.10.2022	329
26.10.2022	-16.5
27.10.2022	-485
28.10.2022	317
31.10.2022	-79.5
01.11.2022	-86.5
02.11.2022	-217
03.11.2022	-340
04.11.2022	230.5
07.11.2022	252
08.11.2022	278
09.11.2022	-435
10.11.2022	-54
11.11.2022	169.5
14.11.2022	176
15.11.2022	147.5
16.11.2022	-151
17.11.2022	326
18.11.2022	190
21.11.2022	-211.5
22.11.2022	260.5
23.11.2022	234
24.11.2022	39
25.11.2022	-155.5
28.11.2022	113.5
29.11.2022	-203
30.11.2022	322.5
01.12.2022	25
02.12.2022	79.5
05.12.2022	-247
06.12.2022	-132
07.12.2022	-124
08.12.2022	195.5
09.12.2022	132
12.12.2022	58.5
13.12.2022	-131.5
14.12.2022	-79
15.12.2022	-7
16.12.2022	124.5
19.12.2022	-121.5
20.12.2022	-46
21.12.2022	163
22.12.2022	-4
23.12.2022	-27.5
27.12.2022	-18
28.12.2022	-127.5
29.12.2022	250
30.12.2022	-323.5
03.01.2023	303.5
04.01.2023	62.5
05.01.2023	-36.5
06.01.2023	677
09.01.2023	110
10.01.2023	-1.5
11.01.2023	36
12.01.2023	80
13.01.2023	-19.5
16.01.2023	92.5
17.01.2023	-91
18.01.2023	48.5
19.01.2023	40
20.01.2023	336
23.01.2023	-78.5
24.01.2023	-31.5
25.01.2023	305
26.01.2023	189
27.01.2023	174
30.01.2023	-217
31.01.2023	152.5
01.02.2023	-28.5
02.02.2023	359.5
03.02.2023	369
06.02.2023	-345
07.02.2023	582
08.02.2023	-204
09.02.2023	67.5
10.02.2023	257
13.02.2023	247
14.02.2023	-118.5
15.02.2023	68.5
16.02.2023	-59
17.02.2023	-110.5
20.02.2023	27.5
21.02.2023	-316
22.02.2023	-132.5
23.02.2023	248
24.02.2023	-35.5
27.02.2023	32.5
28.02.2023	83.5
01.03.2023	-68.5
02.03.2023	60
03.03.2023	236.5
06.03.2023	-89
07.03.2023	-15.5
08.03.2023	-24
09.03.2023	282.5
10.03.2023	-390
13.03.2023	-21
14.03.2023	304.5
15.03.2023	93
16.03.2023	267
17.03.2023	-30
20.03.2023	72.5
21.03.2023	290.5
22.03.2023	-156.5
23.03.2023	-6
24.03.2023	49.5
27.03.2023	74
28.03.2023	-4.5
29.03.2023	249
30.03.2023	48
31.03.2023	200
03.04.2023	28.5
04.04.2023	-156
05.04.2023	-51
06.04.2023	80.5
07.04.2023	8.5
10.04.2023	95
11.04.2023	-109.5
12.04.2023	21.5
13.04.2023	315
14.04.2023	121.5
17.04.2023	-68
18.04.2023	-179
19.04.2023	-137
20.04.2023	-15.5
21.04.2023	-108.5
24.04.2023	129
25.04.2023	-188.5
26.04.2023	-207.5
27.04.2023	88
28.04.2023	-15.5
01.05.2023	-74
02.05.2023	-173
03.05.2023	212.5
04.05.2023	-148
05.05.2023	249.5
08.05.2023	-4.5
09.05.2023	-109.5
10.05.2023	13.5
11.05.2023	-172
12.05.2023	-119.5
15.05.2023	16
16.05.2023	-205.5
17.05.2023	31.5
18.05.2023	184
19.05.2023	-131
22.05.2023	138.5
23.05.2023	-51.5
24.05.2023	41.5
25.05.2023	188
26.05.2023	369
29.05.2023	-135
30.05.2023	-108
31.05.2023	-11
01.06.2023	57
02.06.2023	-173
05.06.2023	40.5
06.06.2023	-202
07.06.2023	26
08.06.2023	102
09.06.2023	86.5
12.06.2023	226.5
13.06.2023	-16.5
14.06.2023	122
15.06.2023	-21
16.06.2023	161
19.06.2023	-62
20.06.2023	-40.5
21.06.2023	9
22.06.2023	15.5
23.06.2023	-3.5
26.06.2023	137.5
27.06.2023	142
28.06.2023	-345.5
29.06.2023	-49.5
30.06.2023	221
03.07.2023	131
04.07.2023	-12.5
05.07.2023	-116.5
06.07.2023	-8.5
07.07.2023	165.5
10.07.2023	94
11.07.2023	-8.5
12.07.2023	2.5
13.07.2023	178.5
14.07.2023	183.5
17.07.2023	165.5
18.07.2023	232
19.07.2023	-54.5
20.07.2023	-208.5
21.07.2023	73.5
24.07.2023	-275
25.07.2023	180.5
26.07.2023	-104
27.07.2023	83.5
28.07.2023	111.5
31.07.2023	-264.5
01.08.2023	-36
02.08.2023	39
03.08.2023	-16
04.08.2023	-185.5
07.08.2023	-10.5
08.08.2023	38.5
09.08.2023	34
10.08.2023	80.5
11.08.2023	-231.5
14.08.2023	181
15.08.2023	-160.5
16.08.2023	-221
17.08.2023	252
18.08.2023	-96.5
21.08.2023	378
22.08.2023	-93
23.08.2023	268
24.08.2023	-357
25.08.2023	396.5
28.08.2023	172.5
29.08.2023	19
30.08.2023	125
31.08.2023	61
01.09.2023	98.5
04.09.2023	63.5
05.09.2023	14
06.09.2023	-5.5
07.09.2023	-214
08.09.2023	-47.5
11.09.2023	181.5
12.09.2023	52.5
13.09.2023	72
14.09.2023	-67.5
15.09.2023	-37.5
18.09.2023	11.5
19.09.2023	71
20.09.2023	-401.5
21.09.2023	-143.5
22.09.2023	-44.5
25.09.2023	203.5
26.09.2023	-246
27.09.2023	164
28.09.2023	-18.5
29.09.2023	56.5
02.10.2023	-59
03.10.2023	-180.5
04.10.2023	211.5
05.10.2023	-42.5
06.10.2023	143
09.10.2023	228.5
10.10.2023	-98.5
11.10.2023	-25
12.10.2023	-45
13.10.2023	-123
16.10.2023	-158
17.10.2023	-165.5
18.10.2023	-448.5
19.10.2023	-140
20.10.2023	-267.5
23.10.2023	-243
24.10.2023	105
25.10.2023	-505
26.10.2023	-126
27.10.2023	107.5
30.10.2023	-129
31.10.2023	119
01.11.2023	26.5
02.11.2023	120.5
03.11.2023	166
06.11.2023	-83.5
07.11.2023	-4.5
08.11.2023	-76.5
09.11.2023	-80
10.11.2023	233.5
13.11.2023	-19.5
14.11.2023	-129.5
15.11.2023	-4.5
16.11.2023	35
17.11.2023	85.5
20.11.2023	293.5
21.11.2023	-97.5
22.11.2023	142
23.11.2023	-23
24.11.2023	-142.5
27.11.2023	12
28.11.2023	-78.5
29.11.2023	117.5
30.11.2023	-57.5
01.12.2023	-41
04.12.2023	21
05.12.2023	65
06.12.2023	55.5
07.12.2023	31
08.12.2023	195.5
11.12.2023	223
12.12.2023	206
13.12.2023	-55.5
14.12.2023	-295.5
15.12.2023	-29
18.12.2023	168.5
19.12.2023	125.5
20.12.2023	-53
21.12.2023	-67.5
22.12.2023	-47
26.12.2023	23
27.12.2023	35.5
28.12.2023	-53.5
29.12.2023	139
02.01.2024	100.5
03.01.2024	-115.5
04.01.2024	-73.5
05.01.2024	-159.5
08.01.2024	119
09.01.2024	-181
10.01.2024	84
11.01.2024	260
12.01.2024	-72.5
15.01.2024	-8
16.01.2024	-113.5
17.01.2024	29
18.01.2024	251
19.01.2024	45.5
22.01.2024	-105.5
23.01.2024	-21.5
24.01.2024	255.5
25.01.2024	48.5
26.01.2024	-121.5
29.01.2024	133.5
30.01.2024	-106.5
31.01.2024	60
01.02.2024	-11
02.02.2024	164
05.02.2024	220.5
06.02.2024	-57
07.02.2024	249.5
08.02.2024	-125.5
09.02.2024	201
12.02.2024	-50
13.02.2024	14
14.02.2024	40
15.02.2024	43.5
16.02.2024	31.5
19.02.2024	-82
20.02.2024	-168
21.02.2024	-186.5
22.02.2024	351
23.02.2024	9
26.02.2024	-97
27.02.2024	-90
28.02.2024	-161.5
29.02.2024	387
01.03.2024	9
04.03.2024	19.5
05.03.2024	-324.5
06.03.2024	335.5
07.03.2024	-21.5
08.03.2024	30
11.03.2024	-585.5
12.03.2024	-101.5
13.03.2024	-57
14.03.2024	-29
15.03.2024	61
18.03.2024	81.5
19.03.2024	0.5
20.03.2024	210.5
21.03.2024	-54
22.03.2024	66
25.03.2024	28
26.03.2024	-19.5
27.03.2024	238.5
28.03.2024	-137.5
01.04.2024	197.5
02.04.2024	-85.5
03.04.2024	-123
04.04.2024	34.5
05.04.2024	55.5
08.04.2024	51
09.04.2024	219
10.04.2024	-294
11.04.2024	391
12.04.2024	-459.5
15.04.2024	-106.5
16.04.2024	-261
17.04.2024	27.5
18.04.2024	-201
19.04.2024	122
22.04.2024	298
23.04.2024	296
24.04.2024	13
25.04.2024	101.5
26.04.2024	-79.5
29.04.2024	221.5
30.04.2024	-323.5
01.05.2024	24.5
02.05.2024	174.5
03.05.2024	305
06.05.2024	127.5
07.05.2024	-141
08.05.2024	115.5
09.05.2024	-4.5
10.05.2024	74
13.05.2024	-74
14.05.2024	52
15.05.2024	154.5
16.05.2024	-118.5
17.05.2024	21
20.05.2024	96
21.05.2024	56.5
22.05.2024	34.5
23.05.2024	-63
24.05.2024	-142.5
27.05.2024	91
28.05.2024	146.5
29.05.2024	-338
30.05.2024	-121
31.05.2024	353
03.06.2024	397.5
04.06.2024	227
05.06.2024	282
06.06.2024	-223.5
07.06.2024	133
10.06.2024	-287.5
11.06.2024	113
12.06.2024	-31.5
13.06.2024	4.5
14.06.2024	148
17.06.2024	60
18.06.2024	485.5
19.06.2024	-9.5
20.06.2024	62.5
21.06.2024	-122.5
24.06.2024	-186.5
25.06.2024	227
26.06.2024	186
27.06.2024	308.5
28.06.2024	120.5
01.07.2024	242
02.07.2024	362
03.07.2024	245
04.07.2024	-77
05.07.2024	-50
08.07.2024	-7
09.07.2024	38.5
10.07.2024	184.5
11.07.2024	-83
12.07.2024	306.5
15.07.2024	-187.5
16.07.2024	-32.5
17.07.2024	-222.5
18.07.2024	-15
19.07.2024	-78
22.07.2024	13
23.07.2024	-309.5
24.07.2024	-384.5
25.07.2024	-645.5
26.07.2024	245.5
29.07.2024	170
30.07.2024	219
31.07.2024	564
01.08.2024	7.5
02.08.2024	-898
05.08.2024	175
06.08.2024	-253
07.08.2024	84
08.08.2024	618.5
09.08.2024	263
12.08.2024	-32.5
13.08.2024	303.5
14.08.2024	324
15.08.2024	406.5
16.08.2024	162.5
19.08.2024	77.5
20.08.2024	54.5
21.08.2024	-98
22.08.2024	-284.5
23.08.2024	289
26.08.2024	-252.5
27.08.2024	-104
28.08.2024	-288
29.08.2024	124
30.08.2024	84.5
02.09.2024	42
03.09.2024	-113.5
04.09.2024	-200.5
05.09.2024	120
06.09.2024	114
09.09.2024	501
10.09.2024	-69.5
11.09.2024	588.5
12.09.2024	-96
13.09.2024	14
16.09.2024	-71
17.09.2024	121
18.09.2024	190
19.09.2024	350.5
20.09.2024	97.5
23.09.2024	-69.5
24.09.2024	52
25.09.2024	97.5
26.09.2024	452
27.09.2024	129
30.09.2024	-79.5
01.10.2024	120
02.10.2024	-468.5
03.10.2024	-209
04.10.2024	685
07.10.2024	-235
08.10.2024	411.5
09.10.2024	-99
10.10.2024	-277.5
11.10.2024	-36
14.10.2024	161
15.10.2024	-195.5
16.10.2024	-63.5
17.10.2024	7
18.10.2024	-183.5
21.10.2024	156
22.10.2024	65
23.10.2024	-205
24.10.2024	223
25.10.2024	311
28.10.2024	-118.5
29.10.2024	-37.5
30.10.2024	-18
31.10.2024	-258.5
01.11.2024	-111.5
04.11.2024	-11
05.11.2024	103
06.11.2024	415.5
07.11.2024	307.5
08.11.2024	38
11.11.2024	175
12.11.2024	-127.5
13.11.2024	123
14.11.2024	-289
15.11.2024	-55.5
18.11.2024	-67.5
19.11.2024	89.5
20.11.2024	-67
21.11.2024	417
22.11.2024	-31
25.11.2024	-86
26.11.2024	-124.5
27.11.2024	24.5
28.11.2024	38.5
29.11.2024	-53
02.12.2024	-13
03.12.2024	3
04.12.2024	263.5
05.12.2024	-120
06.12.2024	-66
09.12.2024	-205
10.12.2024	-17.5
11.12.2024	176
12.12.2024	3
13.12.2024	293
16.12.2024	388
17.12.2024	42
18.12.2024	40
19.12.2024	3
20.12.2024	98
23.12.2024	-122.5
24.12.2024	108.5
26.12.2024	109.5
27.12.2024	123.5
30.12.2024	-26.5
31.12.2024	113
02.01.2025	-94
03.01.2025	279.5
06.01.2025	374
07.01.2025	-199
08.01.2025	-353.5
09.01.2025	-11.5
10.01.2025	211.5
13.01.2025	-251
14.01.2025	38
15.01.2025	360
16.01.2025	-519.5
17.01.2025	187
20.01.2025	165.5
21.01.2025	256.5
22.01.2025	315.5
23.01.2025	-120.5
24.01.2025	-59.5
27.01.2025	225.5
28.01.2025	349
29.01.2025	3.5
30.01.2025	119.5
31.01.2025	253.5
03.02.2025	468
04.02.2025	34
05.02.2025	-91.5
06.02.2025	-102.5
07.02.2025	-172.5
10.02.2025	402
11.02.2025	-27
12.02.2025	10.5
13.02.2025	146
14.02.2025	-101.5
17.02.2025	-7
18.02.2025	-91.5
19.02.2025	183
20.02.2025	37
21.02.2025	156.5
24.02.2025	218
25.02.2025	51.5
26.02.2025	-14
27.02.2025	-176.5
28.02.2025	-96.5
03.03.2025	-91.5
04.03.2025	330.5
05.03.2025	-76.5
06.03.2025	-762.5
07.03.2025	4
10.03.2025	-880.5
11.03.2025	392.5
12.03.2025	210
13.03.2025	375
14.03.2025	446.5
17.03.2025	366.5
18.03.2025	-99
19.03.2025	22
20.03.2025	-1.5
21.03.2025	217.5
24.03.2025	4.5
25.03.2025	129
26.03.2025	-137.5
27.03.2025	-382
28.03.2025	-549.5
31.03.2025	-62
01.04.2025	815
02.04.2025	350.5
03.04.2025	-746.5
04.04.2025	-1 552.00
07.04.2025	1 081.00
08.04.2025	-238
09.04.2025	3 108.00
10.04.2025	-846.5
11.04.2025	994.5
14.04.2025	55
15.04.2025	252
16.04.2025	186
17.04.2025	228
21.04.2025	-379
22.04.2025	460
23.04.2025	259
24.04.2025	16.5
25.04.2025	-80.5
28.04.2025	241
29.04.2025	304
30.04.2025	386
01.05.2025	-350
02.05.2025	191
05.05.2025	-177
06.05.2025	-663.5
07.05.2025	-465.5
08.05.2025	319
09.05.2025	173
12.05.2025	720
13.05.2025	243
14.05.2025	198
15.05.2025	100
16.05.2025	143.5
19.05.2025	243.5
20.05.2025	78
21.05.2025	-390.5
22.05.2025	128.5
23.05.2025	95.5
26.05.2025	176.5
27.05.2025	-163.5
28.05.2025	-426
29.05.2025	149.5
30.05.2025	79
02.06.2025	69.5
03.06.2025	27
04.06.2025	-139.5
05.06.2025	-89.5
06.06.2025	11.5
09.06.2025	-49.5
10.06.2025	-18
11.06.2025	49
12.06.2025	-49
13.06.2025	-323.5
16.06.2025	229.5
17.06.2025	-383
18.06.2025	-117.5
19.06.2025	-83
20.06.2025	332
23.06.2025	231
24.06.2025	250.5
25.06.2025	40.5
26.06.2025	122.5
27.06.2025	150
30.06.2025	21.5
01.07.2025	-190.5
02.07.2025	142.5
03.07.2025	38.5
04.07.2025	-274
07.07.2025	-382.5
08.07.2025	-3
09.07.2025	254
10.07.2025	14
11.07.2025	-74
14.07.2025	227.5
15.07.2025	84.5
16.07.2025	11
17.07.2025	-30.5
18.07.2025	121
21.07.2025	141
22.07.2025	-35
23.07.2025	170.5
24.07.2025	-160
25.07.2025	-145
28.07.2025	-48.5
29.07.2025	-142.5
30.07.2025	-105.5
31.07.2025	-277
01.08.2025	-411
04.08.2025	188
05.08.2025	-64.5
06.08.2025	313.5
07.08.2025	254.5
08.08.2025	225
11.08.2025	-114
12.08.2025	266.5
13.08.2025	200.5
14.08.2025	-19
15.08.2025	-14.5
18.08.2025	-40.5
19.08.2025	-87
20.08.2025	258
21.08.2025	-201.5
22.08.2025	137.5
26.08.2025	64.5
27.08.2025	-141
28.08.2025	157
29.08.2025	-434.5
01.09.2025	-24
02.09.2025	246
03.09.2025	-150.5
04.09.2025	11.5
05.09.2025	50
08.09.2025	48.5
09.09.2025	45.5
10.09.2025	215.5
11.09.2025	487.5
12.09.2025	60
15.09.2025	143.5
16.09.2025	-67
17.09.2025	-273.5
18.09.2025	52.5
19.09.2025	97.5
22.09.2025	156
23.09.2025	-144.5
24.09.2025	12
25.09.2025	-158.5
26.09.2025	178
29.09.2025	9.5
30.09.2025	-136
01.10.2025	197.5
02.10.2025	284
03.10.2025	-122.5
06.10.2025	181.5
07.10.2025	92
08.10.2025	382.5
09.10.2025	-108.5
10.10.2025	30
