Date	Deposit	P/L (Net)
23.05.2019	1 500.00	0
24.05.2019	1 444.50	-55.5
27.05.2019	1 458.50	14
28.05.2019	1 546.50	88
29.05.2019	1 465.00	-81.5
30.05.2019	1 458.50	-6.5
31.05.2019	1 336.00	-122.5
03.06.2019	1 307.00	-29
04.06.2019	1 389.50	82.5
05.06.2019	1 445.50	56
06.06.2019	1 638.00	192.5
07.06.2019	1 760.00	122
10.06.2019	1 682.00	-78
11.06.2019	1 715.50	33.5
12.06.2019	1 644.00	-71.5
13.06.2019	1 790.50	146.5
14.06.2019	1 778.50	-12
17.06.2019	1 861.50	83
18.06.2019	2 020.00	158.5
19.06.2019	1 906.50	-113.5
20.06.2019	1 987.50	81
21.06.2019	1 906.50	-81
24.06.2019	1 857.50	-49
25.06.2019	1 891.50	34
26.06.2019	1 994.00	102.5
27.06.2019	1 977.50	-16.5
28.06.2019	2 016.00	38.5
01.07.2019	2 040.50	24.5
02.07.2019	2 114.50	74
03.07.2019	2 083.50	-31
04.07.2019	2 135.50	52
05.07.2019	2 147.00	11.5
08.07.2019	2 155.00	8
09.07.2019	2 181.50	26.5
10.07.2019	2 406.00	224.5
11.07.2019	2 400.00	-6
12.07.2019	2 474.50	74.5
15.07.2019	2 531.50	57
16.07.2019	2 456.50	-75
17.07.2019	2 435.50	-21
18.07.2019	2 584.00	148.5
19.07.2019	2 551.00	-33
22.07.2019	2 686.00	135
23.07.2019	2 704.50	18.5
24.07.2019	2 796.50	92
25.07.2019	2 749.00	-47.5
26.07.2019	2 844.00	95
29.07.2019	2 871.00	27
30.07.2019	2 864.50	-6.5
31.07.2019	2 786.50	-78
01.08.2019	2 905.00	118.5
02.08.2019	2 630.00	-275
05.08.2019	2 502.00	-128
06.08.2019	2 948.00	446
07.08.2019	3 157.50	209.5
08.08.2019	3 420.00	262.5
09.08.2019	3 533.50	113.5
12.08.2019	3 445.50	-88
13.08.2019	3 568.00	122.5
14.08.2019	3 382.00	-186
15.08.2019	3 479.50	97.5
16.08.2019	3 512.00	32.5
19.08.2019	3 585.50	73.5
20.08.2019	3 508.00	-77.5
21.08.2019	3 534.00	26
22.08.2019	3 556.50	22.5
23.08.2019	3 411.50	-145
26.08.2019	3 459.50	48
27.08.2019	3 554.50	95
28.08.2019	3 461.50	-93
29.08.2019	3 601.00	139.5
30.08.2019	3 637.00	36
02.09.2019	3 727.50	90.5
03.09.2019	3 784.50	57
04.09.2019	3 886.50	102
05.09.2019	4 011.50	125
06.09.2019	4 003.00	-8.5
09.09.2019	4 016.50	13.5
10.09.2019	4 090.00	73.5
11.09.2019	4 134.00	44
12.09.2019	4 163.50	29.5
13.09.2019	4 064.00	-99.5
16.09.2019	4 174.00	110
17.09.2019	4 208.00	34
18.09.2019	4 130.50	-77.5
19.09.2019	4 123.50	-7
20.09.2019	4 132.50	9
23.09.2019	4 117.00	-15.5
24.09.2019	4 059.00	-58
25.09.2019	4 113.00	54
26.09.2019	4 156.50	43.5
27.09.2019	4 210.50	54
30.09.2019	4 263.50	53
01.10.2019	4 312.00	48.5
02.10.2019	4 311.50	-0.5
03.10.2019	4 412.00	100.5
04.10.2019	4 542.50	130.5
07.10.2019	4 502.00	-40.5
08.10.2019	4 497.00	-5
09.10.2019	4 593.50	96.5
10.10.2019	4 749.50	156
11.10.2019	4 774.00	24.5
14.10.2019	4 716.50	-57.5
15.10.2019	4 724.50	8
16.10.2019	4 697.50	-27
17.10.2019	4 661.00	-36.5
18.10.2019	4 626.50	-34.5
21.10.2019	4 652.50	26
22.10.2019	4 660.50	8
23.10.2019	4 711.50	51
24.10.2019	4 750.50	39
25.10.2019	4 799.00	48.5
28.10.2019	4 851.00	52
29.10.2019	4 729.50	-121.5
30.10.2019	4 786.00	56.5
31.10.2019	4 705.50	-80.5
01.11.2019	4 795.50	90
04.11.2019	4 873.50	78
05.11.2019	4 876.00	2.5
06.11.2019	4 855.50	-20.5
07.11.2019	4 799.50	-56
08.11.2019	4 797.00	-2.5
11.11.2019	4 820.50	23.5
12.11.2019	4 786.00	-34.5
13.11.2019	4 764.50	-21.5
14.11.2019	4 728.00	-36.5
15.11.2019	4 761.00	33
18.11.2019	4 884.50	123.5
19.11.2019	4 933.50	49
20.11.2019	4 906.00	-27.5
21.11.2019	4 948.00	42
22.11.2019	4 986.50	38.5
25.11.2019	5 014.50	28
26.11.2019	5 001.50	-13
27.11.2019	5 000.00	-1.5
28.11.2019	5 029.00	29
29.11.2019	5 024.00	-5
02.12.2019	5 076.00	52
03.12.2019	5 050.50	-25.5
04.12.2019	5 148.00	97.5
05.12.2019	5 140.50	-7.5
06.12.2019	5 220.50	80
09.12.2019	5 268.00	47.5
10.12.2019	5 275.00	7
11.12.2019	5 311.50	36.5
12.12.2019	5 309.00	-2.5
13.12.2019	5 263.50	-45.5
16.12.2019	5 243.00	-20.5
17.12.2019	5 239.50	-3.5
18.12.2019	5 229.00	-10.5
19.12.2019	5 242.00	13
20.12.2019	5 245.00	3
23.12.2019	5 242.50	-2.5
24.12.2019	5 240.00	-2.5
26.12.2019	5 315.50	75.5
27.12.2019	5 307.50	-8
30.12.2019	5 344.50	37
31.12.2019	5 393.00	48.5
02.01.2020	5 511.50	118.5
03.01.2020	5 537.00	25.5
06.01.2020	5 662.00	125
07.01.2020	5 635.50	-26.5
08.01.2020	5 875.50	240
09.01.2020	5 926.50	51
10.01.2020	5 929.50	3
13.01.2020	6 057.50	128
14.01.2020	5 988.50	-69
15.01.2020	5 925.50	-63
16.01.2020	5 944.50	19
17.01.2020	5 941.00	-3.5
20.01.2020	5 915.00	-26
21.01.2020	5 884.00	-31
22.01.2020	5 940.50	56.5
23.01.2020	5 923.50	-17
24.01.2020	5 887.50	-36
27.01.2020	5 812.00	-75.5
28.01.2020	5 994.50	182.5
29.01.2020	6 087.50	93
30.01.2020	5 984.50	-103
31.01.2020	5 968.00	-16.5
03.02.2020	6 147.00	179
04.02.2020	6 232.00	85
05.02.2020	6 320.50	88.5
06.02.2020	6 371.00	50.5
07.02.2020	6 319.50	-51.5
10.02.2020	6 382.00	62.5
11.02.2020	6 304.00	-78
12.02.2020	6 374.00	70
13.02.2020	6 334.50	-39.5
14.02.2020	6 235.50	-99
17.02.2020	6 264.00	28.5
18.02.2020	6 358.00	94
19.02.2020	6 371.00	13
20.02.2020	6 454.50	83.5
21.02.2020	6 293.50	-161
24.02.2020	5 983.50	-310
25.02.2020	5 828.00	-155.5
26.02.2020	5 820.50	-7.5
27.02.2020	5 153.50	-667
28.02.2020	5 262.00	108.5
02.03.2020	5 461.50	199.5
03.03.2020	4 964.00	-497.5
04.03.2020	5 467.00	503
05.03.2020	5 442.50	-24.5
06.03.2020	5 429.00	-13.5
09.03.2020	4 894.00	-535
10.03.2020	5 232.50	338.5
11.03.2020	4 675.00	-557.5
12.03.2020	3 988.50	-686.5
13.03.2020	3 877.00	-111.5
16.03.2020	3 724.00	-153
17.03.2020	3 538.50	-185.5
18.03.2020	4 056.50	518
19.03.2020	3 301.00	-755.5
20.03.2020	3 699.00	398
23.03.2020	4 413.50	714.5
24.03.2020	5 071.00	657.5
25.03.2020	5 096.00	25
26.03.2020	4 998.00	-98
27.03.2020	4 546.00	-452
30.03.2020	4 851.00	305
31.03.2020	4 725.00	-126
01.04.2020	4 342.00	-383
02.04.2020	4 382.50	40.5
03.04.2020	4 362.00	-20.5
06.04.2020	4 567.50	205.5
07.04.2020	4 540.00	-27.5
08.04.2020	4 571.50	31.5
09.04.2020	4 643.50	72
13.04.2020	4 892.50	249
14.04.2020	5 203.00	310.5
15.04.2020	4 966.50	-236.5
16.04.2020	4 912.00	-54.5
17.04.2020	4 822.50	-89.5
20.04.2020	4 740.50	-82
21.04.2020	4 615.50	-125
22.04.2020	4 703.00	87.5
23.04.2020	4 658.50	-44.5
24.04.2020	4 905.00	246.5
27.04.2020	4 921.50	16.5
28.04.2020	4 980.50	59
29.04.2020	5 071.00	90.5
30.04.2020	4 927.50	-143.5
01.05.2020	4 982.00	54.5
04.05.2020	5 318.50	336.5
05.05.2020	5 674.50	356
06.05.2020	5 670.00	-4.5
07.05.2020	5 796.00	126
08.05.2020	5 892.00	96
11.05.2020	5 926.00	34
12.05.2020	5 927.50	1.5
13.05.2020	5 828.50	-99
14.05.2020	6 032.00	203.5
15.05.2020	6 445.00	413
18.05.2020	6 536.50	91.5
19.05.2020	6 712.00	175.5
20.05.2020	6 877.50	165.5
21.05.2020	6 826.00	-51.5
22.05.2020	6 920.50	94.5
25.05.2020	7 013.50	93
26.05.2020	6 915.00	-98.5
27.05.2020	7 207.50	292.5
28.05.2020	7 364.00	156.5
29.05.2020	7 206.00	-158
01.06.2020	7 415.50	209.5
02.06.2020	7 712.00	296.5
03.06.2020	7 766.00	54
04.06.2020	7 657.50	-108.5
05.06.2020	7 639.00	-18.5
08.06.2020	7 712.00	73
09.06.2020	7 713.50	1.5
10.06.2020	7 827.50	114
11.06.2020	7 459.00	-368.5
12.06.2020	7 535.50	76.5
15.06.2020	7 861.00	325.5
16.06.2020	7 795.00	-66
17.06.2020	7 717.50	-77.5
18.06.2020	7 587.00	-130.5
19.06.2020	7 672.00	85
22.06.2020	7 864.50	192.5
23.06.2020	7 967.50	103
24.06.2020	7 867.50	-100
25.06.2020	7 563.00	-304.5
26.06.2020	7 362.50	-200.5
29.06.2020	7 467.50	105
30.06.2020	7 551.50	84
01.07.2020	7 675.50	124
02.07.2020	7 799.00	123.5
03.07.2020	7 781.00	-18
06.07.2020	7 991.00	210
07.07.2020	7 987.50	-3.5
08.07.2020	8 129.00	141.5
09.07.2020	8 299.00	170
10.07.2020	8 438.00	139
13.07.2020	8 473.50	35.5
14.07.2020	8 525.50	52
15.07.2020	8 460.00	-65.5
16.07.2020	8 180.00	-280
17.07.2020	8 243.50	63.5
20.07.2020	8 261.00	17.5
21.07.2020	8 230.00	-31
22.07.2020	8 173.50	-56.5
23.07.2020	8 124.00	-49.5
24.07.2020	7 976.00	-148
27.07.2020	8 354.00	378
28.07.2020	8 187.50	-166.5
29.07.2020	8 261.50	74
30.07.2020	8 054.50	-207
31.07.2020	8 026.00	-28.5
03.08.2020	8 236.50	210.5
04.08.2020	8 262.00	25.5
05.08.2020	8 096.50	-165.5
06.08.2020	8 369.50	273
07.08.2020	8 458.50	89
10.08.2020	8 468.50	10
11.08.2020	8 314.50	-154
12.08.2020	8 560.50	246
13.08.2020	8 572.00	11.5
14.08.2020	8 526.00	-46
17.08.2020	8 615.00	89
18.08.2020	8 722.50	107.5
19.08.2020	8 691.50	-31
20.08.2020	9 005.00	313.5
21.08.2020	9 029.50	24.5
24.08.2020	9 071.00	41.5
25.08.2020	9 123.00	52
26.08.2020	9 002.00	-121
27.08.2020	8 898.00	-104
28.08.2020	9 135.50	237.5
31.08.2020	9 026.50	-109
01.09.2020	9 159.50	133
02.09.2020	9 319.00	159.5
03.09.2020	9 024.50	-294.5
04.09.2020	9 696.00	671.5
07.09.2020	9 676.50	-19.5
08.09.2020	9 204.00	-472.5
09.09.2020	9 627.50	423.5
10.09.2020	9 868.00	240.5
11.09.2020	9 817.00	-51
14.09.2020	9 842.00	25
15.09.2020	9 984.50	142.5
16.09.2020	9 752.00	-232.5
17.09.2020	9 696.50	-55.5
18.09.2020	9 626.00	-70.5
21.09.2020	9 385.00	-241
22.09.2020	9 448.50	63.5
23.09.2020	9 432.50	-16
24.09.2020	9 341.50	-91
25.09.2020	9 265.00	-76.5
28.09.2020	9 647.50	382.5
29.09.2020	9 521.00	-126.5
30.09.2020	9 310.00	-211
01.10.2020	9 167.50	-142.5
02.10.2020	8 887.00	-280.5
05.10.2020	8 908.50	21.5
06.10.2020	8 606.50	-302
07.10.2020	8 827.00	220.5
08.10.2020	8 840.50	13.5
09.10.2020	9 030.50	190
12.10.2020	9 108.50	78
13.10.2020	9 045.00	-63.5
14.10.2020	9 163.50	118.5
15.10.2020	9 443.00	279.5
16.10.2020	9 432.50	-10.5
19.10.2020	9 182.00	-250.5
20.10.2020	9 066.50	-115.5
21.10.2020	9 151.50	85
22.10.2020	9 254.50	103
23.10.2020	9 294.00	39.5
26.10.2020	9 585.50	291.5
27.10.2020	9 668.50	83
28.10.2020	9 411.50	-257
29.10.2020	9 666.50	255
30.10.2020	9 306.50	-360
02.11.2020	9 462.50	156
03.11.2020	9 481.00	18.5
04.11.2020	10 151.50	670.5
05.11.2020	10 345.00	193.5
06.11.2020	10 375.00	30
09.11.2020	9 909.50	-465.5
10.11.2020	9 734.50	-175
11.11.2020	9 792.00	57.5
12.11.2020	9 867.50	75.5
13.11.2020	10 036.50	169
16.11.2020	9 742.50	-294
17.11.2020	9 591.50	-151
18.11.2020	9 630.50	39
19.11.2020	9 775.00	144.5
20.11.2020	9 832.50	57.5
23.11.2020	9 790.00	-42.5
24.11.2020	9 860.50	70.5
25.11.2020	9 881.50	21
26.11.2020	9 799.50	-82
27.11.2020	9 765.50	-34
30.11.2020	10 023.00	257.5
01.12.2020	10 094.50	71.5
02.12.2020	10 177.00	82.5
03.12.2020	10 235.50	58.5
04.12.2020	10 253.00	17.5
07.12.2020	10 254.50	1.5
08.12.2020	10 396.00	141.5
09.12.2020	10 337.00	-59
10.12.2020	10 239.00	-98
11.12.2020	10 163.50	-75.5
14.12.2020	10 285.50	122
15.12.2020	10 419.50	134
16.12.2020	10 539.00	119.5
17.12.2020	10 579.00	40
18.12.2020	10 562.00	-17
21.12.2020	10 758.50	196.5
22.12.2020	10 726.50	-32
23.12.2020	10 704.50	-22
24.12.2020	10 720.50	16
28.12.2020	10 839.00	118.5
29.12.2020	10 651.50	-187.5
30.12.2020	10 687.00	35.5
31.12.2020	10 678.50	-8.5
04.01.2021	10 862.00	183.5
05.01.2021	10 866.00	4
06.01.2021	10 632.00	-234
07.01.2021	10 691.00	59
08.01.2021	10 668.50	-22.5
11.01.2021	10 501.00	-167.5
12.01.2021	10 429.50	-71.5
13.01.2021	10 405.00	-24.5
14.01.2021	10 329.50	-75.5
15.01.2021	10 218.00	-111.5
18.01.2021	10 224.00	6
19.01.2021	10 324.50	100.5
20.01.2021	10 437.50	113
21.01.2021	10 601.00	163.5
22.01.2021	10 445.50	-155.5
25.01.2021	10 612.50	167
26.01.2021	10 670.50	58
27.01.2021	10 343.50	-327
28.01.2021	10 523.50	180
29.01.2021	10 049.50	-474
01.02.2021	10 522.50	473
02.02.2021	10 776.00	253.5
03.02.2021	10 756.50	-19.5
04.02.2021	10 805.50	49
05.02.2021	11 020.50	215
08.02.2021	10 868.50	-152
09.02.2021	10 930.00	61.5
10.02.2021	11 125.00	195
11.02.2021	11 054.00	-71
12.02.2021	11 011.50	-42.5
15.02.2021	11 042.00	30.5
16.02.2021	10 973.00	-69
17.02.2021	10 828.00	-145
18.02.2021	10 674.50	-153.5
19.02.2021	10 750.00	75.5
22.02.2021	10 566.50	-183.5
23.02.2021	10 769.50	203
24.02.2021	10 947.00	177.5
25.02.2021	10 432.00	-515
26.02.2021	10 330.50	-101.5
01.03.2021	10 370.00	39.5
02.03.2021	10 352.50	-17.5
03.03.2021	10 173.50	-179
04.03.2021	9 732.50	-441
05.03.2021	10 575.00	842.5
08.03.2021	10 123.50	-451.5
09.03.2021	10 489.00	365.5
10.03.2021	10 609.00	120
11.03.2021	10 695.00	86
12.03.2021	10 765.00	70
15.03.2021	10 886.00	121
16.03.2021	11 168.00	282
17.03.2021	11 204.00	36
18.03.2021	11 115.50	-88.5
19.03.2021	11 122.00	6.5
22.03.2021	11 311.00	189
23.03.2021	11 127.00	-184
24.03.2021	10 851.00	-276
25.03.2021	11 156.50	305.5
26.03.2021	11 514.50	358
29.03.2021	11 648.50	134
30.03.2021	11 501.50	-147
31.03.2021	11 730.50	229
01.04.2021	11 702.00	-28.5
02.04.2021	11 801.00	99
05.04.2021	11 791.50	-9.5
06.04.2021	11 728.00	-63.5
07.04.2021	11 742.00	14
08.04.2021	11 843.00	101
09.04.2021	12 016.50	173.5
12.04.2021	12 035.50	19
13.04.2021	12 330.50	295
14.04.2021	12 318.00	-12.5
15.04.2021	12 353.00	35
16.04.2021	12 398.00	45
19.04.2021	12 374.50	-23.5
20.04.2021	12 337.00	-37.5
21.04.2021	12 456.50	119.5
22.04.2021	12 382.00	-74.5
23.04.2021	12 494.50	112.5
26.04.2021	12 563.00	68.5
27.04.2021	12 457.00	-106
28.04.2021	12 313.50	-143.5
29.04.2021	12 473.50	160
30.04.2021	12 361.00	-112.5
03.05.2021	12 461.50	100.5
04.05.2021	12 494.50	33
05.05.2021	12 432.50	-62
06.05.2021	12 845.50	413
07.05.2021	12 881.00	35.5
10.05.2021	12 455.00	-426
11.05.2021	12 846.50	391.5
12.05.2021	12 268.00	-578.5
13.05.2021	12 323.50	55.5
14.05.2021	12 447.50	124
17.05.2021	12 120.50	-327
18.05.2021	12 052.00	-68.5
19.05.2021	11 870.50	-181.5
20.05.2021	12 000.00	129.5
21.05.2021	11 888.50	-111.5
24.05.2021	12 176.00	287.5
25.05.2021	12 018.50	-157.5
26.05.2021	11 879.50	-139
27.05.2021	11 774.50	-105
28.05.2021	11 761.50	-13
31.05.2021	11 693.00	-68.5
01.06.2021	11 728.50	35.5
02.06.2021	11 787.00	58.5
03.06.2021	11 558.50	-228.5
04.06.2021	11 577.00	18.5
07.06.2021	11 506.00	-71
08.06.2021	11 544.50	38.5
09.06.2021	11 528.00	-16.5
10.06.2021	11 447.50	-80.5
11.06.2021	11 524.50	77
14.06.2021	11 715.50	191
15.06.2021	11 573.50	-142
16.06.2021	11 472.00	-101.5
17.06.2021	11 753.00	281
18.06.2021	11 550.00	-203
21.06.2021	11 699.00	149
22.06.2021	11 767.50	68.5
23.06.2021	11 674.00	-93.5
24.06.2021	11 715.50	41.5
25.06.2021	11 715.50	0
28.06.2021	11 879.00	163.5
29.06.2021	11 921.00	42
30.06.2021	11 861.00	-60
01.07.2021	12 002.50	141.5
02.07.2021	12 247.50	245
05.07.2021	12 197.50	-50
06.07.2021	12 401.50	204
07.07.2021	12 533.00	131.5
08.07.2021	12 428.50	-104.5
09.07.2021	12 483.00	54.5
12.07.2021	12 543.00	60
13.07.2021	12 416.00	-127
14.07.2021	12 280.50	-135.5
15.07.2021	12 280.00	-0.5
16.07.2021	12 208.50	-71.5
19.07.2021	11 992.50	-216
20.07.2021	11 860.50	-132
21.07.2021	12 054.50	194
22.07.2021	12 143.00	88.5
23.07.2021	12 214.00	71
26.07.2021	12 217.00	3
27.07.2021	12 306.50	89.5
28.07.2021	12 388.50	82
29.07.2021	12 452.00	63.5
30.07.2021	12 679.50	227.5
02.08.2021	12 594.00	-85.5
03.08.2021	12 757.00	163
04.08.2021	12 758.50	1.5
05.08.2021	12 779.50	21
06.08.2021	12 682.50	-97
09.08.2021	12 837.00	154.5
10.08.2021	12 782.00	-55
11.08.2021	12 949.50	167.5
12.08.2021	12 891.50	-58
13.08.2021	12 859.50	-32
16.08.2021	12 867.50	8
17.08.2021	12 875.00	7.5
18.08.2021	12 860.00	-15
19.08.2021	12 847.00	-13
20.08.2021	12 819.50	-27.5
23.08.2021	12 910.50	91
24.08.2021	12 956.00	45.5
25.08.2021	12 974.50	18.5
26.08.2021	12 837.00	-137.5
27.08.2021	12 782.00	-55
30.08.2021	13 046.50	264.5
31.08.2021	12 952.50	-94
01.09.2021	12 995.00	42.5
02.09.2021	13 047.50	52.5
03.09.2021	13 111.50	64
06.09.2021	13 134.50	23
07.09.2021	13 150.50	16
08.09.2021	13 203.50	53
09.09.2021	13 103.00	-100.5
10.09.2021	13 057.50	-45.5
13.09.2021	13 203.00	145.5
14.09.2021	13 094.50	-108.5
15.09.2021	13 215.00	120.5
16.09.2021	13 171.00	-44
17.09.2021	13 031.00	-140
20.09.2021	13 087.00	56
21.09.2021	13 090.00	3
22.09.2021	13 227.50	137.5
23.09.2021	13 343.50	116
24.09.2021	13 356.00	12.5
27.09.2021	13 390.50	34.5
28.09.2021	13 074.00	-316.5
29.09.2021	13 215.00	141
30.09.2021	12 932.00	-283
01.10.2021	13 235.00	303
04.10.2021	13 199.50	-35.5
05.10.2021	13 360.00	160.5
06.10.2021	13 442.50	82.5
07.10.2021	13 617.50	175
08.10.2021	13 493.50	-124
11.10.2021	13 610.00	116.5
12.10.2021	13 536.50	-73.5
13.10.2021	13 703.50	167
14.10.2021	13 863.00	159.5
15.10.2021	14 092.00	229
18.10.2021	14 163.00	71
19.10.2021	14 336.00	173
20.10.2021	14 268.50	-67.5
21.10.2021	14 311.50	43
22.10.2021	14 351.50	40
25.10.2021	14 425.50	74
26.10.2021	14 511.50	86
27.10.2021	14 389.00	-122.5
28.10.2021	14 374.00	-15
29.10.2021	14 663.50	289.5
01.11.2021	14 675.50	12
02.11.2021	14 822.00	146.5
03.11.2021	15 049.00	227
04.11.2021	15 242.00	193
05.11.2021	15 282.00	40
08.11.2021	15 329.00	47
09.11.2021	15 168.50	-160.5
10.11.2021	15 268.00	99.5
11.11.2021	15 357.50	89.5
12.11.2021	15 477.50	120
15.11.2021	15 520.00	42.5
16.11.2021	15 675.00	155
17.11.2021	15 829.00	154
18.11.2021	15 854.50	25.5
19.11.2021	15 745.50	-109
22.11.2021	15 968.50	223
23.11.2021	15 610.50	-358
24.11.2021	15 605.00	-5.5
25.11.2021	15 653.00	48
26.11.2021	15 230.50	-422.5
29.11.2021	15 575.00	344.5
30.11.2021	15 559.50	-15.5
01.12.2021	15 544.00	-15.5
02.12.2021	15 814.00	270
03.12.2021	15 472.50	-341.5
06.12.2021	15 568.50	96
07.12.2021	15 856.00	287.5
08.12.2021	15 887.50	31.5
09.12.2021	15 820.00	-67.5
10.12.2021	15 693.00	-127
13.12.2021	15 792.50	99.5
14.12.2021	15 718.50	-74
15.12.2021	15 571.50	-147
16.12.2021	15 472.00	-99.5
17.12.2021	15 090.50	-381.5
20.12.2021	14 792.50	-298
21.12.2021	15 315.50	523
22.12.2021	15 591.50	276
23.12.2021	15 660.00	68.5
27.12.2021	15 793.50	133.5
28.12.2021	15 796.50	3
29.12.2021	15 805.50	9
30.12.2021	15 658.00	-147.5
31.12.2021	15 529.00	-129
03.01.2022	15 556.50	27.5
04.01.2022	15 482.50	-74
05.01.2022	15 407.50	-75
06.01.2022	15 002.00	-405.5
07.01.2022	14 982.50	-19.5
10.01.2022	15 042.00	59.5
11.01.2022	15 337.50	295.5
12.01.2022	15 296.50	-41
13.01.2022	15 400.00	103.5
14.01.2022	15 045.00	-355
17.01.2022	15 055.00	10
18.01.2022	14 992.00	-63
19.01.2022	14 814.00	-178
20.01.2022	14 863.50	49.5
21.01.2022	14 291.50	-572
24.01.2022	14 730.00	438.5
25.01.2022	14 608.50	-121.5
26.01.2022	14 751.50	143
27.01.2022	14 958.00	206.5
28.01.2022	15 118.50	160.5
31.01.2022	15 099.50	-19
01.02.2022	15 218.50	119
02.02.2022	15 514.50	296
03.02.2022	15 426.00	-88.5
04.02.2022	15 633.50	207.5
07.02.2022	15 956.00	322.5
08.02.2022	15 968.50	12.5
09.02.2022	16 179.50	211
10.02.2022	16 331.00	151.5
11.02.2022	16 308.00	-23
14.02.2022	16 019.00	-289
15.02.2022	16 168.00	149
16.02.2022	16 247.00	79
17.02.2022	16 198.00	-49
18.02.2022	16 311.00	113
21.02.2022	16 494.00	183
22.02.2022	17 315.50	821.5
23.02.2022	17 091.50	-224
24.02.2022	17 313.00	221.5
25.02.2022	17 760.00	447
28.02.2022	17 897.00	137
01.03.2022	17 839.50	-57.5
02.03.2022	18 360.00	520.5
03.03.2022	18 158.50	-201.5
04.03.2022	17 962.00	-196.5
07.03.2022	17 910.00	-52
08.03.2022	17 545.50	-364.5
09.03.2022	18 110.00	564.5
10.03.2022	17 981.00	-129
11.03.2022	18 153.50	172.5
14.03.2022	17 651.50	-502
15.03.2022	17 624.50	-27
16.03.2022	17 677.50	53
17.03.2022	17 940.00	262.5
18.03.2022	18 296.00	356
21.03.2022	18 761.00	465
22.03.2022	19 036.50	275.5
23.03.2022	18 547.50	-489
24.03.2022	18 835.00	287.5
25.03.2022	18 882.00	47
28.03.2022	19 482.50	600.5
29.03.2022	19 764.50	282
30.03.2022	19 358.00	-406.5
31.03.2022	19 095.00	-263
01.04.2022	19 205.00	110
04.04.2022	19 732.00	527
05.04.2022	19 414.00	-318
06.04.2022	18 860.00	-554
07.04.2022	19 112.00	252
08.04.2022	18 872.00	-240
11.04.2022	18 728.00	-144
12.04.2022	19 032.50	304.5
13.04.2022	19 290.00	257.5
14.04.2022	19 057.00	-233
18.04.2022	19 355.00	298
19.04.2022	19 525.00	170
20.04.2022	19 563.50	38.5
21.04.2022	19 807.00	243.5
22.04.2022	19 576.50	-230.5
25.04.2022	19 577.50	1
26.04.2022	19 162.00	-415.5
27.04.2022	19 441.00	279
28.04.2022	19 460.00	19
29.04.2022	19 061.50	-398.5
02.05.2022	18 688.50	-373
03.05.2022	18 751.00	62.5
04.05.2022	19 385.00	634
05.05.2022	19 303.00	-82
06.05.2022	19 174.50	-128.5
09.05.2022	18 728.50	-446
10.05.2022	19 547.50	819
11.05.2022	19 397.00	-150.5
12.05.2022	19 074.50	-322.5
13.05.2022	19 799.00	724.5
16.05.2022	19 515.00	-284
17.05.2022	19 993.50	478.5
18.05.2022	19 548.00	-445.5
19.05.2022	19 312.50	-235.5
20.05.2022	19 592.50	280
23.05.2022	19 515.00	-77.5
24.05.2022	19 451.50	-63.5
25.05.2022	19 303.00	-148.5
26.05.2022	19 832.50	529.5
27.05.2022	20 408.50	576
30.05.2022	20 612.50	204
31.05.2022	20 560.00	-52.5
01.06.2022	20 291.00	-269
02.06.2022	20 716.00	425
03.06.2022	20 442.50	-273.5
06.06.2022	20 547.50	105
07.06.2022	20 506.50	-41
08.06.2022	20 249.00	-257.5
09.06.2022	20 083.50	-165.5
10.06.2022	20 191.00	107.5
13.06.2022	19 765.50	-425.5
14.06.2022	19 524.00	-241.5
15.06.2022	19 507.50	-16.5
16.06.2022	19 146.00	-361.5
17.06.2022	19 733.00	587
20.06.2022	19 710.00	-23
21.06.2022	20 010.50	300.5
22.06.2022	20 000.00	-10.5
23.06.2022	20 318.50	318.5
24.06.2022	20 836.00	517.5
27.06.2022	20 589.50	-246.5
28.06.2022	20 566.00	-23.5
29.06.2022	20 097.00	-469
30.06.2022	19 840.50	-256.5
01.07.2022	20 017.00	176.5
04.07.2022	20 030.50	13.5
05.07.2022	20 285.50	255
06.07.2022	20 684.00	398.5
07.07.2022	20 952.00	268
08.07.2022	20 977.00	25
11.07.2022	20 699.50	-277.5
12.07.2022	20 569.50	-130
13.07.2022	20 512.00	-57.5
14.07.2022	20 723.00	211
15.07.2022	20 879.50	156.5
18.07.2022	20 725.50	-154
19.07.2022	20 850.00	124.5
20.07.2022	20 675.00	-175
21.07.2022	20 823.00	148
22.07.2022	20 857.50	34.5
25.07.2022	20 800.50	-57
26.07.2022	20 688.50	-112
27.07.2022	20 818.50	130
28.07.2022	21 176.50	358
29.07.2022	21 359.50	183
01.08.2022	21 186.50	-173
02.08.2022	21 461.00	274.5
03.08.2022	21 928.00	467
04.08.2022	21 861.00	-67
05.08.2022	21 946.00	85
08.08.2022	22 202.50	256.5
09.08.2022	22 234.00	31.5
10.08.2022	22 261.00	27
11.08.2022	22 080.00	-181
12.08.2022	22 305.00	225
15.08.2022	22 499.00	194
16.08.2022	22 670.50	171.5
17.08.2022	22 768.50	98
18.08.2022	22 860.50	92
19.08.2022	22 681.50	-179
22.08.2022	22 519.50	-162
23.08.2022	22 509.00	-10.5
24.08.2022	22 415.00	-94
25.08.2022	22 793.50	378.5
26.08.2022	22 664.50	-129
29.08.2022	22 691.50	27
30.08.2022	22 822.00	130.5
31.08.2022	22 674.00	-148
01.09.2022	22 673.50	-0.5
02.09.2022	22 787.50	114
05.09.2022	22 570.50	-217
06.09.2022	22 602.00	31.5
07.09.2022	22 958.50	356.5
08.09.2022	23 096.50	138
09.09.2022	23 325.00	228.5
12.09.2022	23 574.50	249.5
13.09.2022	23 604.00	29.5
14.09.2022	23 681.50	77.5
15.09.2022	23 673.50	-8
16.09.2022	23 703.00	29.5
19.09.2022	23 694.00	-9
20.09.2022	23 684.50	-9.5
21.09.2022	22 907.50	-777
22.09.2022	23 040.50	133
23.09.2022	22 809.50	-231
26.09.2022	23 240.00	430.5
27.09.2022	23 466.50	226.5
28.09.2022	23 914.50	448
29.09.2022	23 714.50	-200
30.09.2022	23 474.50	-240
03.10.2022	23 671.50	197
04.10.2022	24 035.00	363.5
05.10.2022	23 995.50	-39.5
06.10.2022	23 965.50	-30
07.10.2022	23 624.00	-341.5
10.10.2022	23 658.50	34.5
11.10.2022	23 575.00	-83.5
12.10.2022	23 563.50	-11.5
13.10.2022	24 130.00	566.5
14.10.2022	24 368.50	238.5
17.10.2022	24 549.00	180.5
18.10.2022	24 620.00	71
19.10.2022	24 445.00	-175
20.10.2022	24 563.50	118.5
21.10.2022	24 810.00	246.5
24.10.2022	24 730.50	-79.5
25.10.2022	25 059.50	329
26.10.2022	25 043.00	-16.5
27.10.2022	24 558.00	-485
28.10.2022	24 875.00	317
31.10.2022	24 795.50	-79.5
01.11.2022	24 709.00	-86.5
02.11.2022	24 492.00	-217
03.11.2022	24 152.00	-340
04.11.2022	24 382.50	230.5
07.11.2022	24 634.50	252
08.11.2022	24 912.50	278
09.11.2022	24 477.50	-435
10.11.2022	24 423.50	-54
11.11.2022	24 593.00	169.5
14.11.2022	24 769.00	176
15.11.2022	24 916.50	147.5
16.11.2022	24 765.50	-151
17.11.2022	25 091.50	326
18.11.2022	25 281.50	190
21.11.2022	25 070.00	-211.5
22.11.2022	25 330.50	260.5
23.11.2022	25 564.50	234
24.11.2022	25 603.50	39
25.11.2022	25 448.00	-155.5
28.11.2022	25 561.50	113.5
29.11.2022	25 358.50	-203
30.11.2022	25 681.00	322.5
01.12.2022	25 706.00	25
02.12.2022	25 785.50	79.5
05.12.2022	25 538.50	-247
06.12.2022	25 406.50	-132
07.12.2022	25 282.50	-124
08.12.2022	25 478.00	195.5
09.12.2022	25 610.00	132
12.12.2022	25 668.50	58.5
13.12.2022	25 537.00	-131.5
14.12.2022	25 458.00	-79
15.12.2022	25 451.00	-7
16.12.2022	25 575.50	124.5
19.12.2022	25 454.00	-121.5
20.12.2022	25 408.00	-46
21.12.2022	25 571.00	163
22.12.2022	25 567.00	-4
23.12.2022	25 539.50	-27.5
27.12.2022	25 521.50	-18
28.12.2022	25 394.00	-127.5
29.12.2022	25 644.00	250
30.12.2022	25 320.50	-323.5
03.01.2023	25 624.00	303.5
04.01.2023	25 686.50	62.5
05.01.2023	25 650.00	-36.5
06.01.2023	26 327.00	677
09.01.2023	26 437.00	110
10.01.2023	26 435.50	-1.5
11.01.2023	26 471.50	36
12.01.2023	26 551.50	80
13.01.2023	26 532.00	-19.5
16.01.2023	26 624.50	92.5
17.01.2023	26 533.50	-91
18.01.2023	26 582.00	48.5
19.01.2023	26 622.00	40
20.01.2023	26 958.00	336
23.01.2023	26 879.50	-78.5
24.01.2023	26 848.00	-31.5
25.01.2023	27 153.00	305
26.01.2023	27 342.00	189
27.01.2023	27 516.00	174
30.01.2023	27 299.00	-217
31.01.2023	27 451.50	152.5
01.02.2023	27 423.00	-28.5
02.02.2023	27 782.50	359.5
03.02.2023	28 151.50	369
06.02.2023	27 806.50	-345
07.02.2023	28 388.50	582
08.02.2023	28 184.50	-204
09.02.2023	28 252.00	67.5
10.02.2023	28 509.00	257
13.02.2023	28 756.00	247
14.02.2023	28 637.50	-118.5
15.02.2023	28 706.00	68.5
16.02.2023	28 647.00	-59
17.02.2023	28 536.50	-110.5
20.02.2023	28 564.00	27.5
21.02.2023	28 248.00	-316
22.02.2023	28 115.50	-132.5
23.02.2023	28 363.50	248
24.02.2023	28 328.00	-35.5
27.02.2023	28 360.50	32.5
28.02.2023	28 444.00	83.5
01.03.2023	28 375.50	-68.5
02.03.2023	28 435.50	60
03.03.2023	28 672.00	236.5
06.03.2023	28 583.00	-89
07.03.2023	28 567.50	-15.5
08.03.2023	28 543.50	-24
09.03.2023	28 826.00	282.5
10.03.2023	28 436.00	-390
13.03.2023	28 415.00	-21
14.03.2023	28 719.50	304.5
15.03.2023	28 812.50	93
16.03.2023	29 079.50	267
17.03.2023	29 049.50	-30
20.03.2023	29 122.00	72.5
21.03.2023	29 412.50	290.5
22.03.2023	29 256.00	-156.5
23.03.2023	29 250.00	-6
24.03.2023	29 299.50	49.5
27.03.2023	29 373.50	74
28.03.2023	29 369.00	-4.5
29.03.2023	29 618.00	249
30.03.2023	29 666.00	48
31.03.2023	29 866.00	200
03.04.2023	29 894.50	28.5
04.04.2023	29 738.50	-156
05.04.2023	29 687.50	-51
06.04.2023	29 768.00	80.5
07.04.2023	29 776.50	8.5
10.04.2023	29 871.50	95
11.04.2023	29 762.00	-109.5
12.04.2023	29 783.50	21.5
13.04.2023	30 098.50	315
14.04.2023	30 220.00	121.5
17.04.2023	30 152.00	-68
18.04.2023	29 973.00	-179
19.04.2023	29 836.00	-137
20.04.2023	29 820.50	-15.5
21.04.2023	29 712.00	-108.5
24.04.2023	29 841.00	129
25.04.2023	29 652.50	-188.5
26.04.2023	29 445.00	-207.5
27.04.2023	29 533.00	88
28.04.2023	29 517.50	-15.5
01.05.2023	29 443.50	-74
02.05.2023	29 270.50	-173
03.05.2023	29 483.00	212.5
04.05.2023	29 335.00	-148
05.05.2023	29 584.50	249.5
08.05.2023	29 580.00	-4.5
09.05.2023	29 470.50	-109.5
10.05.2023	29 484.00	13.5
11.05.2023	29 312.00	-172
12.05.2023	29 192.50	-119.5
15.05.2023	29 208.50	16
16.05.2023	29 003.00	-205.5
17.05.2023	29 034.50	31.5
18.05.2023	29 218.50	184
19.05.2023	29 087.50	-131
22.05.2023	29 226.00	138.5
23.05.2023	29 174.50	-51.5
24.05.2023	29 216.00	41.5
25.05.2023	29 404.00	188
26.05.2023	29 773.00	369
29.05.2023	29 638.00	-135
30.05.2023	29 530.00	-108
31.05.2023	29 519.00	-11
01.06.2023	29 576.00	57
02.06.2023	29 403.00	-173
05.06.2023	29 443.50	40.5
06.06.2023	29 241.50	-202
07.06.2023	29 267.50	26
08.06.2023	29 369.50	102
09.06.2023	29 456.00	86.5
12.06.2023	29 682.50	226.5
13.06.2023	29 666.00	-16.5
14.06.2023	29 788.00	122
15.06.2023	29 767.00	-21
16.06.2023	29 928.00	161
19.06.2023	29 866.00	-62
20.06.2023	29 825.50	-40.5
21.06.2023	29 834.50	9
22.06.2023	29 850.00	15.5
23.06.2023	29 846.50	-3.5
26.06.2023	29 984.00	137.5
27.06.2023	30 126.00	142
28.06.2023	29 780.50	-345.5
29.06.2023	29 731.00	-49.5
30.06.2023	29 952.00	221
03.07.2023	30 083.00	131
04.07.2023	30 070.50	-12.5
05.07.2023	29 954.00	-116.5
06.07.2023	29 945.50	-8.5
07.07.2023	30 111.00	165.5
10.07.2023	30 205.00	94
11.07.2023	30 196.50	-8.5
12.07.2023	30 199.00	2.5
13.07.2023	30 377.50	178.5
14.07.2023	30 561.00	183.5
17.07.2023	30 726.50	165.5
18.07.2023	30 958.50	232
19.07.2023	30 904.00	-54.5
20.07.2023	30 695.50	-208.5
21.07.2023	30 769.00	73.5
24.07.2023	30 494.00	-275
25.07.2023	30 674.50	180.5
26.07.2023	30 570.50	-104
27.07.2023	30 654.00	83.5
28.07.2023	30 765.50	111.5
31.07.2023	30 501.00	-264.5
01.08.2023	30 465.00	-36
02.08.2023	30 504.00	39
03.08.2023	30 488.00	-16
04.08.2023	30 302.50	-185.5
07.08.2023	30 292.00	-10.5
08.08.2023	30 330.50	38.5
09.08.2023	30 364.50	34
10.08.2023	30 445.00	80.5
11.08.2023	30 213.50	-231.5
14.08.2023	30 394.50	181
15.08.2023	30 234.00	-160.5
16.08.2023	30 013.00	-221
17.08.2023	30 265.00	252
18.08.2023	30 168.50	-96.5
21.08.2023	30 546.50	378
22.08.2023	30 453.50	-93
23.08.2023	30 721.50	268
24.08.2023	30 364.50	-357
25.08.2023	30 761.00	396.5
28.08.2023	30 933.50	172.5
29.08.2023	30 952.50	19
30.08.2023	31 077.50	125
31.08.2023	31 138.50	61
01.09.2023	31 237.00	98.5
04.09.2023	31 300.50	63.5
05.09.2023	31 314.50	14
06.09.2023	31 309.00	-5.5
07.09.2023	31 095.00	-214
08.09.2023	31 047.50	-47.5
11.09.2023	31 229.00	181.5
12.09.2023	31 281.50	52.5
13.09.2023	31 353.50	72
14.09.2023	31 286.00	-67.5
15.09.2023	31 248.50	-37.5
18.09.2023	31 260.00	11.5
19.09.2023	31 331.00	71
20.09.2023	30 929.50	-401.5
21.09.2023	30 786.00	-143.5
22.09.2023	30 741.50	-44.5
25.09.2023	30 945.00	203.5
26.09.2023	30 699.00	-246
27.09.2023	30 863.00	164
28.09.2023	30 844.50	-18.5
29.09.2023	30 901.00	56.5
02.10.2023	30 842.00	-59
03.10.2023	30 661.50	-180.5
04.10.2023	30 873.00	211.5
05.10.2023	30 830.50	-42.5
06.10.2023	30 973.50	143
09.10.2023	31 202.00	228.5
10.10.2023	31 103.50	-98.5
11.10.2023	31 078.50	-25
12.10.2023	31 033.50	-45
13.10.2023	30 910.50	-123
16.10.2023	30 752.50	-158
17.10.2023	30 587.00	-165.5
18.10.2023	30 138.50	-448.5
19.10.2023	29 998.50	-140
20.10.2023	29 731.00	-267.5
23.10.2023	29 488.00	-243
24.10.2023	29 593.00	105
25.10.2023	29 088.00	-505
26.10.2023	28 962.00	-126
27.10.2023	29 069.50	107.5
30.10.2023	28 940.50	-129
31.10.2023	29 059.50	119
01.11.2023	29 086.00	26.5
02.11.2023	29 206.50	120.5
03.11.2023	29 372.50	166
06.11.2023	29 289.00	-83.5
07.11.2023	29 284.50	-4.5
08.11.2023	29 208.00	-76.5
09.11.2023	29 128.00	-80
10.11.2023	29 361.50	233.5
13.11.2023	29 342.00	-19.5
14.11.2023	29 212.50	-129.5
15.11.2023	29 208.00	-4.5
16.11.2023	29 243.00	35
17.11.2023	29 328.50	85.5
20.11.2023	29 622.00	293.5
21.11.2023	29 524.50	-97.5
22.11.2023	29 666.50	142
23.11.2023	29 643.50	-23
24.11.2023	29 501.00	-142.5
27.11.2023	29 513.00	12
28.11.2023	29 434.50	-78.5
29.11.2023	29 552.00	117.5
30.11.2023	29 494.50	-57.5
01.12.2023	29 453.50	-41
04.12.2023	29 474.50	21
05.12.2023	29 539.50	65
06.12.2023	29 595.00	55.5
07.12.2023	29 626.00	31
08.12.2023	29 821.50	195.5
11.12.2023	30 044.50	223
12.12.2023	30 250.50	206
13.12.2023	30 195.00	-55.5
14.12.2023	29 899.50	-295.5
15.12.2023	29 870.50	-29
18.12.2023	30 039.00	168.5
19.12.2023	30 164.50	125.5
20.12.2023	30 111.50	-53
21.12.2023	30 044.00	-67.5
22.12.2023	29 997.00	-47
26.12.2023	30 020.00	23
27.12.2023	30 055.50	35.5
28.12.2023	30 002.00	-53.5
29.12.2023	30 141.00	139
02.01.2024	30 241.50	100.5
03.01.2024	30 126.00	-115.5
04.01.2024	30 052.50	-73.5
05.01.2024	29 893.00	-159.5
08.01.2024	30 012.00	119
09.01.2024	29 831.00	-181
10.01.2024	29 915.00	84
11.01.2024	30 175.00	260
12.01.2024	30 102.50	-72.5
15.01.2024	30 094.50	-8
16.01.2024	29 981.00	-113.5
17.01.2024	30 010.00	29
18.01.2024	30 261.00	251
19.01.2024	30 306.50	45.5
22.01.2024	30 201.00	-105.5
23.01.2024	30 179.50	-21.5
24.01.2024	30 435.00	255.5
25.01.2024	30 483.50	48.5
26.01.2024	30 362.00	-121.5
29.01.2024	30 495.50	133.5
30.01.2024	30 389.00	-106.5
31.01.2024	30 449.00	60
01.02.2024	30 438.00	-11
02.02.2024	30 602.00	164
05.02.2024	30 822.50	220.5
06.02.2024	30 765.50	-57
07.02.2024	31 015.00	249.5
08.02.2024	30 889.50	-125.5
09.02.2024	31 090.50	201
12.02.2024	31 040.50	-50
13.02.2024	31 054.50	14
14.02.2024	31 094.50	40
15.02.2024	31 138.00	43.5
16.02.2024	31 169.50	31.5
19.02.2024	31 087.50	-82
20.02.2024	30 919.50	-168
21.02.2024	30 733.00	-186.5
22.02.2024	31 084.00	351
23.02.2024	31 093.00	9
26.02.2024	30 996.00	-97
27.02.2024	30 906.00	-90
28.02.2024	30 744.50	-161.5
29.02.2024	31 131.50	387
01.03.2024	31 140.50	9
04.03.2024	31 160.00	19.5
05.03.2024	30 835.50	-324.5
06.03.2024	31 171.00	335.5
07.03.2024	31 149.50	-21.5
08.03.2024	31 179.50	30
11.03.2024	30 594.00	-585.5
12.03.2024	30 492.50	-101.5
13.03.2024	30 435.50	-57
14.03.2024	30 406.50	-29
15.03.2024	30 467.50	61
18.03.2024	30 549.00	81.5
19.03.2024	30 549.50	0.5
20.03.2024	30 760.00	210.5
21.03.2024	30 706.00	-54
22.03.2024	30 772.00	66
25.03.2024	30 800.00	28
26.03.2024	30 780.50	-19.5
27.03.2024	31 019.00	238.5
28.03.2024	30 881.50	-137.5
01.04.2024	31 079.00	197.5
02.04.2024	30 993.50	-85.5
03.04.2024	30 870.50	-123
04.04.2024	30 905.00	34.5
05.04.2024	30 960.50	55.5
08.04.2024	31 011.50	51
09.04.2024	31 230.50	219
10.04.2024	30 936.50	-294
11.04.2024	31 327.50	391
12.04.2024	30 868.00	-459.5
15.04.2024	30 761.50	-106.5
16.04.2024	30 500.50	-261
17.04.2024	30 528.00	27.5
18.04.2024	30 327.00	-201
19.04.2024	30 449.00	122
22.04.2024	30 747.00	298
23.04.2024	31 043.00	296
24.04.2024	31 056.00	13
25.04.2024	31 157.50	101.5
26.04.2024	31 078.00	-79.5
29.04.2024	31 299.50	221.5
30.04.2024	30 976.00	-323.5
01.05.2024	31 000.50	24.5
02.05.2024	31 175.00	174.5
03.05.2024	31 480.00	305
06.05.2024	31 607.50	127.5
07.05.2024	31 466.50	-141
08.05.2024	31 582.00	115.5
09.05.2024	31 577.50	-4.5
10.05.2024	31 651.50	74
13.05.2024	31 577.50	-74
14.05.2024	31 629.50	52
15.05.2024	31 784.00	154.5
16.05.2024	31 665.50	-118.5
17.05.2024	31 686.50	21
20.05.2024	31 782.50	96
21.05.2024	31 839.00	56.5
22.05.2024	31 873.50	34.5
23.05.2024	31 810.50	-63
24.05.2024	31 668.00	-142.5
27.05.2024	31 759.00	91
28.05.2024	31 905.50	146.5
29.05.2024	31 567.50	-338
30.05.2024	31 446.50	-121
31.05.2024	31 799.50	353
03.06.2024	32 197.00	397.5
04.06.2024	32 424.00	227
05.06.2024	32 706.00	282
06.06.2024	32 482.50	-223.5
07.06.2024	32 615.50	133
10.06.2024	32 328.00	-287.5
11.06.2024	32 441.00	113
12.06.2024	32 409.50	-31.5
13.06.2024	32 414.00	4.5
14.06.2024	32 562.00	148
17.06.2024	32 622.00	60
18.06.2024	33 107.50	485.5
19.06.2024	33 098.00	-9.5
20.06.2024	33 160.50	62.5
21.06.2024	33 038.00	-122.5
24.06.2024	32 851.50	-186.5
25.06.2024	33 078.50	227
26.06.2024	33 264.50	186
27.06.2024	33 573.00	308.5
28.06.2024	33 693.50	120.5
01.07.2024	33 935.50	242
02.07.2024	34 297.50	362
03.07.2024	34 542.50	245
04.07.2024	34 465.50	-77
05.07.2024	34 415.50	-50
08.07.2024	34 408.50	-7
09.07.2024	34 447.00	38.5
10.07.2024	34 631.50	184.5
11.07.2024	34 548.50	-83
12.07.2024	34 855.00	306.5
15.07.2024	34 667.50	-187.5
16.07.2024	34 635.00	-32.5
17.07.2024	34 412.50	-222.5
18.07.2024	34 397.50	-15
19.07.2024	34 319.50	-78
22.07.2024	34 332.50	13
23.07.2024	34 023.00	-309.5
24.07.2024	33 638.50	-384.5
25.07.2024	32 993.00	-645.5
26.07.2024	33 238.50	245.5
29.07.2024	33 408.50	170
30.07.2024	33 627.50	219
31.07.2024	34 191.50	564
01.08.2024	34 199.00	7.5
02.08.2024	33 301.00	-898
05.08.2024	33 476.00	175
06.08.2024	33 223.00	-253
07.08.2024	33 307.00	84
08.08.2024	33 925.50	618.5
09.08.2024	34 188.50	263
12.08.2024	34 156.00	-32.5
13.08.2024	34 459.50	303.5
14.08.2024	34 783.50	324
15.08.2024	35 190.00	406.5
16.08.2024	35 352.50	162.5
19.08.2024	35 430.00	77.5
20.08.2024	35 484.50	54.5
21.08.2024	35 386.50	-98
22.08.2024	35 102.00	-284.5
23.08.2024	35 391.00	289
26.08.2024	35 138.50	-252.5
27.08.2024	35 034.50	-104
28.08.2024	34 746.50	-288
29.08.2024	34 870.50	124
30.08.2024	34 955.00	84.5
02.09.2024	34 997.00	42
03.09.2024	34 883.50	-113.5
04.09.2024	34 683.00	-200.5
05.09.2024	34 803.00	120
06.09.2024	34 917.00	114
09.09.2024	35 418.00	501
10.09.2024	35 348.50	-69.5
11.09.2024	35 937.00	588.5
12.09.2024	35 841.00	-96
13.09.2024	35 855.00	14
16.09.2024	35 784.00	-71
17.09.2024	35 905.00	121
18.09.2024	36 095.00	190
19.09.2024	36 445.50	350.5
20.09.2024	36 543.00	97.5
23.09.2024	36 473.50	-69.5
24.09.2024	36 525.50	52
25.09.2024	36 623.00	97.5
26.09.2024	37 075.00	452
27.09.2024	37 204.00	129
30.09.2024	37 124.50	-79.5
01.10.2024	37 244.50	120
02.10.2024	36 776.00	-468.5
03.10.2024	36 567.00	-209
04.10.2024	37 252.00	685
07.10.2024	37 017.00	-235
08.10.2024	37 428.50	411.5
09.10.2024	37 329.50	-99
10.10.2024	37 052.00	-277.5
11.10.2024	37 016.00	-36
14.10.2024	37 177.00	161
15.10.2024	36 981.50	-195.5
16.10.2024	36 918.00	-63.5
17.10.2024	36 925.00	7
18.10.2024	36 741.50	-183.5
21.10.2024	36 897.50	156
22.10.2024	36 962.50	65
23.10.2024	36 757.50	-205
24.10.2024	36 980.50	223
25.10.2024	37 291.50	311
28.10.2024	37 173.00	-118.5
29.10.2024	37 135.50	-37.5
30.10.2024	37 117.50	-18
31.10.2024	36 859.00	-258.5
01.11.2024	36 747.50	-111.5
04.11.2024	36 736.50	-11
05.11.2024	36 839.50	103
06.11.2024	37 255.00	415.5
07.11.2024	37 562.50	307.5
08.11.2024	37 600.50	38
11.11.2024	37 775.50	175
12.11.2024	37 648.00	-127.5
13.11.2024	37 771.00	123
14.11.2024	37 482.00	-289
15.11.2024	37 426.50	-55.5
18.11.2024	37 359.00	-67.5
19.11.2024	37 448.50	89.5
20.11.2024	37 381.50	-67
21.11.2024	37 798.50	417
22.11.2024	37 767.50	-31
25.11.2024	37 681.50	-86
26.11.2024	37 557.00	-124.5
27.11.2024	37 581.50	24.5
28.11.2024	37 620.00	38.5
29.11.2024	37 567.00	-53
02.12.2024	37 554.00	-13
03.12.2024	37 557.00	3
04.12.2024	37 820.50	263.5
05.12.2024	37 700.50	-120
06.12.2024	37 634.50	-66
09.12.2024	37 429.50	-205
10.12.2024	37 412.00	-17.5
11.12.2024	37 588.00	176
12.12.2024	37 591.00	3
13.12.2024	37 884.00	293
16.12.2024	38 272.00	388
17.12.2024	38 314.00	42
18.12.2024	38 354.00	40
19.12.2024	38 357.00	3
20.12.2024	38 455.00	98
23.12.2024	38 332.50	-122.5
24.12.2024	38 441.00	108.5
26.12.2024	38 550.50	109.5
27.12.2024	38 674.00	123.5
30.12.2024	38 647.50	-26.5
31.12.2024	38 760.50	113
02.01.2025	38 666.50	-94
03.01.2025	38 946.00	279.5
06.01.2025	39 320.00	374
07.01.2025	39 121.00	-199
08.01.2025	38 767.50	-353.5
09.01.2025	38 756.00	-11.5
10.01.2025	38 967.50	211.5
13.01.2025	38 716.50	-251
14.01.2025	38 754.50	38
15.01.2025	39 114.50	360
16.01.2025	38 595.00	-519.5
17.01.2025	38 782.00	187
20.01.2025	38 947.50	165.5
21.01.2025	39 204.00	256.5
22.01.2025	39 519.50	315.5
23.01.2025	39 399.00	-120.5
24.01.2025	39 339.50	-59.5
27.01.2025	39 565.00	225.5
28.01.2025	39 914.00	349
29.01.2025	39 917.50	3.5
30.01.2025	40 037.00	119.5
31.01.2025	40 290.50	253.5
03.02.2025	40 758.50	468
04.02.2025	40 792.50	34
05.02.2025	40 701.00	-91.5
06.02.2025	40 598.50	-102.5
07.02.2025	40 426.00	-172.5
10.02.2025	40 828.00	402
11.02.2025	40 801.00	-27
12.02.2025	40 811.50	10.5
13.02.2025	40 957.50	146
14.02.2025	40 856.00	-101.5
17.02.2025	40 849.00	-7
18.02.2025	40 757.50	-91.5
19.02.2025	40 940.50	183
20.02.2025	40 977.50	37
21.02.2025	41 134.00	156.5
24.02.2025	41 352.00	218
25.02.2025	41 403.50	51.5
26.02.2025	41 389.50	-14
27.02.2025	41 213.00	-176.5
28.02.2025	41 116.50	-96.5
03.03.2025	41 025.00	-91.5
04.03.2025	41 355.50	330.5
05.03.2025	41 279.00	-76.5
06.03.2025	40 516.50	-762.5
07.03.2025	40 520.50	4
10.03.2025	39 640.00	-880.5
11.03.2025	40 032.50	392.5
12.03.2025	40 242.50	210
13.03.2025	40 617.50	375
14.03.2025	41 064.00	446.5
17.03.2025	41 430.50	366.5
18.03.2025	41 331.50	-99
19.03.2025	41 353.50	22
20.03.2025	41 352.00	-1.5
21.03.2025	41 569.50	217.5
24.03.2025	41 574.00	4.5
25.03.2025	41 703.00	129
26.03.2025	41 565.50	-137.5
27.03.2025	41 183.50	-382
28.03.2025	40 634.00	-549.5
31.03.2025	40 572.00	-62
01.04.2025	41 387.00	815
02.04.2025	41 737.50	350.5
03.04.2025	40 991.00	-746.5
04.04.2025	39 439.00	-1 552.00
07.04.2025	40 520.00	1 081.00
08.04.2025	40 282.00	-238
09.04.2025	43 390.00	3 108.00
10.04.2025	42 543.50	-846.5
11.04.2025	43 538.00	994.5
14.04.2025	43 593.00	55
15.04.2025	43 845.00	252
16.04.2025	44 031.00	186
17.04.2025	44 259.00	228
21.04.2025	43 880.00	-379
22.04.2025	44 340.00	460
23.04.2025	44 599.00	259
24.04.2025	44 615.50	16.5
25.04.2025	44 535.00	-80.5
28.04.2025	44 776.00	241
29.04.2025	45 080.00	304
30.04.2025	45 466.00	386
01.05.2025	45 116.00	-350
02.05.2025	45 307.00	191
05.05.2025	45 130.00	-177
06.05.2025	44 466.50	-663.5
07.05.2025	44 001.00	-465.5
08.05.2025	44 320.00	319
09.05.2025	44 493.00	173
12.05.2025	45 213.00	720
13.05.2025	45 456.00	243
14.05.2025	45 654.00	198
15.05.2025	45 754.00	100
16.05.2025	45 897.50	143.5
19.05.2025	46 141.00	243.5
20.05.2025	46 219.00	78
21.05.2025	45 828.50	-390.5
22.05.2025	45 957.00	128.5
23.05.2025	46 052.50	95.5
26.05.2025	46 229.00	176.5
27.05.2025	46 065.50	-163.5
28.05.2025	45 639.50	-426
29.05.2025	45 789.00	149.5
30.05.2025	45 868.00	79
02.06.2025	45 937.50	69.5
03.06.2025	45 964.50	27
04.06.2025	45 825.00	-139.5
05.06.2025	45 735.50	-89.5
06.06.2025	45 747.00	11.5
09.06.2025	45 697.50	-49.5
10.06.2025	45 679.50	-18
11.06.2025	45 728.50	49
12.06.2025	45 679.50	-49
13.06.2025	45 356.00	-323.5
16.06.2025	45 585.50	229.5
17.06.2025	45 202.50	-383
18.06.2025	45 085.00	-117.5
19.06.2025	45 002.00	-83
20.06.2025	45 334.00	332
23.06.2025	45 565.00	231
24.06.2025	45 815.50	250.5
25.06.2025	45 856.00	40.5
26.06.2025	45 978.50	122.5
27.06.2025	46 128.50	150
30.06.2025	46 150.00	21.5
01.07.2025	45 959.50	-190.5
02.07.2025	46 102.00	142.5
03.07.2025	46 140.50	38.5
04.07.2025	45 866.50	-274
07.07.2025	45 484.00	-382.5
08.07.2025	45 481.00	-3
09.07.2025	45 735.00	254
10.07.2025	45 749.00	14
11.07.2025	45 675.00	-74
14.07.2025	45 902.50	227.5
15.07.2025	45 987.00	84.5
16.07.2025	45 998.00	11
17.07.2025	45 967.50	-30.5
18.07.2025	46 088.50	121
21.07.2025	46 229.50	141
22.07.2025	46 194.50	-35
23.07.2025	46 365.00	170.5
24.07.2025	46 205.00	-160
25.07.2025	46 060.00	-145
28.07.2025	46 011.50	-48.5
29.07.2025	45 869.00	-142.5
30.07.2025	45 763.50	-105.5
31.07.2025	45 486.50	-277
01.08.2025	45 075.50	-411
04.08.2025	45 263.50	188
05.08.2025	45 199.00	-64.5
06.08.2025	45 512.50	313.5
07.08.2025	45 767.00	254.5
08.08.2025	45 992.00	225
11.08.2025	45 878.00	-114
12.08.2025	46 144.50	266.5
13.08.2025	46 345.00	200.5
14.08.2025	46 326.00	-19
15.08.2025	46 311.50	-14.5
18.08.2025	46 271.00	-40.5
19.08.2025	46 184.00	-87
20.08.2025	46 442.00	258
21.08.2025	46 240.50	-201.5
22.08.2025	46 378.00	137.5
26.08.2025	46 442.50	64.5
27.08.2025	46 301.50	-141
28.08.2025	46 458.50	157
29.08.2025	46 024.00	-434.5
01.09.2025	46 000.00	-24
02.09.2025	46 246.00	246
03.09.2025	46 095.50	-150.5
04.09.2025	46 107.00	11.5
05.09.2025	46 157.00	50
08.09.2025	46 205.50	48.5
09.09.2025	46 251.00	45.5
10.09.2025	46 466.50	215.5
11.09.2025	46 954.00	487.5
12.09.2025	47 014.00	60
15.09.2025	47 157.50	143.5
16.09.2025	47 090.50	-67
17.09.2025	46 817.00	-273.5
18.09.2025	46 869.50	52.5
19.09.2025	46 967.00	97.5
22.09.2025	47 123.00	156
23.09.2025	46 978.50	-144.5
24.09.2025	46 990.50	12
25.09.2025	46 832.00	-158.5
26.09.2025	47 010.00	178
29.09.2025	47 019.50	9.5
30.09.2025	46 883.50	-136
01.10.2025	47 081.00	197.5
02.10.2025	47 365.00	284
03.10.2025	47 242.50	-122.5
06.10.2025	47 424.00	181.5
07.10.2025	47 516.00	92
08.10.2025	47 898.50	382.5
09.10.2025	47 790.00	-108.5
10.10.2025	47 820.00	30
